campaign_id,arm,run_id,plan,env,node_version,protocol_version,chain_id,profile,cell_id,backend,depth,partner_depth,op_seq,op,kind,proof_id,proof_j,leaf_index,from_account,to_contract,contract_name,contract_address,nonce,tx_type,gas_limit,gas_per_pubdata_limit,max_fee_per_gas_wei,expected_status,status,expected_revert,revert_reason,expected_return,return_value,check_pass,computational_gas,pubdata_bytes,pubdata_gas,gas_per_pubdata,gas_used,gas_used_derived,fee_trace_gas_limit,accounting_ok,calldata_bytes,calldata_sha256,raw_tx_bytes,factory_deps,bytecode_bytes,bytecode_hash,bytecode_matches_artifact,tx_hash,block_number,l1_batch_number,block_timestamp,effective_gas_price_wei,fee_semantics
CSI-CHAIN-LOCAL-01,L2-EraVM,full-l2-e97b69f-20260925T132901Z-b,full,L2-EraVM-anvil-zksync,anvil-zksync 0.6.11,Version29,260,primary,primary-groth16-d5,groth16,5,10,1,deploy_verifier,tx,,,,A0,,Groth16LegacyVerifierDepth5,0x588758d8a0Ad1162A6294f3C274753137E664aE0,0,113,20000000,50000,45250000,1,1,,,,,1,487466,3371,283164,84,769405,769405,20000000,1,132,ba9355c38a8104edd1b3d0495ba83f8ca373a6932a9f92d7a01b73e65ed12bf9,3322,1,3040,0x0100005fe1f7eb30ff73bf3a9f18dde1706f4fc092896fe69c2f23e554859b64,1,0x000e204ca1a431753759067cb870e6b33278cf4815db6ff768be21ce7b6621aa,1,1,1001,45250000,local_fixed_fee_input_derived
CSI-CHAIN-LOCAL-01,L2-EraVM,full-l2-e97b69f-20260925T132901Z-b,full,L2-EraVM-anvil-zksync,anvil-zksync 0.6.11,Version29,260,primary,primary-groth16-d5,groth16,5,10,2,deploy_manager,tx,,,,A0,,CredentialManagerGroth16,0x6B828bcb33305478cd7d27eB323F5C5B7b4aFdbe,1,113,20000000,50000,45250000,1,1,,,,,1,730737,5389,452676,84,1181454,1181454,20000000,1,164,a7a9ebb5b6128cae73685632e104199605917f6da6298e585bd96b4abfb483a3,7066,1,6752,0x010000d37155e3640948296be420258a2e1a98adb16b55738b817247e9fd54eb,1,0x8c110816e7925ea29a351117dd169a87e466e2a5d8c5c6e0c8321ff79f631cf9,3,2,1003,45250000,local_fixed_fee_input_derived
CSI-CHAIN-LOCAL-01,L2-EraVM,full-l2-e97b69f-20260925T132901Z-b,full,L2-EraVM-anvil-zksync,anvil-zksync 0.6.11,Version29,260,primary,primary-groth16-d5,groth16,5,10,3,set_issuer,tx,,,,A0,manager,CredentialManagerGroth16,0x6B828bcb33305478cd7d27eB323F5C5B7b4aFdbe,2,113,2000000,50000,45250000,1,1,,,,,1,124477,51,4284,84,128742,128742,2000000,1,68,727fd06686258f939093f54b4f3c375b0f3052da4ba7867e73d6f93a90702a06,211,0,,,,0x713564879c8aff6031e6624c8058f345711ab28df94e9be12b15a64f20b02b53,5,3,1005,45250000,local_fixed_fee_input_derived
CSI-CHAIN-LOCAL-01,L2-EraVM,full-l2-e97b69f-20260925T132901Z-b,full,L2-EraVM-anvil-zksync,anvil-zksync 0.6.11,Version29,260,primary,primary-groth16-d5,groth16,5,10,4,add_root,tx,,,,A0,manager,CredentialManagerGroth16,0x6B828bcb33305478cd7d27eB323F5C5B7b4aFdbe,3,113,2000000,50000,45250000,1,1,,,,,1,124797,51,4284,84,129062,129062,2000000,1,36,b91c4cff980f8874fb8d0fca3dd2b3046defc125bb26b20f9f41f40dec3d44ad,178,0,,,,0x5e364c59718431f15f59f71461e49a4af077fe9c2edb59374c5128c3809ac4fa,7,4,1007,45250000,local_fixed_fee_input_derived
CSI-CHAIN-LOCAL-01,L2-EraVM,full-l2-e97b69f-20260925T132901Z-b,full,L2-EraVM-anvil-zksync,anvil-zksync 0.6.11,Version29,260,primary,primary-groth16-d5,groth16,5,10,5,precheck_call,call,G16-d5-p0,0,2,A0,manager,CredentialManagerGroth16,0x6B828bcb33305478cd7d27eB323F5C5B7b4aFdbe,,,,,,call,call,,,true,true,1,,,,,,,,,292,5837cb8f85853d1b4c5630e24fd145aeeb696d2dcc92dcf8c0220201ca5ef8a8,,,,,,,,,,,local_fixed_fee_input_derived
CSI-CHAIN-LOCAL-01,L2-EraVM,full-l2-e97b69f-20260925T132901Z-b,full,L2-EraVM-anvil-zksync,anvil-zksync 0.6.11,Version29,260,primary,primary-groth16-d5,groth16,5,10,6,verify_credential,tx,G16-d5-p0,0,2,A0,manager,CredentialManagerGroth16,0x6B828bcb33305478cd7d27eB323F5C5B7b4aFdbe,4,113,10000000,50000,45250000,1,1,,,true,true,1,451324,18,1512,84,452829,452829,10000000,1,292,5837cb8f85853d1b4c5630e24fd145aeeb696d2dcc92dcf8c0220201ca5ef8a8,437,0,,,,0x1126c7cc680225882b677ea854fb1032b6aff536cf286ccfdff4b5f9869f0ebd,9,5,1009,45250000,local_fixed_fee_input_derived
CSI-CHAIN-LOCAL-01,L2-EraVM,full-l2-e97b69f-20260925T132901Z-b,full,L2-EraVM-anvil-zksync,anvil-zksync 0.6.11,Version29,260,primary,primary-groth16-d5,groth16,5,10,7,verify_credential,tx,G16-d5-p1,1,6,A0,manager,CredentialManagerGroth16,0x6B828bcb33305478cd7d27eB323F5C5B7b4aFdbe,5,113,10000000,50000,45250000,1,1,,,true,true,1,451324,18,1512,84,452829,452829,10000000,1,292,77081f141b0a9545515f5634b68ce1c62baf696b804c1dca43a47a4c1315c347,437,0,,,,0x52c92402aecf8ca6b7821bbd66abdf8516c93ad2aed005378a46ac5392cf459c,11,6,1011,45250000,local_fixed_fee_input_derived
CSI-CHAIN-LOCAL-01,L2-EraVM,full-l2-e97b69f-20260925T132901Z-b,full,L2-EraVM-anvil-zksync,anvil-zksync 0.6.11,Version29,260,primary,primary-groth16-d5,groth16,5,10,8,verify_credential,tx,G16-d5-p2,2,10,A0,manager,CredentialManagerGroth16,0x6B828bcb33305478cd7d27eB323F5C5B7b4aFdbe,6,113,10000000,50000,45250000,1,1,,,true,true,1,451324,18,1512,84,452829,452829,10000000,1,292,0eb8507a498849ef0b107b12dc37664043f43ccb264665284d857cbd6e9a9447,437,0,,,,0xb7988380b89febb408827c406a9b7786c4fe397d09aa0a3b841775b46df78913,13,7,1013,45250000,local_fixed_fee_input_derived
CSI-CHAIN-LOCAL-01,L2-EraVM,full-l2-e97b69f-20260925T132901Z-b,full,L2-EraVM-anvil-zksync,anvil-zksync 0.6.11,Version29,260,primary,primary-groth16-d5,groth16,5,10,9,verify_credential,tx,G16-d5-p3,3,14,A0,manager,CredentialManagerGroth16,0x6B828bcb33305478cd7d27eB323F5C5B7b4aFdbe,7,113,10000000,50000,45250000,1,1,,,true,true,1,451324,18,1512,84,452829,452829,10000000,1,292,9989e21fd9b136f60c79b292cec0791d6024260adc3bfd6e58f367783c9579d6,437,0,,,,0x867485f8bcba8425479ac038a93e7fc0e2c1ef6c425dae9569d55acc468c60ff,15,8,1015,45250000,local_fixed_fee_input_derived
CSI-CHAIN-LOCAL-01,L2-EraVM,full-l2-e97b69f-20260925T132901Z-b,full,L2-EraVM-anvil-zksync,anvil-zksync 0.6.11,Version29,260,primary,primary-groth16-d5,groth16,5,10,10,verify_credential,tx,G16-d5-p4,4,18,A0,manager,CredentialManagerGroth16,0x6B828bcb33305478cd7d27eB323F5C5B7b4aFdbe,8,113,10000000,50000,45250000,1,1,,,true,true,1,451324,18,1512,84,452829,452829,10000000,1,292,126cc5e35860522ddfe1ae9d3b0c5e9255612d37d259f6403d9aa1179529885e,437,0,,,,0x14219fd4610d4c91ba5d87a8824c296ee737a89824b5b6c80da9fe343615d3f0,17,9,1017,45250000,local_fixed_fee_input_derived
CSI-CHAIN-LOCAL-01,L2-EraVM,full-l2-e97b69f-20260925T132901Z-b,full,L2-EraVM-anvil-zksync,anvil-zksync 0.6.11,Version29,260,primary,primary-groth16-d5,groth16,5,10,11,verify_credential,tx,G16-d5-p5,5,22,A0,manager,CredentialManagerGroth16,0x6B828bcb33305478cd7d27eB323F5C5B7b4aFdbe,9,113,10000000,50000,45250000,1,1,,,true,true,1,451324,18,1512,84,452829,452829,10000000,1,292,ee37913f96e71bf93249ef1fa07b7424ce69eb921427126963d720ec2bff5e42,437,0,,,,0x397cb92329d660fd5081942296244ba5429775652da1a8e504c04f93582cb800,19,10,1019,45250000,local_fixed_fee_input_derived
CSI-CHAIN-LOCAL-01,L2-EraVM,full-l2-e97b69f-20260925T132901Z-b,full,L2-EraVM-anvil-zksync,anvil-zksync 0.6.11,Version29,260,primary,primary-groth16-d5,groth16,5,10,12,verify_credential,tx,G16-d5-p6,6,26,A0,manager,CredentialManagerGroth16,0x6B828bcb33305478cd7d27eB323F5C5B7b4aFdbe,10,113,10000000,50000,45250000,1,1,,,true,true,1,451324,18,1512,84,452829,452829,10000000,1,292,043f856bdbe25ea270d02aa67d222e3005979fc789670f602334c12da69262c0,437,0,,,,0x9a378798861f3def572448ebe12e7ea580563eef5b983f8f58dc8882efa23b95,21,11,1021,45250000,local_fixed_fee_input_derived
CSI-CHAIN-LOCAL-01,L2-EraVM,full-l2-e97b69f-20260925T132901Z-b,full,L2-EraVM-anvil-zksync,anvil-zksync 0.6.11,Version29,260,primary,primary-groth16-d5,groth16,5,10,13,verify_credential,tx,G16-d5-p7,7,30,A0,manager,CredentialManagerGroth16,0x6B828bcb33305478cd7d27eB323F5C5B7b4aFdbe,11,113,10000000,50000,45250000,1,1,,,true,true,1,451324,18,1512,84,452829,452829,10000000,1,292,72a370fd6c6e8ea0a64309d7537b70ba5dc4f3d3948713988b7c144211a78be9,437,0,,,,0x44bc2fd568c45523cffb831130f1961e176a03f6181057d5af84ddc6d45d938a,23,12,1023,45250000,local_fixed_fee_input_derived
CSI-CHAIN-LOCAL-01,L2-EraVM,full-l2-e97b69f-20260925T132901Z-b,full,L2-EraVM-anvil-zksync,anvil-zksync 0.6.11,Version29,260,primary,primary-groth16-d5,groth16,5,10,14,verify_proof_call,call,G16-d5-p0,0,2,A0,verifier,Groth16LegacyVerifierDepth5,0x588758d8a0Ad1162A6294f3C274753137E664aE0,,,,,,call,call,,,true,true,1,,,,,,,,,292,38f356f938ae3972d0d16abf8b3d053f411f73f5e13f61d42c5093a3e09bf3e3,,,,,,,,,,,local_fixed_fee_input_derived
CSI-CHAIN-LOCAL-01,L2-EraVM,full-l2-e97b69f-20260925T132901Z-b,full,L2-EraVM-anvil-zksync,anvil-zksync 0.6.11,Version29,260,primary,primary-groth16-d5,groth16,5,10,15,verify_proof_call,call,G16-d5-p1,1,6,A0,verifier,Groth16LegacyVerifierDepth5,0x588758d8a0Ad1162A6294f3C274753137E664aE0,,,,,,call,call,,,true,true,1,,,,,,,,,292,a370a18d9c39377115545ba9af7615da222dc733a39c1b2c32fb2b9c4b33086f,,,,,,,,,,,local_fixed_fee_input_derived
CSI-CHAIN-LOCAL-01,L2-EraVM,full-l2-e97b69f-20260925T132901Z-b,full,L2-EraVM-anvil-zksync,anvil-zksync 0.6.11,Version29,260,primary,primary-groth16-d5,groth16,5,10,16,verify_proof_call,call,G16-d5-p2,2,10,A0,verifier,Groth16LegacyVerifierDepth5,0x588758d8a0Ad1162A6294f3C274753137E664aE0,,,,,,call,call,,,true,true,1,,,,,,,,,292,0d2d7d3aa3af7b66c607f41e3d721b8b42df5a3c86cee0d579ed2b26d5fed439,,,,,,,,,,,local_fixed_fee_input_derived
CSI-CHAIN-LOCAL-01,L2-EraVM,full-l2-e97b69f-20260925T132901Z-b,full,L2-EraVM-anvil-zksync,anvil-zksync 0.6.11,Version29,260,primary,primary-groth16-d5,groth16,5,10,17,verify_proof_call,call,G16-d5-p3,3,14,A0,verifier,Groth16LegacyVerifierDepth5,0x588758d8a0Ad1162A6294f3C274753137E664aE0,,,,,,call,call,,,true,true,1,,,,,,,,,292,0d788cabedc8faadf7f6192d7b7e3442591799b8d0f61f669d8e7044ff55b0d9,,,,,,,,,,,local_fixed_fee_input_derived
CSI-CHAIN-LOCAL-01,L2-EraVM,full-l2-e97b69f-20260925T132901Z-b,full,L2-EraVM-anvil-zksync,anvil-zksync 0.6.11,Version29,260,primary,primary-groth16-d5,groth16,5,10,18,verify_proof_call,call,G16-d5-p4,4,18,A0,verifier,Groth16LegacyVerifierDepth5,0x588758d8a0Ad1162A6294f3C274753137E664aE0,,,,,,call,call,,,true,true,1,,,,,,,,,292,8591dd32989bc600ebb0687f8686fdfb4796e90641751cf75de255ad63d285cb,,,,,,,,,,,local_fixed_fee_input_derived
CSI-CHAIN-LOCAL-01,L2-EraVM,full-l2-e97b69f-20260925T132901Z-b,full,L2-EraVM-anvil-zksync,anvil-zksync 0.6.11,Version29,260,primary,primary-groth16-d5,groth16,5,10,19,verify_proof_call,call,G16-d5-p5,5,22,A0,verifier,Groth16LegacyVerifierDepth5,0x588758d8a0Ad1162A6294f3C274753137E664aE0,,,,,,call,call,,,true,true,1,,,,,,,,,292,dde6e93a83ef8d8c28aaca9695ecffbc6f440d9d59cb4af669fcab2919339b70,,,,,,,,,,,local_fixed_fee_input_derived
CSI-CHAIN-LOCAL-01,L2-EraVM,full-l2-e97b69f-20260925T132901Z-b,full,L2-EraVM-anvil-zksync,anvil-zksync 0.6.11,Version29,260,primary,primary-groth16-d5,groth16,5,10,20,verify_proof_call,call,G16-d5-p6,6,26,A0,verifier,Groth16LegacyVerifierDepth5,0x588758d8a0Ad1162A6294f3C274753137E664aE0,,,,,,call,call,,,true,true,1,,,,,,,,,292,134926e4c635b7604bf798d424277df349d6073939e82a9a7aef5eb94f449937,,,,,,,,,,,local_fixed_fee_input_derived
CSI-CHAIN-LOCAL-01,L2-EraVM,full-l2-e97b69f-20260925T132901Z-b,full,L2-EraVM-anvil-zksync,anvil-zksync 0.6.11,Version29,260,primary,primary-groth16-d5,groth16,5,10,21,verify_proof_call,call,G16-d5-p7,7,30,A0,verifier,Groth16LegacyVerifierDepth5,0x588758d8a0Ad1162A6294f3C274753137E664aE0,,,,,,call,call,,,true,true,1,,,,,,,,,292,024d66f792d9241cd6ae6f266bc9afd2d46efc8121690d56662f47852300733d,,,,,,,,,,,local_fixed_fee_input_derived
CSI-CHAIN-LOCAL-01,L2-EraVM,full-l2-e97b69f-20260925T132901Z-b,full,L2-EraVM-anvil-zksync,anvil-zksync 0.6.11,Version29,260,primary,primary-groth16-d5,groth16,5,10,22,verify_proof_direct,tx,G16-d5-p0,0,2,A0,verifier,Groth16LegacyVerifierDepth5,0x588758d8a0Ad1162A6294f3C274753137E664aE0,12,113,10000000,50000,45250000,1,1,,,true,true,1,444311,18,1512,84,445816,445816,10000000,1,292,38f356f938ae3972d0d16abf8b3d053f411f73f5e13f61d42c5093a3e09bf3e3,437,0,,,,0xe665ff15ff7f139a7c24feb4d471f82bef1dcc2add140e6927f56bb0719f94cd,25,13,1025,45250000,local_fixed_fee_input_derived
CSI-CHAIN-LOCAL-01,L2-EraVM,full-l2-e97b69f-20260925T132901Z-b,full,L2-EraVM-anvil-zksync,anvil-zksync 0.6.11,Version29,260,primary,primary-groth16-d5,groth16,5,10,23,verify_proof_direct,tx,G16-d5-p1,1,6,A0,verifier,Groth16LegacyVerifierDepth5,0x588758d8a0Ad1162A6294f3C274753137E664aE0,13,113,10000000,50000,45250000,1,1,,,true,true,1,444311,18,1512,84,445816,445816,10000000,1,292,a370a18d9c39377115545ba9af7615da222dc733a39c1b2c32fb2b9c4b33086f,437,0,,,,0x954e010e7ccdbf9f733a411c05ff9af8c5319d8a3ed730adb8df279c5022825e,27,14,1027,45250000,local_fixed_fee_input_derived
CSI-CHAIN-LOCAL-01,L2-EraVM,full-l2-e97b69f-20260925T132901Z-b,full,L2-EraVM-anvil-zksync,anvil-zksync 0.6.11,Version29,260,primary,primary-groth16-d5,groth16,5,10,24,verify_proof_direct,tx,G16-d5-p2,2,10,A0,verifier,Groth16LegacyVerifierDepth5,0x588758d8a0Ad1162A6294f3C274753137E664aE0,14,113,10000000,50000,45250000,1,1,,,true,true,1,444311,18,1512,84,445816,445816,10000000,1,292,0d2d7d3aa3af7b66c607f41e3d721b8b42df5a3c86cee0d579ed2b26d5fed439,437,0,,,,0x44e9524df816c2b0675278b839481d2bb0de80895117c1fde626e35663a05898,29,15,1029,45250000,local_fixed_fee_input_derived
CSI-CHAIN-LOCAL-01,L2-EraVM,full-l2-e97b69f-20260925T132901Z-b,full,L2-EraVM-anvil-zksync,anvil-zksync 0.6.11,Version29,260,primary,primary-groth16-d5,groth16,5,10,25,verify_proof_direct,tx,G16-d5-p3,3,14,A0,verifier,Groth16LegacyVerifierDepth5,0x588758d8a0Ad1162A6294f3C274753137E664aE0,15,113,10000000,50000,45250000,1,1,,,true,true,1,444311,18,1512,84,445816,445816,10000000,1,292,0d788cabedc8faadf7f6192d7b7e3442591799b8d0f61f669d8e7044ff55b0d9,437,0,,,,0x38e527c2854ee71d1dfd27b148831ed2e864d689749828397388a156b2369c3a,31,16,1031,45250000,local_fixed_fee_input_derived
CSI-CHAIN-LOCAL-01,L2-EraVM,full-l2-e97b69f-20260925T132901Z-b,full,L2-EraVM-anvil-zksync,anvil-zksync 0.6.11,Version29,260,primary,primary-groth16-d5,groth16,5,10,26,verify_proof_direct,tx,G16-d5-p4,4,18,A0,verifier,Groth16LegacyVerifierDepth5,0x588758d8a0Ad1162A6294f3C274753137E664aE0,16,113,10000000,50000,45250000,1,1,,,true,true,1,444311,18,1512,84,445816,445816,10000000,1,292,8591dd32989bc600ebb0687f8686fdfb4796e90641751cf75de255ad63d285cb,437,0,,,,0x9f3481c81adecd425b80ffb78a34951d9b0e123a6442815d6bc07583ee1c64b8,33,17,1033,45250000,local_fixed_fee_input_derived
CSI-CHAIN-LOCAL-01,L2-EraVM,full-l2-e97b69f-20260925T132901Z-b,full,L2-EraVM-anvil-zksync,anvil-zksync 0.6.11,Version29,260,primary,primary-groth16-d5,groth16,5,10,27,verify_proof_direct,tx,G16-d5-p5,5,22,A0,verifier,Groth16LegacyVerifierDepth5,0x588758d8a0Ad1162A6294f3C274753137E664aE0,17,113,10000000,50000,45250000,1,1,,,true,true,1,444311,18,1512,84,445816,445816,10000000,1,292,dde6e93a83ef8d8c28aaca9695ecffbc6f440d9d59cb4af669fcab2919339b70,437,0,,,,0xea8bbe3d0663ae58e46f03e9cf70fe9fe2402957a02356bc6868cdafc69a19f4,35,18,1035,45250000,local_fixed_fee_input_derived
CSI-CHAIN-LOCAL-01,L2-EraVM,full-l2-e97b69f-20260925T132901Z-b,full,L2-EraVM-anvil-zksync,anvil-zksync 0.6.11,Version29,260,primary,primary-groth16-d5,groth16,5,10,28,verify_proof_direct,tx,G16-d5-p6,6,26,A0,verifier,Groth16LegacyVerifierDepth5,0x588758d8a0Ad1162A6294f3C274753137E664aE0,18,113,10000000,50000,45250000,1,1,,,true,true,1,444311,18,1512,84,445816,445816,10000000,1,292,134926e4c635b7604bf798d424277df349d6073939e82a9a7aef5eb94f449937,437,0,,,,0x2755027d995fd33d3e83e12bc6e84c2ab10d64943263607bc8c06c3e4d56c74f,37,19,1037,45250000,local_fixed_fee_input_derived
CSI-CHAIN-LOCAL-01,L2-EraVM,full-l2-e97b69f-20260925T132901Z-b,full,L2-EraVM-anvil-zksync,anvil-zksync 0.6.11,Version29,260,primary,primary-groth16-d5,groth16,5,10,29,verify_proof_direct,tx,G16-d5-p7,7,30,A0,verifier,Groth16LegacyVerifierDepth5,0x588758d8a0Ad1162A6294f3C274753137E664aE0,19,113,10000000,50000,45250000,1,1,,,true,true,1,444311,18,1512,84,445816,445816,10000000,1,292,024d66f792d9241cd6ae6f266bc9afd2d46efc8121690d56662f47852300733d,437,0,,,,0x090302c012eb6cb2f48d1d1a3494075a685b7c735662842fbef0d10336ba3a73,39,20,1039,45250000,local_fixed_fee_input_derived
CSI-CHAIN-LOCAL-01,L2-EraVM,full-l2-e97b69f-20260925T132901Z-b,full,L2-EraVM-anvil-zksync,anvil-zksync 0.6.11,Version29,260,primary,primary-groth16-d5,groth16,5,10,30,neg_unknown_root,tx,G16-d10-p0,0,64,A0,manager,CredentialManagerGroth16,0x6B828bcb33305478cd7d27eB323F5C5B7b4aFdbe,20,113,10000000,50000,45250000,0,0,Invalid root,Invalid root,,,1,118680,18,1512,84,120185,120185,10000000,1,292,9730c9450f195fc730e64f4d7205cbf45b26ff9f17580d9d401e13400ba0e3aa,437,0,,,,0x72b2b1e69e11dbccd99fb090f06d9d1a530a56a5fe1a5428f7c2051980f10faf,41,21,1041,45250000,local_fixed_fee_input_derived
CSI-CHAIN-LOCAL-01,L2-EraVM,full-l2-e97b69f-20260925T132901Z-b,full,L2-EraVM-anvil-zksync,anvil-zksync 0.6.11,Version29,260,primary,primary-groth16-d5,groth16,5,10,31,neg_tampered_call,call,G16-d5-p0,0,2,A0,verifier,Groth16LegacyVerifierDepth5,0x588758d8a0Ad1162A6294f3C274753137E664aE0,,,,,,call,call,,,false,false,1,,,,,,,,,292,5169eaca91f388b9c453d6920bfc9ce86df4f28ac6f0c930b136dab1d05064cc,,,,,,,,,,,local_fixed_fee_input_derived
CSI-CHAIN-LOCAL-01,L2-EraVM,full-l2-e97b69f-20260925T132901Z-b,full,L2-EraVM-anvil-zksync,anvil-zksync 0.6.11,Version29,260,primary,primary-groth16-d5,groth16,5,10,32,neg_tampered,tx,G16-d5-p0,0,2,A0,manager,CredentialManagerGroth16,0x6B828bcb33305478cd7d27eB323F5C5B7b4aFdbe,21,113,10000000,50000,45250000,0,0,Invalid proof,Invalid proof,,,1,451051,18,1512,84,452556,452556,10000000,1,292,3706b086d0a5ec6b62119ecca236a168e121207ecd0d35c0be12cc6ee34c92c1,437,0,,,,0xefbe417b5e0b6db5b2511494f8f9d0d532243c3a581877b1d2cd167abb39c1df,43,22,1043,45250000,local_fixed_fee_input_derived
CSI-CHAIN-LOCAL-01,L2-EraVM,full-l2-e97b69f-20260925T132901Z-b,full,L2-EraVM-anvil-zksync,anvil-zksync 0.6.11,Version29,260,primary,primary-groth16-d5,groth16,5,10,33,neg_cross_depth_setup,tx,G16-d10-p0,0,64,A0,manager,CredentialManagerGroth16,0x6B828bcb33305478cd7d27eB323F5C5B7b4aFdbe,22,113,2000000,50000,45250000,1,1,,,,,1,124797,51,4284,84,129062,129062,2000000,1,36,c70e0fc0dcce1b144b1b3352307a21f93a93f2fce4e70bc9dec9627a6e721205,178,0,,,,0xfc75fc3e5816b0f6c5d4594263c6f0cb97a39b2c80dbe0c7177a55e558c2e197,45,23,1045,45250000,local_fixed_fee_input_derived
CSI-CHAIN-LOCAL-01,L2-EraVM,full-l2-e97b69f-20260925T132901Z-b,full,L2-EraVM-anvil-zksync,anvil-zksync 0.6.11,Version29,260,primary,primary-groth16-d5,groth16,5,10,34,neg_cross_depth_call,call,G16-d10-p0,0,64,A0,verifier,Groth16LegacyVerifierDepth5,0x588758d8a0Ad1162A6294f3C274753137E664aE0,,,,,,call,call,,,false,false,1,,,,,,,,,292,00d891db3117c020bf1d8ac8aacda4825f46fbd4c9b717316cfac8afe0a258f1,,,,,,,,,,,local_fixed_fee_input_derived
CSI-CHAIN-LOCAL-01,L2-EraVM,full-l2-e97b69f-20260925T132901Z-b,full,L2-EraVM-anvil-zksync,anvil-zksync 0.6.11,Version29,260,primary,primary-groth16-d5,groth16,5,10,35,neg_cross_depth,tx,G16-d10-p0,0,64,A0,manager,CredentialManagerGroth16,0x6B828bcb33305478cd7d27eB323F5C5B7b4aFdbe,23,113,10000000,50000,45250000,0,0,Invalid proof,Invalid proof,,,1,451089,18,1512,84,452594,452594,10000000,1,292,9730c9450f195fc730e64f4d7205cbf45b26ff9f17580d9d401e13400ba0e3aa,437,0,,,,0xbc0c30ccad8a312322c968f4db31d036c201994ce81fb1423ac402b9dc4dbf21,47,24,1047,45250000,local_fixed_fee_input_derived
CSI-CHAIN-LOCAL-01,L2-EraVM,full-l2-e97b69f-20260925T132901Z-b,full,L2-EraVM-anvil-zksync,anvil-zksync 0.6.11,Version29,260,primary,primary-groth16-d5,groth16,5,10,36,neg_non_issuer,tx,G16-d5-p0,0,2,A1,manager,CredentialManagerGroth16,0x6B828bcb33305478cd7d27eB323F5C5B7b4aFdbe,0,113,2000000,50000,45250000,0,0,CredentialManager: not issuer,CredentialManager: not issuer,,,1,118599,45,3780,84,122362,122362,2000000,1,36,b91c4cff980f8874fb8d0fca3dd2b3046defc125bb26b20f9f41f40dec3d44ad,178,0,,,,0x9942be09712475aea01e4b86ff7e929c5dc4cf38deddf130e36a735872b26093,49,25,1049,45250000,local_fixed_fee_input_derived
CSI-CHAIN-LOCAL-01,L2-EraVM,full-l2-e97b69f-20260925T132901Z-b,full,L2-EraVM-anvil-zksync,anvil-zksync 0.6.11,Version29,260,primary,primary-groth16-d10,groth16,10,11,1,deploy_verifier,tx,,,,A0,,Groth16LegacyVerifierDepth10,0x588758d8a0Ad1162A6294f3C274753137E664aE0,0,113,20000000,50000,45250000,1,1,,,,,1,487466,3371,283164,84,769405,769405,20000000,1,132,3b3dac06591597fdd39a9c30923de12758f61522995c1f12284830d6ad5c37f6,3322,1,3040,0x0100005f6d9e45181edea5c8b96077efc04e7b3bac094201038cf8e0b4224cdb,1,0x217429b625ccda1e87ac6cc2cfae49927d2d4da0c1f1a07b1296f8a7fcd21f0b,1,1,1001,45250000,local_fixed_fee_input_derived
CSI-CHAIN-LOCAL-01,L2-EraVM,full-l2-e97b69f-20260925T132901Z-b,full,L2-EraVM-anvil-zksync,anvil-zksync 0.6.11,Version29,260,primary,primary-groth16-d10,groth16,10,11,2,deploy_manager,tx,,,,A0,,CredentialManagerGroth16,0x6B828bcb33305478cd7d27eB323F5C5B7b4aFdbe,1,113,20000000,50000,45250000,1,1,,,,,1,730737,5389,452676,84,1181454,1181454,20000000,1,164,a7a9ebb5b6128cae73685632e104199605917f6da6298e585bd96b4abfb483a3,7066,1,6752,0x010000d37155e3640948296be420258a2e1a98adb16b55738b817247e9fd54eb,1,0x8c110816e7925ea29a351117dd169a87e466e2a5d8c5c6e0c8321ff79f631cf9,3,2,1003,45250000,local_fixed_fee_input_derived
CSI-CHAIN-LOCAL-01,L2-EraVM,full-l2-e97b69f-20260925T132901Z-b,full,L2-EraVM-anvil-zksync,anvil-zksync 0.6.11,Version29,260,primary,primary-groth16-d10,groth16,10,11,3,set_issuer,tx,,,,A0,manager,CredentialManagerGroth16,0x6B828bcb33305478cd7d27eB323F5C5B7b4aFdbe,2,113,2000000,50000,45250000,1,1,,,,,1,124477,51,4284,84,128742,128742,2000000,1,68,727fd06686258f939093f54b4f3c375b0f3052da4ba7867e73d6f93a90702a06,211,0,,,,0x713564879c8aff6031e6624c8058f345711ab28df94e9be12b15a64f20b02b53,5,3,1005,45250000,local_fixed_fee_input_derived
CSI-CHAIN-LOCAL-01,L2-EraVM,full-l2-e97b69f-20260925T132901Z-b,full,L2-EraVM-anvil-zksync,anvil-zksync 0.6.11,Version29,260,primary,primary-groth16-d10,groth16,10,11,4,add_root,tx,,,,A0,manager,CredentialManagerGroth16,0x6B828bcb33305478cd7d27eB323F5C5B7b4aFdbe,3,113,2000000,50000,45250000,1,1,,,,,1,124797,51,4284,84,129062,129062,2000000,1,36,c70e0fc0dcce1b144b1b3352307a21f93a93f2fce4e70bc9dec9627a6e721205,178,0,,,,0x2e453c3dbcfe5b81e50259da72bb3c08a6cea04f063723fed6747de0d9caa191,7,4,1007,45250000,local_fixed_fee_input_derived
CSI-CHAIN-LOCAL-01,L2-EraVM,full-l2-e97b69f-20260925T132901Z-b,full,L2-EraVM-anvil-zksync,anvil-zksync 0.6.11,Version29,260,primary,primary-groth16-d10,groth16,10,11,5,precheck_call,call,G16-d10-p0,0,64,A0,manager,CredentialManagerGroth16,0x6B828bcb33305478cd7d27eB323F5C5B7b4aFdbe,,,,,,call,call,,,true,true,1,,,,,,,,,292,9730c9450f195fc730e64f4d7205cbf45b26ff9f17580d9d401e13400ba0e3aa,,,,,,,,,,,local_fixed_fee_input_derived
CSI-CHAIN-LOCAL-01,L2-EraVM,full-l2-e97b69f-20260925T132901Z-b,full,L2-EraVM-anvil-zksync,anvil-zksync 0.6.11,Version29,260,primary,primary-groth16-d10,groth16,10,11,6,verify_credential,tx,G16-d10-p0,0,64,A0,manager,CredentialManagerGroth16,0x6B828bcb33305478cd7d27eB323F5C5B7b4aFdbe,4,113,10000000,50000,45250000,1,1,,,true,true,1,451324,18,1512,84,452829,452829,10000000,1,292,9730c9450f195fc730e64f4d7205cbf45b26ff9f17580d9d401e13400ba0e3aa,437,0,,,,0x3f67190c32dc86a333835fdcda90651f297dc3832025dfce921528fc97ae1b84,9,5,1009,45250000,local_fixed_fee_input_derived
CSI-CHAIN-LOCAL-01,L2-EraVM,full-l2-e97b69f-20260925T132901Z-b,full,L2-EraVM-anvil-zksync,anvil-zksync 0.6.11,Version29,260,primary,primary-groth16-d10,groth16,10,11,7,verify_credential,tx,G16-d10-p1,1,192,A0,manager,CredentialManagerGroth16,0x6B828bcb33305478cd7d27eB323F5C5B7b4aFdbe,5,113,10000000,50000,45250000,1,1,,,true,true,1,451324,18,1512,84,452829,452829,10000000,1,292,ce971fb7c04ab6242abe8dc45051c213fc5eb3f431718bc559102945e2f5ac7f,437,0,,,,0xce0563369a05674be2efd058bfcb33b4e011fb1a9af7b1d3db5046903fbb9975,11,6,1011,45250000,local_fixed_fee_input_derived
CSI-CHAIN-LOCAL-01,L2-EraVM,full-l2-e97b69f-20260925T132901Z-b,full,L2-EraVM-anvil-zksync,anvil-zksync 0.6.11,Version29,260,primary,primary-groth16-d10,groth16,10,11,8,verify_credential,tx,G16-d10-p2,2,320,A0,manager,CredentialManagerGroth16,0x6B828bcb33305478cd7d27eB323F5C5B7b4aFdbe,6,113,10000000,50000,45250000,1,1,,,true,true,1,451324,18,1512,84,452829,452829,10000000,1,292,05488c1efe57727918a2f30464f34ab7190a523470bb1e28b2cbf273b7bc9ff0,437,0,,,,0x5a6b7ad03fc759c84d2e663c3bf888535bf1e04eab19a0b93617550692ed48bd,13,7,1013,45250000,local_fixed_fee_input_derived
CSI-CHAIN-LOCAL-01,L2-EraVM,full-l2-e97b69f-20260925T132901Z-b,full,L2-EraVM-anvil-zksync,anvil-zksync 0.6.11,Version29,260,primary,primary-groth16-d10,groth16,10,11,9,verify_credential,tx,G16-d10-p3,3,448,A0,manager,CredentialManagerGroth16,0x6B828bcb33305478cd7d27eB323F5C5B7b4aFdbe,7,113,10000000,50000,45250000,1,1,,,true,true,1,451324,18,1512,84,452829,452829,10000000,1,292,00e8073ce3e12ba5e382dcec248de28e00464a544418fc70d94f21d469d9db71,437,0,,,,0x3d220ec16e88b8e8611d9e4a8d43ebb2876bbfad66870716b5f1c57760b1d3e2,15,8,1015,45250000,local_fixed_fee_input_derived
CSI-CHAIN-LOCAL-01,L2-EraVM,full-l2-e97b69f-20260925T132901Z-b,full,L2-EraVM-anvil-zksync,anvil-zksync 0.6.11,Version29,260,primary,primary-groth16-d10,groth16,10,11,10,verify_credential,tx,G16-d10-p4,4,576,A0,manager,CredentialManagerGroth16,0x6B828bcb33305478cd7d27eB323F5C5B7b4aFdbe,8,113,10000000,50000,45250000,1,1,,,true,true,1,451324,18,1512,84,452829,452829,10000000,1,292,59543a919d53a5ad666c27785dd7c3076027cf96c68a969a47deb6c7f925dcd0,437,0,,,,0x2c2c542d5e0d4e58c8e4e1429189f6a0f62a9fdb8afdcfa335670f799abb66fa,17,9,1017,45250000,local_fixed_fee_input_derived
CSI-CHAIN-LOCAL-01,L2-EraVM,full-l2-e97b69f-20260925T132901Z-b,full,L2-EraVM-anvil-zksync,anvil-zksync 0.6.11,Version29,260,primary,primary-groth16-d10,groth16,10,11,11,verify_credential,tx,G16-d10-p5,5,704,A0,manager,CredentialManagerGroth16,0x6B828bcb33305478cd7d27eB323F5C5B7b4aFdbe,9,113,10000000,50000,45250000,1,1,,,true,true,1,451324,18,1512,84,452829,452829,10000000,1,292,b6543fce59c9a7c85ee23e7af8353b303b0e0abdce519dbbcab282ac17abc282,437,0,,,,0xe13c3c498fb08ffbcf871ea6a235b7d9aa9d59e61c343d95e71e932b2112786e,19,10,1019,45250000,local_fixed_fee_input_derived
CSI-CHAIN-LOCAL-01,L2-EraVM,full-l2-e97b69f-20260925T132901Z-b,full,L2-EraVM-anvil-zksync,anvil-zksync 0.6.11,Version29,260,primary,primary-groth16-d10,groth16,10,11,12,verify_credential,tx,G16-d10-p6,6,832,A0,manager,CredentialManagerGroth16,0x6B828bcb33305478cd7d27eB323F5C5B7b4aFdbe,10,113,10000000,50000,45250000,1,1,,,true,true,1,451324,18,1512,84,452829,452829,10000000,1,292,2dc740127d37e159c41eafc740c0789c3d3d9be27792a70e1c60d87ed0068c67,437,0,,,,0x54a1456d60f9902c5b909cd876b422e8733d2843ad6c077e3a051a451b9a583a,21,11,1021,45250000,local_fixed_fee_input_derived
CSI-CHAIN-LOCAL-01,L2-EraVM,full-l2-e97b69f-20260925T132901Z-b,full,L2-EraVM-anvil-zksync,anvil-zksync 0.6.11,Version29,260,primary,primary-groth16-d10,groth16,10,11,13,verify_credential,tx,G16-d10-p7,7,960,A0,manager,CredentialManagerGroth16,0x6B828bcb33305478cd7d27eB323F5C5B7b4aFdbe,11,113,10000000,50000,45250000,1,1,,,true,true,1,451324,18,1512,84,452829,452829,10000000,1,292,4f9484fa4a26cde8d96adb5abaa73df628e6e1daf4e6a0483f68c5bd0fb236ac,437,0,,,,0x35ca909d35cf6aea3e4e42c46d0f8ebabad5db66a363c8fa4d35c66c87ff2620,23,12,1023,45250000,local_fixed_fee_input_derived
CSI-CHAIN-LOCAL-01,L2-EraVM,full-l2-e97b69f-20260925T132901Z-b,full,L2-EraVM-anvil-zksync,anvil-zksync 0.6.11,Version29,260,primary,primary-groth16-d10,groth16,10,11,14,verify_proof_call,call,G16-d10-p0,0,64,A0,verifier,Groth16LegacyVerifierDepth10,0x588758d8a0Ad1162A6294f3C274753137E664aE0,,,,,,call,call,,,true,true,1,,,,,,,,,292,00d891db3117c020bf1d8ac8aacda4825f46fbd4c9b717316cfac8afe0a258f1,,,,,,,,,,,local_fixed_fee_input_derived
CSI-CHAIN-LOCAL-01,L2-EraVM,full-l2-e97b69f-20260925T132901Z-b,full,L2-EraVM-anvil-zksync,anvil-zksync 0.6.11,Version29,260,primary,primary-groth16-d10,groth16,10,11,15,verify_proof_call,call,G16-d10-p1,1,192,A0,verifier,Groth16LegacyVerifierDepth10,0x588758d8a0Ad1162A6294f3C274753137E664aE0,,,,,,call,call,,,true,true,1,,,,,,,,,292,1645716acb461e34dc46552d7fcf1ce299195a2fb7a62c0f326075b320757911,,,,,,,,,,,local_fixed_fee_input_derived
CSI-CHAIN-LOCAL-01,L2-EraVM,full-l2-e97b69f-20260925T132901Z-b,full,L2-EraVM-anvil-zksync,anvil-zksync 0.6.11,Version29,260,primary,primary-groth16-d10,groth16,10,11,16,verify_proof_call,call,G16-d10-p2,2,320,A0,verifier,Groth16LegacyVerifierDepth10,0x588758d8a0Ad1162A6294f3C274753137E664aE0,,,,,,call,call,,,true,true,1,,,,,,,,,292,e00ac1cfc3d9e1435a403ff835d63c223b00433689af0910e239c682d3a7c8f8,,,,,,,,,,,local_fixed_fee_input_derived
CSI-CHAIN-LOCAL-01,L2-EraVM,full-l2-e97b69f-20260925T132901Z-b,full,L2-EraVM-anvil-zksync,anvil-zksync 0.6.11,Version29,260,primary,primary-groth16-d10,groth16,10,11,17,verify_proof_call,call,G16-d10-p3,3,448,A0,verifier,Groth16LegacyVerifierDepth10,0x588758d8a0Ad1162A6294f3C274753137E664aE0,,,,,,call,call,,,true,true,1,,,,,,,,,292,e7a5fd90f11e6ab2780a4dabf33001319f7a90c8d20183a4917b7eefcdbb1748,,,,,,,,,,,local_fixed_fee_input_derived
CSI-CHAIN-LOCAL-01,L2-EraVM,full-l2-e97b69f-20260925T132901Z-b,full,L2-EraVM-anvil-zksync,anvil-zksync 0.6.11,Version29,260,primary,primary-groth16-d10,groth16,10,11,18,verify_proof_call,call,G16-d10-p4,4,576,A0,verifier,Groth16LegacyVerifierDepth10,0x588758d8a0Ad1162A6294f3C274753137E664aE0,,,,,,call,call,,,true,true,1,,,,,,,,,292,ace199a0b5c2c1cefa420c81e73edf52324e609d35cd66d6a65d4f9f79ba1fad,,,,,,,,,,,local_fixed_fee_input_derived
CSI-CHAIN-LOCAL-01,L2-EraVM,full-l2-e97b69f-20260925T132901Z-b,full,L2-EraVM-anvil-zksync,anvil-zksync 0.6.11,Version29,260,primary,primary-groth16-d10,groth16,10,11,19,verify_proof_call,call,G16-d10-p5,5,704,A0,verifier,Groth16LegacyVerifierDepth10,0x588758d8a0Ad1162A6294f3C274753137E664aE0,,,,,,call,call,,,true,true,1,,,,,,,,,292,4a4794dfc8fef58b0fa2776498d96153debbfcd07a1dceed3096b1534282d86c,,,,,,,,,,,local_fixed_fee_input_derived
CSI-CHAIN-LOCAL-01,L2-EraVM,full-l2-e97b69f-20260925T132901Z-b,full,L2-EraVM-anvil-zksync,anvil-zksync 0.6.11,Version29,260,primary,primary-groth16-d10,groth16,10,11,20,verify_proof_call,call,G16-d10-p6,6,832,A0,verifier,Groth16LegacyVerifierDepth10,0x588758d8a0Ad1162A6294f3C274753137E664aE0,,,,,,call,call,,,true,true,1,,,,,,,,,292,f677a7107864d1b718341fa515ba5b5003e4860493038c0b7134ba336df114c8,,,,,,,,,,,local_fixed_fee_input_derived
CSI-CHAIN-LOCAL-01,L2-EraVM,full-l2-e97b69f-20260925T132901Z-b,full,L2-EraVM-anvil-zksync,anvil-zksync 0.6.11,Version29,260,primary,primary-groth16-d10,groth16,10,11,21,verify_proof_call,call,G16-d10-p7,7,960,A0,verifier,Groth16LegacyVerifierDepth10,0x588758d8a0Ad1162A6294f3C274753137E664aE0,,,,,,call,call,,,true,true,1,,,,,,,,,292,82da605af1171262045712508f8f854cbccb163c2f904ab03c660d7bb743329e,,,,,,,,,,,local_fixed_fee_input_derived
CSI-CHAIN-LOCAL-01,L2-EraVM,full-l2-e97b69f-20260925T132901Z-b,full,L2-EraVM-anvil-zksync,anvil-zksync 0.6.11,Version29,260,primary,primary-groth16-d10,groth16,10,11,22,verify_proof_direct,tx,G16-d10-p0,0,64,A0,verifier,Groth16LegacyVerifierDepth10,0x588758d8a0Ad1162A6294f3C274753137E664aE0,12,113,10000000,50000,45250000,1,1,,,true,true,1,444311,18,1512,84,445816,445816,10000000,1,292,00d891db3117c020bf1d8ac8aacda4825f46fbd4c9b717316cfac8afe0a258f1,437,0,,,,0x5feec9c3eb9b3a681d4b01fa927d4adfab4b364dc80bdba018fb965cb64b27b1,25,13,1025,45250000,local_fixed_fee_input_derived
CSI-CHAIN-LOCAL-01,L2-EraVM,full-l2-e97b69f-20260925T132901Z-b,full,L2-EraVM-anvil-zksync,anvil-zksync 0.6.11,Version29,260,primary,primary-groth16-d10,groth16,10,11,23,verify_proof_direct,tx,G16-d10-p1,1,192,A0,verifier,Groth16LegacyVerifierDepth10,0x588758d8a0Ad1162A6294f3C274753137E664aE0,13,113,10000000,50000,45250000,1,1,,,true,true,1,444311,18,1512,84,445816,445816,10000000,1,292,1645716acb461e34dc46552d7fcf1ce299195a2fb7a62c0f326075b320757911,437,0,,,,0xcb828acb9ef443db3e0af6b2579c0174a90a583e7efcd64428576d0090305a0c,27,14,1027,45250000,local_fixed_fee_input_derived
CSI-CHAIN-LOCAL-01,L2-EraVM,full-l2-e97b69f-20260925T132901Z-b,full,L2-EraVM-anvil-zksync,anvil-zksync 0.6.11,Version29,260,primary,primary-groth16-d10,groth16,10,11,24,verify_proof_direct,tx,G16-d10-p2,2,320,A0,verifier,Groth16LegacyVerifierDepth10,0x588758d8a0Ad1162A6294f3C274753137E664aE0,14,113,10000000,50000,45250000,1,1,,,true,true,1,444311,18,1512,84,445816,445816,10000000,1,292,e00ac1cfc3d9e1435a403ff835d63c223b00433689af0910e239c682d3a7c8f8,437,0,,,,0x4b18430be9d4ab4a66d09fa53d2e60fea8ce0377500d094bcccdd5046dbd6306,29,15,1029,45250000,local_fixed_fee_input_derived
CSI-CHAIN-LOCAL-01,L2-EraVM,full-l2-e97b69f-20260925T132901Z-b,full,L2-EraVM-anvil-zksync,anvil-zksync 0.6.11,Version29,260,primary,primary-groth16-d10,groth16,10,11,25,verify_proof_direct,tx,G16-d10-p3,3,448,A0,verifier,Groth16LegacyVerifierDepth10,0x588758d8a0Ad1162A6294f3C274753137E664aE0,15,113,10000000,50000,45250000,1,1,,,true,true,1,444311,18,1512,84,445816,445816,10000000,1,292,e7a5fd90f11e6ab2780a4dabf33001319f7a90c8d20183a4917b7eefcdbb1748,437,0,,,,0x04beb1ad19e83b9d165c6d595b92760e4443d64420973c583276b5680ff5aad3,31,16,1031,45250000,local_fixed_fee_input_derived
CSI-CHAIN-LOCAL-01,L2-EraVM,full-l2-e97b69f-20260925T132901Z-b,full,L2-EraVM-anvil-zksync,anvil-zksync 0.6.11,Version29,260,primary,primary-groth16-d10,groth16,10,11,26,verify_proof_direct,tx,G16-d10-p4,4,576,A0,verifier,Groth16LegacyVerifierDepth10,0x588758d8a0Ad1162A6294f3C274753137E664aE0,16,113,10000000,50000,45250000,1,1,,,true,true,1,444311,18,1512,84,445816,445816,10000000,1,292,ace199a0b5c2c1cefa420c81e73edf52324e609d35cd66d6a65d4f9f79ba1fad,437,0,,,,0x1ac88b2c8dcf2e8b6fc44a94a0f519e0ddd0e171915e676274430e5f7051e8a9,33,17,1033,45250000,local_fixed_fee_input_derived
CSI-CHAIN-LOCAL-01,L2-EraVM,full-l2-e97b69f-20260925T132901Z-b,full,L2-EraVM-anvil-zksync,anvil-zksync 0.6.11,Version29,260,primary,primary-groth16-d10,groth16,10,11,27,verify_proof_direct,tx,G16-d10-p5,5,704,A0,verifier,Groth16LegacyVerifierDepth10,0x588758d8a0Ad1162A6294f3C274753137E664aE0,17,113,10000000,50000,45250000,1,1,,,true,true,1,444311,18,1512,84,445816,445816,10000000,1,292,4a4794dfc8fef58b0fa2776498d96153debbfcd07a1dceed3096b1534282d86c,437,0,,,,0xf2438584bcdcfe1d84cfad3c901613b0a8aab9b8dfa0da0632f7aa4399b89106,35,18,1035,45250000,local_fixed_fee_input_derived
CSI-CHAIN-LOCAL-01,L2-EraVM,full-l2-e97b69f-20260925T132901Z-b,full,L2-EraVM-anvil-zksync,anvil-zksync 0.6.11,Version29,260,primary,primary-groth16-d10,groth16,10,11,28,verify_proof_direct,tx,G16-d10-p6,6,832,A0,verifier,Groth16LegacyVerifierDepth10,0x588758d8a0Ad1162A6294f3C274753137E664aE0,18,113,10000000,50000,45250000,1,1,,,true,true,1,444311,18,1512,84,445816,445816,10000000,1,292,f677a7107864d1b718341fa515ba5b5003e4860493038c0b7134ba336df114c8,437,0,,,,0x54910e11e133ac0bd4e07368f330bd960adad14f0300c58164303bbe4705d632,37,19,1037,45250000,local_fixed_fee_input_derived
CSI-CHAIN-LOCAL-01,L2-EraVM,full-l2-e97b69f-20260925T132901Z-b,full,L2-EraVM-anvil-zksync,anvil-zksync 0.6.11,Version29,260,primary,primary-groth16-d10,groth16,10,11,29,verify_proof_direct,tx,G16-d10-p7,7,960,A0,verifier,Groth16LegacyVerifierDepth10,0x588758d8a0Ad1162A6294f3C274753137E664aE0,19,113,10000000,50000,45250000,1,1,,,true,true,1,444311,18,1512,84,445816,445816,10000000,1,292,82da605af1171262045712508f8f854cbccb163c2f904ab03c660d7bb743329e,437,0,,,,0xe26b2c10825e08d837b7ff62684d865fb27c8bac1e0d5cea44528f6d5b757a48,39,20,1039,45250000,local_fixed_fee_input_derived
CSI-CHAIN-LOCAL-01,L2-EraVM,full-l2-e97b69f-20260925T132901Z-b,full,L2-EraVM-anvil-zksync,anvil-zksync 0.6.11,Version29,260,primary,primary-groth16-d10,groth16,10,11,30,neg_unknown_root,tx,G16-d11-p0,0,128,A0,manager,CredentialManagerGroth16,0x6B828bcb33305478cd7d27eB323F5C5B7b4aFdbe,20,113,10000000,50000,45250000,0,0,Invalid root,Invalid root,,,1,118680,18,1512,84,120185,120185,10000000,1,292,ca9621b912a5f11cbb8dd875c48c9971287be9dbbe4454fcd36230ca7d465efc,437,0,,,,0xe62fb14e906bd002b1cb811ca2135ef44f0f312fd72aa9337da619e4380f5e5f,41,21,1041,45250000,local_fixed_fee_input_derived
CSI-CHAIN-LOCAL-01,L2-EraVM,full-l2-e97b69f-20260925T132901Z-b,full,L2-EraVM-anvil-zksync,anvil-zksync 0.6.11,Version29,260,primary,primary-groth16-d10,groth16,10,11,31,neg_tampered_call,call,G16-d10-p0,0,64,A0,verifier,Groth16LegacyVerifierDepth10,0x588758d8a0Ad1162A6294f3C274753137E664aE0,,,,,,call,call,,,false,false,1,,,,,,,,,292,e94c445b8904355f9a108a30593cd3990c855d14f3613162e80cb327e2be1c56,,,,,,,,,,,local_fixed_fee_input_derived
CSI-CHAIN-LOCAL-01,L2-EraVM,full-l2-e97b69f-20260925T132901Z-b,full,L2-EraVM-anvil-zksync,anvil-zksync 0.6.11,Version29,260,primary,primary-groth16-d10,groth16,10,11,32,neg_tampered,tx,G16-d10-p0,0,64,A0,manager,CredentialManagerGroth16,0x6B828bcb33305478cd7d27eB323F5C5B7b4aFdbe,21,113,10000000,50000,45250000,0,0,Invalid proof,Invalid proof,,,1,451051,18,1512,84,452556,452556,10000000,1,292,0359f7f970a67b3f2d4109b3cbc4922d22b87ea1de3a05061910dd18526af2b3,437,0,,,,0xabece9862d5f96b1203b6107c0bbceaa32a59a0327dd6bfd4a87e04b2274209b,43,22,1043,45250000,local_fixed_fee_input_derived
CSI-CHAIN-LOCAL-01,L2-EraVM,full-l2-e97b69f-20260925T132901Z-b,full,L2-EraVM-anvil-zksync,anvil-zksync 0.6.11,Version29,260,primary,primary-groth16-d10,groth16,10,11,33,neg_cross_depth_setup,tx,G16-d11-p0,0,128,A0,manager,CredentialManagerGroth16,0x6B828bcb33305478cd7d27eB323F5C5B7b4aFdbe,22,113,2000000,50000,45250000,1,1,,,,,1,124797,51,4284,84,129062,129062,2000000,1,36,d02fee54c295d1b5cc2948d9c79837ece40c0013835e3b9bb349e94ae744e758,178,0,,,,0xacd12d3b21343b2c3cad81417ffbebc75b95e78d142174a91d89ce868343f8cc,45,23,1045,45250000,local_fixed_fee_input_derived
CSI-CHAIN-LOCAL-01,L2-EraVM,full-l2-e97b69f-20260925T132901Z-b,full,L2-EraVM-anvil-zksync,anvil-zksync 0.6.11,Version29,260,primary,primary-groth16-d10,groth16,10,11,34,neg_cross_depth_call,call,G16-d11-p0,0,128,A0,verifier,Groth16LegacyVerifierDepth10,0x588758d8a0Ad1162A6294f3C274753137E664aE0,,,,,,call,call,,,false,false,1,,,,,,,,,292,5bc6f0de4752c6450808a69e77e384f62a63422d6390520d86938db713353393,,,,,,,,,,,local_fixed_fee_input_derived
CSI-CHAIN-LOCAL-01,L2-EraVM,full-l2-e97b69f-20260925T132901Z-b,full,L2-EraVM-anvil-zksync,anvil-zksync 0.6.11,Version29,260,primary,primary-groth16-d10,groth16,10,11,35,neg_cross_depth,tx,G16-d11-p0,0,128,A0,manager,CredentialManagerGroth16,0x6B828bcb33305478cd7d27eB323F5C5B7b4aFdbe,23,113,10000000,50000,45250000,0,0,Invalid proof,Invalid proof,,,1,451089,18,1512,84,452594,452594,10000000,1,292,ca9621b912a5f11cbb8dd875c48c9971287be9dbbe4454fcd36230ca7d465efc,437,0,,,,0x26437673c104acb077cd47825b62d2f42370db2f531576575badfbb45720aabf,47,24,1047,45250000,local_fixed_fee_input_derived
CSI-CHAIN-LOCAL-01,L2-EraVM,full-l2-e97b69f-20260925T132901Z-b,full,L2-EraVM-anvil-zksync,anvil-zksync 0.6.11,Version29,260,primary,primary-groth16-d10,groth16,10,11,36,neg_non_issuer,tx,G16-d10-p0,0,64,A1,manager,CredentialManagerGroth16,0x6B828bcb33305478cd7d27eB323F5C5B7b4aFdbe,0,113,2000000,50000,45250000,0,0,CredentialManager: not issuer,CredentialManager: not issuer,,,1,118599,45,3780,84,122362,122362,2000000,1,36,c70e0fc0dcce1b144b1b3352307a21f93a93f2fce4e70bc9dec9627a6e721205,178,0,,,,0x299db5580b5eb3bcffef33cf6b28034cc9c4ad819016fd11799c90a539316c48,49,25,1049,45250000,local_fixed_fee_input_derived
CSI-CHAIN-LOCAL-01,L2-EraVM,full-l2-e97b69f-20260925T132901Z-b,full,L2-EraVM-anvil-zksync,anvil-zksync 0.6.11,Version29,260,primary,primary-groth16-d11,groth16,11,15,1,deploy_verifier,tx,,,,A0,,Groth16LegacyVerifierDepth11,0x588758d8a0Ad1162A6294f3C274753137E664aE0,0,113,20000000,50000,45250000,1,1,,,,,1,487466,3371,283164,84,769405,769405,20000000,1,132,44902f4c5418adc4f6045353bef005634115a381bd55c4251a7ee58b10447d67,3322,1,3040,0x0100005f89c4cefae9b82d938e5f49479fd773521ddfd615284396aa1bbb65c1,1,0x53f7c4e2bdf65769f708a35582000f0c4703f7c9376c82cc133ec3cab8ceb103,1,1,1001,45250000,local_fixed_fee_input_derived
CSI-CHAIN-LOCAL-01,L2-EraVM,full-l2-e97b69f-20260925T132901Z-b,full,L2-EraVM-anvil-zksync,anvil-zksync 0.6.11,Version29,260,primary,primary-groth16-d11,groth16,11,15,2,deploy_manager,tx,,,,A0,,CredentialManagerGroth16,0x6B828bcb33305478cd7d27eB323F5C5B7b4aFdbe,1,113,20000000,50000,45250000,1,1,,,,,1,730737,5389,452676,84,1181454,1181454,20000000,1,164,a7a9ebb5b6128cae73685632e104199605917f6da6298e585bd96b4abfb483a3,7066,1,6752,0x010000d37155e3640948296be420258a2e1a98adb16b55738b817247e9fd54eb,1,0x8c110816e7925ea29a351117dd169a87e466e2a5d8c5c6e0c8321ff79f631cf9,3,2,1003,45250000,local_fixed_fee_input_derived
CSI-CHAIN-LOCAL-01,L2-EraVM,full-l2-e97b69f-20260925T132901Z-b,full,L2-EraVM-anvil-zksync,anvil-zksync 0.6.11,Version29,260,primary,primary-groth16-d11,groth16,11,15,3,set_issuer,tx,,,,A0,manager,CredentialManagerGroth16,0x6B828bcb33305478cd7d27eB323F5C5B7b4aFdbe,2,113,2000000,50000,45250000,1,1,,,,,1,124477,51,4284,84,128742,128742,2000000,1,68,727fd06686258f939093f54b4f3c375b0f3052da4ba7867e73d6f93a90702a06,211,0,,,,0x713564879c8aff6031e6624c8058f345711ab28df94e9be12b15a64f20b02b53,5,3,1005,45250000,local_fixed_fee_input_derived
CSI-CHAIN-LOCAL-01,L2-EraVM,full-l2-e97b69f-20260925T132901Z-b,full,L2-EraVM-anvil-zksync,anvil-zksync 0.6.11,Version29,260,primary,primary-groth16-d11,groth16,11,15,4,add_root,tx,,,,A0,manager,CredentialManagerGroth16,0x6B828bcb33305478cd7d27eB323F5C5B7b4aFdbe,3,113,2000000,50000,45250000,1,1,,,,,1,124797,51,4284,84,129062,129062,2000000,1,36,d02fee54c295d1b5cc2948d9c79837ece40c0013835e3b9bb349e94ae744e758,178,0,,,,0x78ed6108833b2bdd949625441f20040c10ccacc566939dd23b2255e5cbc5e519,7,4,1007,45250000,local_fixed_fee_input_derived
CSI-CHAIN-LOCAL-01,L2-EraVM,full-l2-e97b69f-20260925T132901Z-b,full,L2-EraVM-anvil-zksync,anvil-zksync 0.6.11,Version29,260,primary,primary-groth16-d11,groth16,11,15,5,precheck_call,call,G16-d11-p0,0,128,A0,manager,CredentialManagerGroth16,0x6B828bcb33305478cd7d27eB323F5C5B7b4aFdbe,,,,,,call,call,,,true,true,1,,,,,,,,,292,ca9621b912a5f11cbb8dd875c48c9971287be9dbbe4454fcd36230ca7d465efc,,,,,,,,,,,local_fixed_fee_input_derived
CSI-CHAIN-LOCAL-01,L2-EraVM,full-l2-e97b69f-20260925T132901Z-b,full,L2-EraVM-anvil-zksync,anvil-zksync 0.6.11,Version29,260,primary,primary-groth16-d11,groth16,11,15,6,verify_credential,tx,G16-d11-p0,0,128,A0,manager,CredentialManagerGroth16,0x6B828bcb33305478cd7d27eB323F5C5B7b4aFdbe,4,113,10000000,50000,45250000,1,1,,,true,true,1,451324,18,1512,84,452829,452829,10000000,1,292,ca9621b912a5f11cbb8dd875c48c9971287be9dbbe4454fcd36230ca7d465efc,437,0,,,,0xb51e3cd80f8c813798dc9046105b6842fba3121ce5a1aa7ba5cb766312512349,9,5,1009,45250000,local_fixed_fee_input_derived
CSI-CHAIN-LOCAL-01,L2-EraVM,full-l2-e97b69f-20260925T132901Z-b,full,L2-EraVM-anvil-zksync,anvil-zksync 0.6.11,Version29,260,primary,primary-groth16-d11,groth16,11,15,7,verify_credential,tx,G16-d11-p1,1,384,A0,manager,CredentialManagerGroth16,0x6B828bcb33305478cd7d27eB323F5C5B7b4aFdbe,5,113,10000000,50000,45250000,1,1,,,true,true,1,451324,18,1512,84,452829,452829,10000000,1,292,639c80471b559309e712f4c4ac80bdbc80d6df2460bd4c3bf55546677a3942c6,437,0,,,,0xd673b82b87a27576d2c9a6b7f474c0cb7a484006d19cf4238e3f4d9509658921,11,6,1011,45250000,local_fixed_fee_input_derived
CSI-CHAIN-LOCAL-01,L2-EraVM,full-l2-e97b69f-20260925T132901Z-b,full,L2-EraVM-anvil-zksync,anvil-zksync 0.6.11,Version29,260,primary,primary-groth16-d11,groth16,11,15,8,verify_credential,tx,G16-d11-p2,2,640,A0,manager,CredentialManagerGroth16,0x6B828bcb33305478cd7d27eB323F5C5B7b4aFdbe,6,113,10000000,50000,45250000,1,1,,,true,true,1,451324,18,1512,84,452829,452829,10000000,1,292,a0d019788870875208b17503c52382242ecc7ef389c425030689cc5878f2facd,437,0,,,,0x1eefae2fcbbf2dbb75a81f65c75ff46e562a9ffe03efdaffedf70905351a4f54,13,7,1013,45250000,local_fixed_fee_input_derived
CSI-CHAIN-LOCAL-01,L2-EraVM,full-l2-e97b69f-20260925T132901Z-b,full,L2-EraVM-anvil-zksync,anvil-zksync 0.6.11,Version29,260,primary,primary-groth16-d11,groth16,11,15,9,verify_credential,tx,G16-d11-p3,3,896,A0,manager,CredentialManagerGroth16,0x6B828bcb33305478cd7d27eB323F5C5B7b4aFdbe,7,113,10000000,50000,45250000,1,1,,,true,true,1,451324,18,1512,84,452829,452829,10000000,1,292,44d222ad348d08cbb4c15c476f3f9e766c7b457489111eea40cf8035a9d57bfc,437,0,,,,0x3cc2aec963375287e49c6b4345f19184156e6f03512eef9c8b22793ea2207557,15,8,1015,45250000,local_fixed_fee_input_derived
CSI-CHAIN-LOCAL-01,L2-EraVM,full-l2-e97b69f-20260925T132901Z-b,full,L2-EraVM-anvil-zksync,anvil-zksync 0.6.11,Version29,260,primary,primary-groth16-d11,groth16,11,15,10,verify_credential,tx,G16-d11-p4,4,1152,A0,manager,CredentialManagerGroth16,0x6B828bcb33305478cd7d27eB323F5C5B7b4aFdbe,8,113,10000000,50000,45250000,1,1,,,true,true,1,451324,18,1512,84,452829,452829,10000000,1,292,64ac10112def869faad27edcff3a1f184b4d69c408dd4ef9ba2791e00fbf2f70,437,0,,,,0x96f4e309164735378517bc4465bfb9a90fef9640e0b34a42af4cc0778b4e94d7,17,9,1017,45250000,local_fixed_fee_input_derived
CSI-CHAIN-LOCAL-01,L2-EraVM,full-l2-e97b69f-20260925T132901Z-b,full,L2-EraVM-anvil-zksync,anvil-zksync 0.6.11,Version29,260,primary,primary-groth16-d11,groth16,11,15,11,verify_credential,tx,G16-d11-p5,5,1408,A0,manager,CredentialManagerGroth16,0x6B828bcb33305478cd7d27eB323F5C5B7b4aFdbe,9,113,10000000,50000,45250000,1,1,,,true,true,1,451324,18,1512,84,452829,452829,10000000,1,292,0848907a05b5de2619814ca98c726689da9e07fb5de876c5f73602f5aecac8d5,437,0,,,,0xf7bfeaac424664b4fa4dbc0c0c54a388d4c0d1f44aa8d6847d165afdaa20741d,19,10,1019,45250000,local_fixed_fee_input_derived
CSI-CHAIN-LOCAL-01,L2-EraVM,full-l2-e97b69f-20260925T132901Z-b,full,L2-EraVM-anvil-zksync,anvil-zksync 0.6.11,Version29,260,primary,primary-groth16-d11,groth16,11,15,12,verify_credential,tx,G16-d11-p6,6,1664,A0,manager,CredentialManagerGroth16,0x6B828bcb33305478cd7d27eB323F5C5B7b4aFdbe,10,113,10000000,50000,45250000,1,1,,,true,true,1,451324,18,1512,84,452829,452829,10000000,1,292,0b038845691778d5ecf554fbad7edc36d34019f4458610826c0f782c2979d705,437,0,,,,0x2188bbabf7a990e041e0f000c6178fc0cddca4c083fac6f131b126bfc9e7a9b2,21,11,1021,45250000,local_fixed_fee_input_derived
CSI-CHAIN-LOCAL-01,L2-EraVM,full-l2-e97b69f-20260925T132901Z-b,full,L2-EraVM-anvil-zksync,anvil-zksync 0.6.11,Version29,260,primary,primary-groth16-d11,groth16,11,15,13,verify_credential,tx,G16-d11-p7,7,1920,A0,manager,CredentialManagerGroth16,0x6B828bcb33305478cd7d27eB323F5C5B7b4aFdbe,11,113,10000000,50000,45250000,1,1,,,true,true,1,451324,18,1512,84,452829,452829,10000000,1,292,d12dd5a363059bb0a0018565ad35b45baaed224644c5e64c88f49a6eccf031c3,437,0,,,,0x15f8d9a125246352675d1385ed10bd74f4d410374a536264a9c83b048f152bfd,23,12,1023,45250000,local_fixed_fee_input_derived
CSI-CHAIN-LOCAL-01,L2-EraVM,full-l2-e97b69f-20260925T132901Z-b,full,L2-EraVM-anvil-zksync,anvil-zksync 0.6.11,Version29,260,primary,primary-groth16-d11,groth16,11,15,14,verify_proof_call,call,G16-d11-p0,0,128,A0,verifier,Groth16LegacyVerifierDepth11,0x588758d8a0Ad1162A6294f3C274753137E664aE0,,,,,,call,call,,,true,true,1,,,,,,,,,292,5bc6f0de4752c6450808a69e77e384f62a63422d6390520d86938db713353393,,,,,,,,,,,local_fixed_fee_input_derived
CSI-CHAIN-LOCAL-01,L2-EraVM,full-l2-e97b69f-20260925T132901Z-b,full,L2-EraVM-anvil-zksync,anvil-zksync 0.6.11,Version29,260,primary,primary-groth16-d11,groth16,11,15,15,verify_proof_call,call,G16-d11-p1,1,384,A0,verifier,Groth16LegacyVerifierDepth11,0x588758d8a0Ad1162A6294f3C274753137E664aE0,,,,,,call,call,,,true,true,1,,,,,,,,,292,efa885aac2e9479c43fe12f6847995b17d8af96513378cc2c1d26e9d055da7b6,,,,,,,,,,,local_fixed_fee_input_derived
CSI-CHAIN-LOCAL-01,L2-EraVM,full-l2-e97b69f-20260925T132901Z-b,full,L2-EraVM-anvil-zksync,anvil-zksync 0.6.11,Version29,260,primary,primary-groth16-d11,groth16,11,15,16,verify_proof_call,call,G16-d11-p2,2,640,A0,verifier,Groth16LegacyVerifierDepth11,0x588758d8a0Ad1162A6294f3C274753137E664aE0,,,,,,call,call,,,true,true,1,,,,,,,,,292,1c147d59cc572d343a1e8e2aa749baf09252f70a647b83a025998f089baf4314,,,,,,,,,,,local_fixed_fee_input_derived
CSI-CHAIN-LOCAL-01,L2-EraVM,full-l2-e97b69f-20260925T132901Z-b,full,L2-EraVM-anvil-zksync,anvil-zksync 0.6.11,Version29,260,primary,primary-groth16-d11,groth16,11,15,17,verify_proof_call,call,G16-d11-p3,3,896,A0,verifier,Groth16LegacyVerifierDepth11,0x588758d8a0Ad1162A6294f3C274753137E664aE0,,,,,,call,call,,,true,true,1,,,,,,,,,292,2fbdfdd45ebdc64fe7acb287054cddc5aaf6fe7ea8c957460799f49e7a023e66,,,,,,,,,,,local_fixed_fee_input_derived
CSI-CHAIN-LOCAL-01,L2-EraVM,full-l2-e97b69f-20260925T132901Z-b,full,L2-EraVM-anvil-zksync,anvil-zksync 0.6.11,Version29,260,primary,primary-groth16-d11,groth16,11,15,18,verify_proof_call,call,G16-d11-p4,4,1152,A0,verifier,Groth16LegacyVerifierDepth11,0x588758d8a0Ad1162A6294f3C274753137E664aE0,,,,,,call,call,,,true,true,1,,,,,,,,,292,8ee79a385961861f0584a8cc07e1ac2143ddddfb5aff9524d32bd25fa77eee7e,,,,,,,,,,,local_fixed_fee_input_derived
CSI-CHAIN-LOCAL-01,L2-EraVM,full-l2-e97b69f-20260925T132901Z-b,full,L2-EraVM-anvil-zksync,anvil-zksync 0.6.11,Version29,260,primary,primary-groth16-d11,groth16,11,15,19,verify_proof_call,call,G16-d11-p5,5,1408,A0,verifier,Groth16LegacyVerifierDepth11,0x588758d8a0Ad1162A6294f3C274753137E664aE0,,,,,,call,call,,,true,true,1,,,,,,,,,292,13313b6af35602ffa5ef1ea582e8157c92d0fa235c2451b2d167238a0d99b0db,,,,,,,,,,,local_fixed_fee_input_derived
CSI-CHAIN-LOCAL-01,L2-EraVM,full-l2-e97b69f-20260925T132901Z-b,full,L2-EraVM-anvil-zksync,anvil-zksync 0.6.11,Version29,260,primary,primary-groth16-d11,groth16,11,15,20,verify_proof_call,call,G16-d11-p6,6,1664,A0,verifier,Groth16LegacyVerifierDepth11,0x588758d8a0Ad1162A6294f3C274753137E664aE0,,,,,,call,call,,,true,true,1,,,,,,,,,292,97dcf0752aff5768c43511010524f8845e4a9b3d98d7209cb75d830bb8e5a8ec,,,,,,,,,,,local_fixed_fee_input_derived
CSI-CHAIN-LOCAL-01,L2-EraVM,full-l2-e97b69f-20260925T132901Z-b,full,L2-EraVM-anvil-zksync,anvil-zksync 0.6.11,Version29,260,primary,primary-groth16-d11,groth16,11,15,21,verify_proof_call,call,G16-d11-p7,7,1920,A0,verifier,Groth16LegacyVerifierDepth11,0x588758d8a0Ad1162A6294f3C274753137E664aE0,,,,,,call,call,,,true,true,1,,,,,,,,,292,72eebe6c87a27b1c9fd074143c7d39950e530a76e30b35c9a17507790d335537,,,,,,,,,,,local_fixed_fee_input_derived
CSI-CHAIN-LOCAL-01,L2-EraVM,full-l2-e97b69f-20260925T132901Z-b,full,L2-EraVM-anvil-zksync,anvil-zksync 0.6.11,Version29,260,primary,primary-groth16-d11,groth16,11,15,22,verify_proof_direct,tx,G16-d11-p0,0,128,A0,verifier,Groth16LegacyVerifierDepth11,0x588758d8a0Ad1162A6294f3C274753137E664aE0,12,113,10000000,50000,45250000,1,1,,,true,true,1,444311,18,1512,84,445816,445816,10000000,1,292,5bc6f0de4752c6450808a69e77e384f62a63422d6390520d86938db713353393,437,0,,,,0x68d1689164397722024b43978baa3b32a1c0965b04b95a92101877ee6c61a1b0,25,13,1025,45250000,local_fixed_fee_input_derived
CSI-CHAIN-LOCAL-01,L2-EraVM,full-l2-e97b69f-20260925T132901Z-b,full,L2-EraVM-anvil-zksync,anvil-zksync 0.6.11,Version29,260,primary,primary-groth16-d11,groth16,11,15,23,verify_proof_direct,tx,G16-d11-p1,1,384,A0,verifier,Groth16LegacyVerifierDepth11,0x588758d8a0Ad1162A6294f3C274753137E664aE0,13,113,10000000,50000,45250000,1,1,,,true,true,1,444311,18,1512,84,445816,445816,10000000,1,292,efa885aac2e9479c43fe12f6847995b17d8af96513378cc2c1d26e9d055da7b6,437,0,,,,0xa026f4183ffde12ef5e3e250c0eee9dbb8eb14d73ccaa583f40a0025ff0bd5ed,27,14,1027,45250000,local_fixed_fee_input_derived
CSI-CHAIN-LOCAL-01,L2-EraVM,full-l2-e97b69f-20260925T132901Z-b,full,L2-EraVM-anvil-zksync,anvil-zksync 0.6.11,Version29,260,primary,primary-groth16-d11,groth16,11,15,24,verify_proof_direct,tx,G16-d11-p2,2,640,A0,verifier,Groth16LegacyVerifierDepth11,0x588758d8a0Ad1162A6294f3C274753137E664aE0,14,113,10000000,50000,45250000,1,1,,,true,true,1,444311,18,1512,84,445816,445816,10000000,1,292,1c147d59cc572d343a1e8e2aa749baf09252f70a647b83a025998f089baf4314,437,0,,,,0x8fc91c121778790907d499cc19fbe4a806cb82f04614cf5b20fa9781dc4661df,29,15,1029,45250000,local_fixed_fee_input_derived
CSI-CHAIN-LOCAL-01,L2-EraVM,full-l2-e97b69f-20260925T132901Z-b,full,L2-EraVM-anvil-zksync,anvil-zksync 0.6.11,Version29,260,primary,primary-groth16-d11,groth16,11,15,25,verify_proof_direct,tx,G16-d11-p3,3,896,A0,verifier,Groth16LegacyVerifierDepth11,0x588758d8a0Ad1162A6294f3C274753137E664aE0,15,113,10000000,50000,45250000,1,1,,,true,true,1,444311,18,1512,84,445816,445816,10000000,1,292,2fbdfdd45ebdc64fe7acb287054cddc5aaf6fe7ea8c957460799f49e7a023e66,437,0,,,,0xd856906b8ecf19e01489bafcfbff638ee484793e87f44c8b85772bc657338222,31,16,1031,45250000,local_fixed_fee_input_derived
CSI-CHAIN-LOCAL-01,L2-EraVM,full-l2-e97b69f-20260925T132901Z-b,full,L2-EraVM-anvil-zksync,anvil-zksync 0.6.11,Version29,260,primary,primary-groth16-d11,groth16,11,15,26,verify_proof_direct,tx,G16-d11-p4,4,1152,A0,verifier,Groth16LegacyVerifierDepth11,0x588758d8a0Ad1162A6294f3C274753137E664aE0,16,113,10000000,50000,45250000,1,1,,,true,true,1,444311,18,1512,84,445816,445816,10000000,1,292,8ee79a385961861f0584a8cc07e1ac2143ddddfb5aff9524d32bd25fa77eee7e,437,0,,,,0x1673aff8d849d4b39690a267cac1a5790660c414398ca604f93b753282aa15b2,33,17,1033,45250000,local_fixed_fee_input_derived
CSI-CHAIN-LOCAL-01,L2-EraVM,full-l2-e97b69f-20260925T132901Z-b,full,L2-EraVM-anvil-zksync,anvil-zksync 0.6.11,Version29,260,primary,primary-groth16-d11,groth16,11,15,27,verify_proof_direct,tx,G16-d11-p5,5,1408,A0,verifier,Groth16LegacyVerifierDepth11,0x588758d8a0Ad1162A6294f3C274753137E664aE0,17,113,10000000,50000,45250000,1,1,,,true,true,1,444311,18,1512,84,445816,445816,10000000,1,292,13313b6af35602ffa5ef1ea582e8157c92d0fa235c2451b2d167238a0d99b0db,437,0,,,,0x5b50514ca5b33b7ca54f22a81b6353b6bccb7217b7383f6cef47d77039fcf575,35,18,1035,45250000,local_fixed_fee_input_derived
CSI-CHAIN-LOCAL-01,L2-EraVM,full-l2-e97b69f-20260925T132901Z-b,full,L2-EraVM-anvil-zksync,anvil-zksync 0.6.11,Version29,260,primary,primary-groth16-d11,groth16,11,15,28,verify_proof_direct,tx,G16-d11-p6,6,1664,A0,verifier,Groth16LegacyVerifierDepth11,0x588758d8a0Ad1162A6294f3C274753137E664aE0,18,113,10000000,50000,45250000,1,1,,,true,true,1,444311,18,1512,84,445816,445816,10000000,1,292,97dcf0752aff5768c43511010524f8845e4a9b3d98d7209cb75d830bb8e5a8ec,437,0,,,,0xa1ad10542127e055787b93da3e1e6f67d5268ad0da0cc8e314ca0f50e944a3bb,37,19,1037,45250000,local_fixed_fee_input_derived
CSI-CHAIN-LOCAL-01,L2-EraVM,full-l2-e97b69f-20260925T132901Z-b,full,L2-EraVM-anvil-zksync,anvil-zksync 0.6.11,Version29,260,primary,primary-groth16-d11,groth16,11,15,29,verify_proof_direct,tx,G16-d11-p7,7,1920,A0,verifier,Groth16LegacyVerifierDepth11,0x588758d8a0Ad1162A6294f3C274753137E664aE0,19,113,10000000,50000,45250000,1,1,,,true,true,1,444311,18,1512,84,445816,445816,10000000,1,292,72eebe6c87a27b1c9fd074143c7d39950e530a76e30b35c9a17507790d335537,437,0,,,,0x9016766a963e43ac12d25783ab6ee2dccb8d30787a62ccf2b8555efecab432f5,39,20,1039,45250000,local_fixed_fee_input_derived
CSI-CHAIN-LOCAL-01,L2-EraVM,full-l2-e97b69f-20260925T132901Z-b,full,L2-EraVM-anvil-zksync,anvil-zksync 0.6.11,Version29,260,primary,primary-groth16-d11,groth16,11,15,30,neg_unknown_root,tx,G16-d15-p0,0,2048,A0,manager,CredentialManagerGroth16,0x6B828bcb33305478cd7d27eB323F5C5B7b4aFdbe,20,113,10000000,50000,45250000,0,0,Invalid root,Invalid root,,,1,118680,18,1512,84,120185,120185,10000000,1,292,1ce3baf053b44ac9c96d03a3ffb948677aa627e3073963fb9a5209d034620599,437,0,,,,0x464175801898be86822bfd3a40eaea00415162a3cfec81c5cd45c572034864e2,41,21,1041,45250000,local_fixed_fee_input_derived
CSI-CHAIN-LOCAL-01,L2-EraVM,full-l2-e97b69f-20260925T132901Z-b,full,L2-EraVM-anvil-zksync,anvil-zksync 0.6.11,Version29,260,primary,primary-groth16-d11,groth16,11,15,31,neg_tampered_call,call,G16-d11-p0,0,128,A0,verifier,Groth16LegacyVerifierDepth11,0x588758d8a0Ad1162A6294f3C274753137E664aE0,,,,,,call,call,,,false,false,1,,,,,,,,,292,978167ce868bdde21a4e446ff192d661cfbe5e9a94cf2ab3bb651c1803218a1e,,,,,,,,,,,local_fixed_fee_input_derived
CSI-CHAIN-LOCAL-01,L2-EraVM,full-l2-e97b69f-20260925T132901Z-b,full,L2-EraVM-anvil-zksync,anvil-zksync 0.6.11,Version29,260,primary,primary-groth16-d11,groth16,11,15,32,neg_tampered,tx,G16-d11-p0,0,128,A0,manager,CredentialManagerGroth16,0x6B828bcb33305478cd7d27eB323F5C5B7b4aFdbe,21,113,10000000,50000,45250000,0,0,Invalid proof,Invalid proof,,,1,451051,18,1512,84,452556,452556,10000000,1,292,4600ea442b9dade6481bb2b6be2cf2ffc3335fa332050a02a4626b27822cfb63,437,0,,,,0xf5ca56403e376e1da1c215382aee8b84951d1f636a37f3c6d6ec7c11c437bced,43,22,1043,45250000,local_fixed_fee_input_derived
CSI-CHAIN-LOCAL-01,L2-EraVM,full-l2-e97b69f-20260925T132901Z-b,full,L2-EraVM-anvil-zksync,anvil-zksync 0.6.11,Version29,260,primary,primary-groth16-d11,groth16,11,15,33,neg_cross_depth_setup,tx,G16-d15-p0,0,2048,A0,manager,CredentialManagerGroth16,0x6B828bcb33305478cd7d27eB323F5C5B7b4aFdbe,22,113,2000000,50000,45250000,1,1,,,,,1,124797,51,4284,84,129062,129062,2000000,1,36,f2931f0aaf26f5d51c33dadce13833370940a08948160921859c7fe776ca5aa8,178,0,,,,0x62b65b66e91f997fa1c5a34070ef36b683b773d7dd73d842920629a3754794f8,45,23,1045,45250000,local_fixed_fee_input_derived
CSI-CHAIN-LOCAL-01,L2-EraVM,full-l2-e97b69f-20260925T132901Z-b,full,L2-EraVM-anvil-zksync,anvil-zksync 0.6.11,Version29,260,primary,primary-groth16-d11,groth16,11,15,34,neg_cross_depth_call,call,G16-d15-p0,0,2048,A0,verifier,Groth16LegacyVerifierDepth11,0x588758d8a0Ad1162A6294f3C274753137E664aE0,,,,,,call,call,,,false,false,1,,,,,,,,,292,c1fa14b5797405497200d6957b5158faa30002873d39b43b4fd1ea982ca39ae2,,,,,,,,,,,local_fixed_fee_input_derived
CSI-CHAIN-LOCAL-01,L2-EraVM,full-l2-e97b69f-20260925T132901Z-b,full,L2-EraVM-anvil-zksync,anvil-zksync 0.6.11,Version29,260,primary,primary-groth16-d11,groth16,11,15,35,neg_cross_depth,tx,G16-d15-p0,0,2048,A0,manager,CredentialManagerGroth16,0x6B828bcb33305478cd7d27eB323F5C5B7b4aFdbe,23,113,10000000,50000,45250000,0,0,Invalid proof,Invalid proof,,,1,451089,18,1512,84,452594,452594,10000000,1,292,1ce3baf053b44ac9c96d03a3ffb948677aa627e3073963fb9a5209d034620599,437,0,,,,0x7b579791c4e6cc28cc37011c0c59abd98f450a8bc9371eb8cdab0bb6ae515a40,47,24,1047,45250000,local_fixed_fee_input_derived
CSI-CHAIN-LOCAL-01,L2-EraVM,full-l2-e97b69f-20260925T132901Z-b,full,L2-EraVM-anvil-zksync,anvil-zksync 0.6.11,Version29,260,primary,primary-groth16-d11,groth16,11,15,36,neg_non_issuer,tx,G16-d11-p0,0,128,A1,manager,CredentialManagerGroth16,0x6B828bcb33305478cd7d27eB323F5C5B7b4aFdbe,0,113,2000000,50000,45250000,0,0,CredentialManager: not issuer,CredentialManager: not issuer,,,1,118599,45,3780,84,122362,122362,2000000,1,36,d02fee54c295d1b5cc2948d9c79837ece40c0013835e3b9bb349e94ae744e758,178,0,,,,0x44d6fc082a24a2cd727a9ef21f1ad5a955ddae827db24bb156b6b7ea5c8ac54e,49,25,1049,45250000,local_fixed_fee_input_derived
CSI-CHAIN-LOCAL-01,L2-EraVM,full-l2-e97b69f-20260925T132901Z-b,full,L2-EraVM-anvil-zksync,anvil-zksync 0.6.11,Version29,260,primary,primary-groth16-d15,groth16,15,5,1,deploy_verifier,tx,,,,A0,,Groth16LegacyVerifierDepth15,0x588758d8a0Ad1162A6294f3C274753137E664aE0,0,113,20000000,50000,45250000,1,1,,,,,1,487466,3371,283164,84,769405,769405,20000000,1,132,2ea4db2e44a9ad435b9b8804bf6aba5f90dbc8e2404908e0d49126f7233f695a,3322,1,3040,0x0100005f8b33ef34b7a471fdd08e49fad8475b02e36738a1bb52cd8cbae4ec59,1,0x6b105ac0c3617d93c8bb28182bb11ef1a1e4e8314911e921083c56555beaa928,1,1,1001,45250000,local_fixed_fee_input_derived
CSI-CHAIN-LOCAL-01,L2-EraVM,full-l2-e97b69f-20260925T132901Z-b,full,L2-EraVM-anvil-zksync,anvil-zksync 0.6.11,Version29,260,primary,primary-groth16-d15,groth16,15,5,2,deploy_manager,tx,,,,A0,,CredentialManagerGroth16,0x6B828bcb33305478cd7d27eB323F5C5B7b4aFdbe,1,113,20000000,50000,45250000,1,1,,,,,1,730737,5389,452676,84,1181454,1181454,20000000,1,164,a7a9ebb5b6128cae73685632e104199605917f6da6298e585bd96b4abfb483a3,7066,1,6752,0x010000d37155e3640948296be420258a2e1a98adb16b55738b817247e9fd54eb,1,0x8c110816e7925ea29a351117dd169a87e466e2a5d8c5c6e0c8321ff79f631cf9,3,2,1003,45250000,local_fixed_fee_input_derived
CSI-CHAIN-LOCAL-01,L2-EraVM,full-l2-e97b69f-20260925T132901Z-b,full,L2-EraVM-anvil-zksync,anvil-zksync 0.6.11,Version29,260,primary,primary-groth16-d15,groth16,15,5,3,set_issuer,tx,,,,A0,manager,CredentialManagerGroth16,0x6B828bcb33305478cd7d27eB323F5C5B7b4aFdbe,2,113,2000000,50000,45250000,1,1,,,,,1,124477,51,4284,84,128742,128742,2000000,1,68,727fd06686258f939093f54b4f3c375b0f3052da4ba7867e73d6f93a90702a06,211,0,,,,0x713564879c8aff6031e6624c8058f345711ab28df94e9be12b15a64f20b02b53,5,3,1005,45250000,local_fixed_fee_input_derived
CSI-CHAIN-LOCAL-01,L2-EraVM,full-l2-e97b69f-20260925T132901Z-b,full,L2-EraVM-anvil-zksync,anvil-zksync 0.6.11,Version29,260,primary,primary-groth16-d15,groth16,15,5,4,add_root,tx,,,,A0,manager,CredentialManagerGroth16,0x6B828bcb33305478cd7d27eB323F5C5B7b4aFdbe,3,113,2000000,50000,45250000,1,1,,,,,1,124797,51,4284,84,129062,129062,2000000,1,36,f2931f0aaf26f5d51c33dadce13833370940a08948160921859c7fe776ca5aa8,178,0,,,,0x7e6eb3374e778e11bcdd974c6b4bf275fcd7bd50d5b4e9f54f7f1fc1244acd93,7,4,1007,45250000,local_fixed_fee_input_derived
CSI-CHAIN-LOCAL-01,L2-EraVM,full-l2-e97b69f-20260925T132901Z-b,full,L2-EraVM-anvil-zksync,anvil-zksync 0.6.11,Version29,260,primary,primary-groth16-d15,groth16,15,5,5,precheck_call,call,G16-d15-p0,0,2048,A0,manager,CredentialManagerGroth16,0x6B828bcb33305478cd7d27eB323F5C5B7b4aFdbe,,,,,,call,call,,,true,true,1,,,,,,,,,292,1ce3baf053b44ac9c96d03a3ffb948677aa627e3073963fb9a5209d034620599,,,,,,,,,,,local_fixed_fee_input_derived
CSI-CHAIN-LOCAL-01,L2-EraVM,full-l2-e97b69f-20260925T132901Z-b,full,L2-EraVM-anvil-zksync,anvil-zksync 0.6.11,Version29,260,primary,primary-groth16-d15,groth16,15,5,6,verify_credential,tx,G16-d15-p0,0,2048,A0,manager,CredentialManagerGroth16,0x6B828bcb33305478cd7d27eB323F5C5B7b4aFdbe,4,113,10000000,50000,45250000,1,1,,,true,true,1,451324,18,1512,84,452829,452829,10000000,1,292,1ce3baf053b44ac9c96d03a3ffb948677aa627e3073963fb9a5209d034620599,437,0,,,,0x82fef80c7ca27ff5f3a2de06528a96604f2890bf74cbe24c23f89e701e20cbe4,9,5,1009,45250000,local_fixed_fee_input_derived
CSI-CHAIN-LOCAL-01,L2-EraVM,full-l2-e97b69f-20260925T132901Z-b,full,L2-EraVM-anvil-zksync,anvil-zksync 0.6.11,Version29,260,primary,primary-groth16-d15,groth16,15,5,7,verify_credential,tx,G16-d15-p1,1,6144,A0,manager,CredentialManagerGroth16,0x6B828bcb33305478cd7d27eB323F5C5B7b4aFdbe,5,113,10000000,50000,45250000,1,1,,,true,true,1,451324,18,1512,84,452829,452829,10000000,1,292,913be1bdecd87ce3996ebc8d1ff465d022fd88203fda1136b6e51a4daa850cb7,437,0,,,,0x6650bae07637f3196435fbfb8d6d4c636a1dca8af898b0bce73ded00803f48e4,11,6,1011,45250000,local_fixed_fee_input_derived
CSI-CHAIN-LOCAL-01,L2-EraVM,full-l2-e97b69f-20260925T132901Z-b,full,L2-EraVM-anvil-zksync,anvil-zksync 0.6.11,Version29,260,primary,primary-groth16-d15,groth16,15,5,8,verify_credential,tx,G16-d15-p2,2,10240,A0,manager,CredentialManagerGroth16,0x6B828bcb33305478cd7d27eB323F5C5B7b4aFdbe,6,113,10000000,50000,45250000,1,1,,,true,true,1,451324,18,1512,84,452829,452829,10000000,1,292,dd83f315fa1aade3a4be6c26fb8582bd4edfac15a5c523ec8af8adb9811c98d2,437,0,,,,0x27fba5453ef43348539d02b76e541526d15c1bfb96819e1fa960dc2b0c1babef,13,7,1013,45250000,local_fixed_fee_input_derived
CSI-CHAIN-LOCAL-01,L2-EraVM,full-l2-e97b69f-20260925T132901Z-b,full,L2-EraVM-anvil-zksync,anvil-zksync 0.6.11,Version29,260,primary,primary-groth16-d15,groth16,15,5,9,verify_credential,tx,G16-d15-p3,3,14336,A0,manager,CredentialManagerGroth16,0x6B828bcb33305478cd7d27eB323F5C5B7b4aFdbe,7,113,10000000,50000,45250000,1,1,,,true,true,1,451324,18,1512,84,452829,452829,10000000,1,292,749f32790365347d532b39ccf08ab073437daf09b7ac9d073142ce6773ca9104,437,0,,,,0xb49215f68a2ad845ffefeb35b7066a0763e6b57c67551c44c911c37a4331889b,15,8,1015,45250000,local_fixed_fee_input_derived
CSI-CHAIN-LOCAL-01,L2-EraVM,full-l2-e97b69f-20260925T132901Z-b,full,L2-EraVM-anvil-zksync,anvil-zksync 0.6.11,Version29,260,primary,primary-groth16-d15,groth16,15,5,10,verify_credential,tx,G16-d15-p4,4,18432,A0,manager,CredentialManagerGroth16,0x6B828bcb33305478cd7d27eB323F5C5B7b4aFdbe,8,113,10000000,50000,45250000,1,1,,,true,true,1,451324,18,1512,84,452829,452829,10000000,1,292,bb58032357ff31a89916564de19e9f3c131369a58d13300b9c9f9886cf3f7ed6,437,0,,,,0xb761387e856d3935e5b70cb0ed418b0d2fae35b52bb8398e332921175862ca94,17,9,1017,45250000,local_fixed_fee_input_derived
CSI-CHAIN-LOCAL-01,L2-EraVM,full-l2-e97b69f-20260925T132901Z-b,full,L2-EraVM-anvil-zksync,anvil-zksync 0.6.11,Version29,260,primary,primary-groth16-d15,groth16,15,5,11,verify_credential,tx,G16-d15-p5,5,22528,A0,manager,CredentialManagerGroth16,0x6B828bcb33305478cd7d27eB323F5C5B7b4aFdbe,9,113,10000000,50000,45250000,1,1,,,true,true,1,451324,18,1512,84,452829,452829,10000000,1,292,4b8d4700d0bb0121d4e896a6797320d9ad6e3f3abc9743f61dc4c52d0daa34e4,437,0,,,,0x2d68aeefd750e6f1651385c4c45e191328bf6f852a065dc4978c691f7a4aa766,19,10,1019,45250000,local_fixed_fee_input_derived
CSI-CHAIN-LOCAL-01,L2-EraVM,full-l2-e97b69f-20260925T132901Z-b,full,L2-EraVM-anvil-zksync,anvil-zksync 0.6.11,Version29,260,primary,primary-groth16-d15,groth16,15,5,12,verify_credential,tx,G16-d15-p6,6,26624,A0,manager,CredentialManagerGroth16,0x6B828bcb33305478cd7d27eB323F5C5B7b4aFdbe,10,113,10000000,50000,45250000,1,1,,,true,true,1,451324,18,1512,84,452829,452829,10000000,1,292,c78222b8f86cc480198574e141459b4aecf74592b5a1c8df77ac6d5cfaa50c4a,437,0,,,,0x36a0e60acc4c992081b46022e945705e55bff7df4bbdb26e6399a2f002d31db4,21,11,1021,45250000,local_fixed_fee_input_derived
CSI-CHAIN-LOCAL-01,L2-EraVM,full-l2-e97b69f-20260925T132901Z-b,full,L2-EraVM-anvil-zksync,anvil-zksync 0.6.11,Version29,260,primary,primary-groth16-d15,groth16,15,5,13,verify_credential,tx,G16-d15-p7,7,30720,A0,manager,CredentialManagerGroth16,0x6B828bcb33305478cd7d27eB323F5C5B7b4aFdbe,11,113,10000000,50000,45250000,1,1,,,true,true,1,451324,18,1512,84,452829,452829,10000000,1,292,0939ed3af2b91f3f33792cb3e6506f1e25c8e4c8e96276543fb527ab44c08632,437,0,,,,0xd354f5208574ace24022849421dc7310f47292700a36326ce34363f97d0d3c92,23,12,1023,45250000,local_fixed_fee_input_derived
CSI-CHAIN-LOCAL-01,L2-EraVM,full-l2-e97b69f-20260925T132901Z-b,full,L2-EraVM-anvil-zksync,anvil-zksync 0.6.11,Version29,260,primary,primary-groth16-d15,groth16,15,5,14,verify_proof_call,call,G16-d15-p0,0,2048,A0,verifier,Groth16LegacyVerifierDepth15,0x588758d8a0Ad1162A6294f3C274753137E664aE0,,,,,,call,call,,,true,true,1,,,,,,,,,292,c1fa14b5797405497200d6957b5158faa30002873d39b43b4fd1ea982ca39ae2,,,,,,,,,,,local_fixed_fee_input_derived
CSI-CHAIN-LOCAL-01,L2-EraVM,full-l2-e97b69f-20260925T132901Z-b,full,L2-EraVM-anvil-zksync,anvil-zksync 0.6.11,Version29,260,primary,primary-groth16-d15,groth16,15,5,15,verify_proof_call,call,G16-d15-p1,1,6144,A0,verifier,Groth16LegacyVerifierDepth15,0x588758d8a0Ad1162A6294f3C274753137E664aE0,,,,,,call,call,,,true,true,1,,,,,,,,,292,9a69908c11b9d604d07eeeb7aa75afd25faa2970a09fad8fe1226b6108a691f7,,,,,,,,,,,local_fixed_fee_input_derived
CSI-CHAIN-LOCAL-01,L2-EraVM,full-l2-e97b69f-20260925T132901Z-b,full,L2-EraVM-anvil-zksync,anvil-zksync 0.6.11,Version29,260,primary,primary-groth16-d15,groth16,15,5,16,verify_proof_call,call,G16-d15-p2,2,10240,A0,verifier,Groth16LegacyVerifierDepth15,0x588758d8a0Ad1162A6294f3C274753137E664aE0,,,,,,call,call,,,true,true,1,,,,,,,,,292,ffa426a227502e520b215cbad8054ba8c89f180fc933010c3d58b8205d5eaa0e,,,,,,,,,,,local_fixed_fee_input_derived
CSI-CHAIN-LOCAL-01,L2-EraVM,full-l2-e97b69f-20260925T132901Z-b,full,L2-EraVM-anvil-zksync,anvil-zksync 0.6.11,Version29,260,primary,primary-groth16-d15,groth16,15,5,17,verify_proof_call,call,G16-d15-p3,3,14336,A0,verifier,Groth16LegacyVerifierDepth15,0x588758d8a0Ad1162A6294f3C274753137E664aE0,,,,,,call,call,,,true,true,1,,,,,,,,,292,353c4bf788dd3eea11cad07d0eee3159b83e1600578b4dbefa6fe480a037a61b,,,,,,,,,,,local_fixed_fee_input_derived
CSI-CHAIN-LOCAL-01,L2-EraVM,full-l2-e97b69f-20260925T132901Z-b,full,L2-EraVM-anvil-zksync,anvil-zksync 0.6.11,Version29,260,primary,primary-groth16-d15,groth16,15,5,18,verify_proof_call,call,G16-d15-p4,4,18432,A0,verifier,Groth16LegacyVerifierDepth15,0x588758d8a0Ad1162A6294f3C274753137E664aE0,,,,,,call,call,,,true,true,1,,,,,,,,,292,0275540c48b6aadc24187f726a135babd7acf2161a082d7eb14a4c20bdacc4c5,,,,,,,,,,,local_fixed_fee_input_derived
CSI-CHAIN-LOCAL-01,L2-EraVM,full-l2-e97b69f-20260925T132901Z-b,full,L2-EraVM-anvil-zksync,anvil-zksync 0.6.11,Version29,260,primary,primary-groth16-d15,groth16,15,5,19,verify_proof_call,call,G16-d15-p5,5,22528,A0,verifier,Groth16LegacyVerifierDepth15,0x588758d8a0Ad1162A6294f3C274753137E664aE0,,,,,,call,call,,,true,true,1,,,,,,,,,292,0e3a31470df088a45ddf346b4ebae6ef688c42c6473017d52829f93f2e126363,,,,,,,,,,,local_fixed_fee_input_derived
CSI-CHAIN-LOCAL-01,L2-EraVM,full-l2-e97b69f-20260925T132901Z-b,full,L2-EraVM-anvil-zksync,anvil-zksync 0.6.11,Version29,260,primary,primary-groth16-d15,groth16,15,5,20,verify_proof_call,call,G16-d15-p6,6,26624,A0,verifier,Groth16LegacyVerifierDepth15,0x588758d8a0Ad1162A6294f3C274753137E664aE0,,,,,,call,call,,,true,true,1,,,,,,,,,292,068b52d1b0b961e5b1d34659e007396c3564365df391b9c79a52500e2d10202b,,,,,,,,,,,local_fixed_fee_input_derived
CSI-CHAIN-LOCAL-01,L2-EraVM,full-l2-e97b69f-20260925T132901Z-b,full,L2-EraVM-anvil-zksync,anvil-zksync 0.6.11,Version29,260,primary,primary-groth16-d15,groth16,15,5,21,verify_proof_call,call,G16-d15-p7,7,30720,A0,verifier,Groth16LegacyVerifierDepth15,0x588758d8a0Ad1162A6294f3C274753137E664aE0,,,,,,call,call,,,true,true,1,,,,,,,,,292,613402477dba87fc3cf8902e3beabb20992e3af063701ebc06397c5554ef618f,,,,,,,,,,,local_fixed_fee_input_derived
CSI-CHAIN-LOCAL-01,L2-EraVM,full-l2-e97b69f-20260925T132901Z-b,full,L2-EraVM-anvil-zksync,anvil-zksync 0.6.11,Version29,260,primary,primary-groth16-d15,groth16,15,5,22,verify_proof_direct,tx,G16-d15-p0,0,2048,A0,verifier,Groth16LegacyVerifierDepth15,0x588758d8a0Ad1162A6294f3C274753137E664aE0,12,113,10000000,50000,45250000,1,1,,,true,true,1,444311,18,1512,84,445816,445816,10000000,1,292,c1fa14b5797405497200d6957b5158faa30002873d39b43b4fd1ea982ca39ae2,437,0,,,,0xbb6874fce5ff969aab79005672a73f9d153d956bcd8f12a58fa4004e5a775500,25,13,1025,45250000,local_fixed_fee_input_derived
CSI-CHAIN-LOCAL-01,L2-EraVM,full-l2-e97b69f-20260925T132901Z-b,full,L2-EraVM-anvil-zksync,anvil-zksync 0.6.11,Version29,260,primary,primary-groth16-d15,groth16,15,5,23,verify_proof_direct,tx,G16-d15-p1,1,6144,A0,verifier,Groth16LegacyVerifierDepth15,0x588758d8a0Ad1162A6294f3C274753137E664aE0,13,113,10000000,50000,45250000,1,1,,,true,true,1,444311,18,1512,84,445816,445816,10000000,1,292,9a69908c11b9d604d07eeeb7aa75afd25faa2970a09fad8fe1226b6108a691f7,437,0,,,,0xb723e0800595454e4ca6b62f9b71b94b4801bc749647ed8886405563de5f8263,27,14,1027,45250000,local_fixed_fee_input_derived
CSI-CHAIN-LOCAL-01,L2-EraVM,full-l2-e97b69f-20260925T132901Z-b,full,L2-EraVM-anvil-zksync,anvil-zksync 0.6.11,Version29,260,primary,primary-groth16-d15,groth16,15,5,24,verify_proof_direct,tx,G16-d15-p2,2,10240,A0,verifier,Groth16LegacyVerifierDepth15,0x588758d8a0Ad1162A6294f3C274753137E664aE0,14,113,10000000,50000,45250000,1,1,,,true,true,1,444311,18,1512,84,445816,445816,10000000,1,292,ffa426a227502e520b215cbad8054ba8c89f180fc933010c3d58b8205d5eaa0e,437,0,,,,0x3ec82f7176b4386ebffc082a621b417aa2d49bdaca9f66974bfcab73d4a63497,29,15,1029,45250000,local_fixed_fee_input_derived
CSI-CHAIN-LOCAL-01,L2-EraVM,full-l2-e97b69f-20260925T132901Z-b,full,L2-EraVM-anvil-zksync,anvil-zksync 0.6.11,Version29,260,primary,primary-groth16-d15,groth16,15,5,25,verify_proof_direct,tx,G16-d15-p3,3,14336,A0,verifier,Groth16LegacyVerifierDepth15,0x588758d8a0Ad1162A6294f3C274753137E664aE0,15,113,10000000,50000,45250000,1,1,,,true,true,1,444311,18,1512,84,445816,445816,10000000,1,292,353c4bf788dd3eea11cad07d0eee3159b83e1600578b4dbefa6fe480a037a61b,437,0,,,,0x60c1a871f303652cac8fbd78b9079fbb455b9a7312fe749c8b4e076a8d2fe10d,31,16,1031,45250000,local_fixed_fee_input_derived
CSI-CHAIN-LOCAL-01,L2-EraVM,full-l2-e97b69f-20260925T132901Z-b,full,L2-EraVM-anvil-zksync,anvil-zksync 0.6.11,Version29,260,primary,primary-groth16-d15,groth16,15,5,26,verify_proof_direct,tx,G16-d15-p4,4,18432,A0,verifier,Groth16LegacyVerifierDepth15,0x588758d8a0Ad1162A6294f3C274753137E664aE0,16,113,10000000,50000,45250000,1,1,,,true,true,1,444311,18,1512,84,445816,445816,10000000,1,292,0275540c48b6aadc24187f726a135babd7acf2161a082d7eb14a4c20bdacc4c5,437,0,,,,0x093b976f11a17470a0e62ed291ac09a040eb9a4873c164210f777502658385c0,33,17,1033,45250000,local_fixed_fee_input_derived
CSI-CHAIN-LOCAL-01,L2-EraVM,full-l2-e97b69f-20260925T132901Z-b,full,L2-EraVM-anvil-zksync,anvil-zksync 0.6.11,Version29,260,primary,primary-groth16-d15,groth16,15,5,27,verify_proof_direct,tx,G16-d15-p5,5,22528,A0,verifier,Groth16LegacyVerifierDepth15,0x588758d8a0Ad1162A6294f3C274753137E664aE0,17,113,10000000,50000,45250000,1,1,,,true,true,1,444311,18,1512,84,445816,445816,10000000,1,292,0e3a31470df088a45ddf346b4ebae6ef688c42c6473017d52829f93f2e126363,437,0,,,,0xb81c9462b09e84bf2ce269cb64fc2b9c560f22b36277e97e2c05a1b6309b054b,35,18,1035,45250000,local_fixed_fee_input_derived
CSI-CHAIN-LOCAL-01,L2-EraVM,full-l2-e97b69f-20260925T132901Z-b,full,L2-EraVM-anvil-zksync,anvil-zksync 0.6.11,Version29,260,primary,primary-groth16-d15,groth16,15,5,28,verify_proof_direct,tx,G16-d15-p6,6,26624,A0,verifier,Groth16LegacyVerifierDepth15,0x588758d8a0Ad1162A6294f3C274753137E664aE0,18,113,10000000,50000,45250000,1,1,,,true,true,1,444311,18,1512,84,445816,445816,10000000,1,292,068b52d1b0b961e5b1d34659e007396c3564365df391b9c79a52500e2d10202b,437,0,,,,0x2fd380e00d1cf65bea5ea9fb2948a04b91253512c4d72dddd2107ec3144a434f,37,19,1037,45250000,local_fixed_fee_input_derived
CSI-CHAIN-LOCAL-01,L2-EraVM,full-l2-e97b69f-20260925T132901Z-b,full,L2-EraVM-anvil-zksync,anvil-zksync 0.6.11,Version29,260,primary,primary-groth16-d15,groth16,15,5,29,verify_proof_direct,tx,G16-d15-p7,7,30720,A0,verifier,Groth16LegacyVerifierDepth15,0x588758d8a0Ad1162A6294f3C274753137E664aE0,19,113,10000000,50000,45250000,1,1,,,true,true,1,444311,18,1512,84,445816,445816,10000000,1,292,613402477dba87fc3cf8902e3beabb20992e3af063701ebc06397c5554ef618f,437,0,,,,0xd695aad3c3175f5f8e257a444f961d79ce653a1111a38bb13480af19b657ef35,39,20,1039,45250000,local_fixed_fee_input_derived
CSI-CHAIN-LOCAL-01,L2-EraVM,full-l2-e97b69f-20260925T132901Z-b,full,L2-EraVM-anvil-zksync,anvil-zksync 0.6.11,Version29,260,primary,primary-groth16-d15,groth16,15,5,30,neg_unknown_root,tx,G16-d5-p0,0,2,A0,manager,CredentialManagerGroth16,0x6B828bcb33305478cd7d27eB323F5C5B7b4aFdbe,20,113,10000000,50000,45250000,0,0,Invalid root,Invalid root,,,1,118680,18,1512,84,120185,120185,10000000,1,292,5837cb8f85853d1b4c5630e24fd145aeeb696d2dcc92dcf8c0220201ca5ef8a8,437,0,,,,0xea2ef0cdc0ec057a68151b57b8b36c8fc1da1ad008e40b3791663e14b745fb9d,41,21,1041,45250000,local_fixed_fee_input_derived
CSI-CHAIN-LOCAL-01,L2-EraVM,full-l2-e97b69f-20260925T132901Z-b,full,L2-EraVM-anvil-zksync,anvil-zksync 0.6.11,Version29,260,primary,primary-groth16-d15,groth16,15,5,31,neg_tampered_call,call,G16-d15-p0,0,2048,A0,verifier,Groth16LegacyVerifierDepth15,0x588758d8a0Ad1162A6294f3C274753137E664aE0,,,,,,call,call,,,false,false,1,,,,,,,,,292,bf67d87904261a032b70ac066fdaff8562305fb0f29df05a09c45733af71f86a,,,,,,,,,,,local_fixed_fee_input_derived
CSI-CHAIN-LOCAL-01,L2-EraVM,full-l2-e97b69f-20260925T132901Z-b,full,L2-EraVM-anvil-zksync,anvil-zksync 0.6.11,Version29,260,primary,primary-groth16-d15,groth16,15,5,32,neg_tampered,tx,G16-d15-p0,0,2048,A0,manager,CredentialManagerGroth16,0x6B828bcb33305478cd7d27eB323F5C5B7b4aFdbe,21,113,10000000,50000,45250000,0,0,Invalid proof,Invalid proof,,,1,451051,18,1512,84,452556,452556,10000000,1,292,efe670202ea345c867563e45ee90e49bf8d879ab5cda61a381456e8ab2616e6c,437,0,,,,0x4d4e689b84609f920cef8b202d77e1cad1a9642fcba56d3cb92673c2896697d6,43,22,1043,45250000,local_fixed_fee_input_derived
CSI-CHAIN-LOCAL-01,L2-EraVM,full-l2-e97b69f-20260925T132901Z-b,full,L2-EraVM-anvil-zksync,anvil-zksync 0.6.11,Version29,260,primary,primary-groth16-d15,groth16,15,5,33,neg_cross_depth_setup,tx,G16-d5-p0,0,2,A0,manager,CredentialManagerGroth16,0x6B828bcb33305478cd7d27eB323F5C5B7b4aFdbe,22,113,2000000,50000,45250000,1,1,,,,,1,124797,51,4284,84,129062,129062,2000000,1,36,b91c4cff980f8874fb8d0fca3dd2b3046defc125bb26b20f9f41f40dec3d44ad,178,0,,,,0x1f9abe8d41d99762c3a8dbdeb034c8dc691538d58c2185d55bb6c9eab9de2037,45,23,1045,45250000,local_fixed_fee_input_derived
CSI-CHAIN-LOCAL-01,L2-EraVM,full-l2-e97b69f-20260925T132901Z-b,full,L2-EraVM-anvil-zksync,anvil-zksync 0.6.11,Version29,260,primary,primary-groth16-d15,groth16,15,5,34,neg_cross_depth_call,call,G16-d5-p0,0,2,A0,verifier,Groth16LegacyVerifierDepth15,0x588758d8a0Ad1162A6294f3C274753137E664aE0,,,,,,call,call,,,false,false,1,,,,,,,,,292,38f356f938ae3972d0d16abf8b3d053f411f73f5e13f61d42c5093a3e09bf3e3,,,,,,,,,,,local_fixed_fee_input_derived
CSI-CHAIN-LOCAL-01,L2-EraVM,full-l2-e97b69f-20260925T132901Z-b,full,L2-EraVM-anvil-zksync,anvil-zksync 0.6.11,Version29,260,primary,primary-groth16-d15,groth16,15,5,35,neg_cross_depth,tx,G16-d5-p0,0,2,A0,manager,CredentialManagerGroth16,0x6B828bcb33305478cd7d27eB323F5C5B7b4aFdbe,23,113,10000000,50000,45250000,0,0,Invalid proof,Invalid proof,,,1,451089,18,1512,84,452594,452594,10000000,1,292,5837cb8f85853d1b4c5630e24fd145aeeb696d2dcc92dcf8c0220201ca5ef8a8,437,0,,,,0xb57ce5fa3214beb542fa5994d682bf99fea0ba93b8848f7945521a4030696364,47,24,1047,45250000,local_fixed_fee_input_derived
CSI-CHAIN-LOCAL-01,L2-EraVM,full-l2-e97b69f-20260925T132901Z-b,full,L2-EraVM-anvil-zksync,anvil-zksync 0.6.11,Version29,260,primary,primary-groth16-d15,groth16,15,5,36,neg_non_issuer,tx,G16-d15-p0,0,2048,A1,manager,CredentialManagerGroth16,0x6B828bcb33305478cd7d27eB323F5C5B7b4aFdbe,0,113,2000000,50000,45250000,0,0,CredentialManager: not issuer,CredentialManager: not issuer,,,1,118599,45,3780,84,122362,122362,2000000,1,36,f2931f0aaf26f5d51c33dadce13833370940a08948160921859c7fe776ca5aa8,178,0,,,,0x16cd1cf34561e4c4ff484ef35082f85aa04f6a6b26e21ed949b2ef1ffce74eeb,49,25,1049,45250000,local_fixed_fee_input_derived
CSI-CHAIN-LOCAL-01,L2-EraVM,full-l2-e97b69f-20260925T132901Z-b,full,L2-EraVM-anvil-zksync,anvil-zksync 0.6.11,Version29,260,primary,primary-plonk-d5,plonk,5,10,1,deploy_verifier,tx,,,,A0,,PlonkVerifierDepth5,0x588758d8a0Ad1162A6294f3C274753137E664aE0,0,113,20000000,50000,45250000,1,1,,,,,1,2906398,24523,2059932,84,4957419,4957419,20000000,1,132,a0c62f66058d91e9b0b78cee416880d5bc38a874bc4cd737dc585283f112250f,42106,1,41824,0x0100051b574ff5fa13334fda8cd311790adb11aca28279960e75147e6d0e8872,1,0xba8eaaa5d52fd9f4b9fc3dd427297ed9710b89b0a840b82f1e7e86d1eec91718,1,1,1001,45250000,local_fixed_fee_input_derived
CSI-CHAIN-LOCAL-01,L2-EraVM,full-l2-e97b69f-20260925T132901Z-b,full,L2-EraVM-anvil-zksync,anvil-zksync 0.6.11,Version29,260,primary,primary-plonk-d5,plonk,5,10,2,deploy_manager,tx,,,,A0,,CredentialManagerPlonk,0x6B828bcb33305478cd7d27eB323F5C5B7b4aFdbe,1,113,20000000,50000,45250000,1,1,,,,,1,717867,5261,441924,84,1157879,1157879,20000000,1,164,5ae41b7f8aa8271295fd8de1e55bf63ed775a74acada927c682a6adf2b2a742b,6938,1,6624,0x010000cf8ad512f1d77f4733ef95b69a7329a5310824ac0599410635c1c0ebcf,1,0x90e146665c904a54107cc501f9edb87cbf72f9e49537ea08f3cd4720cefb8b58,3,2,1003,45250000,local_fixed_fee_input_derived
CSI-CHAIN-LOCAL-01,L2-EraVM,full-l2-e97b69f-20260925T132901Z-b,full,L2-EraVM-anvil-zksync,anvil-zksync 0.6.11,Version29,260,primary,primary-plonk-d5,plonk,5,10,3,set_issuer,tx,,,,A0,manager,CredentialManagerPlonk,0x6B828bcb33305478cd7d27eB323F5C5B7b4aFdbe,2,113,2000000,50000,45250000,1,1,,,,,1,124461,51,4284,84,128726,128726,2000000,1,68,727fd06686258f939093f54b4f3c375b0f3052da4ba7867e73d6f93a90702a06,211,0,,,,0x713564879c8aff6031e6624c8058f345711ab28df94e9be12b15a64f20b02b53,5,3,1005,45250000,local_fixed_fee_input_derived
CSI-CHAIN-LOCAL-01,L2-EraVM,full-l2-e97b69f-20260925T132901Z-b,full,L2-EraVM-anvil-zksync,anvil-zksync 0.6.11,Version29,260,primary,primary-plonk-d5,plonk,5,10,4,add_root,tx,,,,A0,manager,CredentialManagerPlonk,0x6B828bcb33305478cd7d27eB323F5C5B7b4aFdbe,3,113,2000000,50000,45250000,1,1,,,,,1,124781,51,4284,84,129046,129046,2000000,1,36,b91c4cff980f8874fb8d0fca3dd2b3046defc125bb26b20f9f41f40dec3d44ad,178,0,,,,0x5e364c59718431f15f59f71461e49a4af077fe9c2edb59374c5128c3809ac4fa,7,4,1007,45250000,local_fixed_fee_input_derived
CSI-CHAIN-LOCAL-01,L2-EraVM,full-l2-e97b69f-20260925T132901Z-b,full,L2-EraVM-anvil-zksync,anvil-zksync 0.6.11,Version29,260,primary,primary-plonk-d5,plonk,5,10,5,precheck_call,call,PLK-d5-p0,0,2,A0,manager,CredentialManagerPlonk,0x6B828bcb33305478cd7d27eB323F5C5B7b4aFdbe,,,,,,call,call,,,true,true,1,,,,,,,,,804,43edca5dc105fc7a2008617ce100ed5d4b4dfcfbb283d718f619c9c958c213d5,,,,,,,,,,,local_fixed_fee_input_derived
CSI-CHAIN-LOCAL-01,L2-EraVM,full-l2-e97b69f-20260925T132901Z-b,full,L2-EraVM-anvil-zksync,anvil-zksync 0.6.11,Version29,260,primary,primary-plonk-d5,plonk,5,10,6,verify_credential,tx,PLK-d5-p0,0,2,A0,manager,CredentialManagerPlonk,0x6B828bcb33305478cd7d27eB323F5C5B7b4aFdbe,4,113,10000000,50000,45250000,1,1,,,true,true,1,452793,18,1512,84,454298,454298,10000000,1,804,43edca5dc105fc7a2008617ce100ed5d4b4dfcfbb283d718f619c9c958c213d5,949,0,,,,0x2822bdc8bca89bd16c2a345bab321cbe9fab097a20eee3a784c9b5e10b03eb64,9,5,1009,45250000,local_fixed_fee_input_derived
CSI-CHAIN-LOCAL-01,L2-EraVM,full-l2-e97b69f-20260925T132901Z-b,full,L2-EraVM-anvil-zksync,anvil-zksync 0.6.11,Version29,260,primary,primary-plonk-d5,plonk,5,10,7,verify_credential,tx,PLK-d5-p1,1,6,A0,manager,CredentialManagerPlonk,0x6B828bcb33305478cd7d27eB323F5C5B7b4aFdbe,5,113,10000000,50000,45250000,1,1,,,true,true,1,453459,18,1512,84,454964,454964,10000000,1,804,86f8b64f77f59cee77380b829d5b3fb4afa133bac3c198b78e66853bf8c4b119,949,0,,,,0x9f3685fcca4032d40115ee084e3b77e4c8097ab3ad3740b9f9c0756e595c9c3a,11,6,1011,45250000,local_fixed_fee_input_derived
CSI-CHAIN-LOCAL-01,L2-EraVM,full-l2-e97b69f-20260925T132901Z-b,full,L2-EraVM-anvil-zksync,anvil-zksync 0.6.11,Version29,260,primary,primary-plonk-d5,plonk,5,10,8,verify_credential,tx,PLK-d5-p2,2,10,A0,manager,CredentialManagerPlonk,0x6B828bcb33305478cd7d27eB323F5C5B7b4aFdbe,6,113,10000000,50000,45250000,1,1,,,true,true,1,453537,18,1512,84,455042,455042,10000000,1,804,ffdd5ae292f5b9ded76d21e7c3fda21840aa05bd2c0e8db005e0d95e4bb96f46,949,0,,,,0x8876182165fe394bb158be3d0beff637679f75ddb2b097dbe2756cefff2526de,13,7,1013,45250000,local_fixed_fee_input_derived
CSI-CHAIN-LOCAL-01,L2-EraVM,full-l2-e97b69f-20260925T132901Z-b,full,L2-EraVM-anvil-zksync,anvil-zksync 0.6.11,Version29,260,primary,primary-plonk-d5,plonk,5,10,9,verify_credential,tx,PLK-d5-p3,3,14,A0,manager,CredentialManagerPlonk,0x6B828bcb33305478cd7d27eB323F5C5B7b4aFdbe,7,113,10000000,50000,45250000,1,1,,,true,true,1,451581,18,1512,84,453086,453086,10000000,1,804,7100c4ceb7d3eac1a386d382445e8c82573a93504ce95775938d7ee860489fb1,949,0,,,,0x143695273ae75095e22fc0577c4dd0125e1af1236472976b691238dda745190f,15,8,1015,45250000,local_fixed_fee_input_derived
CSI-CHAIN-LOCAL-01,L2-EraVM,full-l2-e97b69f-20260925T132901Z-b,full,L2-EraVM-anvil-zksync,anvil-zksync 0.6.11,Version29,260,primary,primary-plonk-d5,plonk,5,10,10,verify_credential,tx,PLK-d5-p4,4,18,A0,manager,CredentialManagerPlonk,0x6B828bcb33305478cd7d27eB323F5C5B7b4aFdbe,8,113,10000000,50000,45250000,1,1,,,true,true,1,451755,18,1512,84,453260,453260,10000000,1,804,b3d581ac9073e9ecef7aa2b165d9ab56e3e007d1e27a6b30ea0d0c7fe7507ef8,949,0,,,,0xcb451264ecc5990949a9c3216a60774803abef23e4a7e021ff2a46ef97dc51a3,17,9,1017,45250000,local_fixed_fee_input_derived
CSI-CHAIN-LOCAL-01,L2-EraVM,full-l2-e97b69f-20260925T132901Z-b,full,L2-EraVM-anvil-zksync,anvil-zksync 0.6.11,Version29,260,primary,primary-plonk-d5,plonk,5,10,11,verify_credential,tx,PLK-d5-p5,5,22,A0,manager,CredentialManagerPlonk,0x6B828bcb33305478cd7d27eB323F5C5B7b4aFdbe,9,113,10000000,50000,45250000,1,1,,,true,true,1,453399,18,1512,84,454904,454904,10000000,1,804,b8ab9406f5505391e667b4eb1f090783eafb3ba6083f0902b73cbc9eb4771fc5,949,0,,,,0x19b96b02c5b22a07bf0c11ab01cc6a506cb5c5c67dd0ab74e7cf445746bdc54e,19,10,1019,45250000,local_fixed_fee_input_derived
CSI-CHAIN-LOCAL-01,L2-EraVM,full-l2-e97b69f-20260925T132901Z-b,full,L2-EraVM-anvil-zksync,anvil-zksync 0.6.11,Version29,260,primary,primary-plonk-d5,plonk,5,10,12,verify_credential,tx,PLK-d5-p6,6,26,A0,manager,CredentialManagerPlonk,0x6B828bcb33305478cd7d27eB323F5C5B7b4aFdbe,10,113,10000000,50000,45250000,1,1,,,true,true,1,452307,18,1512,84,453812,453812,10000000,1,804,9bbdcf2a8a9d4ac362cef928b0566c8810bbac0ba270528d8e44ca15c64c34f6,949,0,,,,0xa0bd8f2b56a2509967afa74d4775cb591c693bbbc9522f797a75dcfbc61173d9,21,11,1021,45250000,local_fixed_fee_input_derived
CSI-CHAIN-LOCAL-01,L2-EraVM,full-l2-e97b69f-20260925T132901Z-b,full,L2-EraVM-anvil-zksync,anvil-zksync 0.6.11,Version29,260,primary,primary-plonk-d5,plonk,5,10,13,verify_credential,tx,PLK-d5-p7,7,30,A0,manager,CredentialManagerPlonk,0x6B828bcb33305478cd7d27eB323F5C5B7b4aFdbe,11,113,10000000,50000,45250000,1,1,,,true,true,1,452691,18,1512,84,454196,454196,10000000,1,804,a7ba63f536e220919d55362f6d0cbb38e3fd3ecc97e630595bcf4e3cee5c1613,949,0,,,,0xd2bd8b93ae985db498f25fad1733a30c91d8efa9c10d8a7f163783c76a998f36,23,12,1023,45250000,local_fixed_fee_input_derived
CSI-CHAIN-LOCAL-01,L2-EraVM,full-l2-e97b69f-20260925T132901Z-b,full,L2-EraVM-anvil-zksync,anvil-zksync 0.6.11,Version29,260,primary,primary-plonk-d5,plonk,5,10,14,verify_proof_call,call,PLK-d5-p0,0,2,A0,verifier,PlonkVerifierDepth5,0x588758d8a0Ad1162A6294f3C274753137E664aE0,,,,,,call,call,,,true,true,1,,,,,,,,,804,315d3ac17962361c7786a0a69b96507826e7200eb0f41d726d0c5b3e60c1664f,,,,,,,,,,,local_fixed_fee_input_derived
CSI-CHAIN-LOCAL-01,L2-EraVM,full-l2-e97b69f-20260925T132901Z-b,full,L2-EraVM-anvil-zksync,anvil-zksync 0.6.11,Version29,260,primary,primary-plonk-d5,plonk,5,10,15,verify_proof_call,call,PLK-d5-p1,1,6,A0,verifier,PlonkVerifierDepth5,0x588758d8a0Ad1162A6294f3C274753137E664aE0,,,,,,call,call,,,true,true,1,,,,,,,,,804,adf8fc4951542c7e77aee9b94bfd4decbe39c77e994f1fc8643af1de194144c4,,,,,,,,,,,local_fixed_fee_input_derived
CSI-CHAIN-LOCAL-01,L2-EraVM,full-l2-e97b69f-20260925T132901Z-b,full,L2-EraVM-anvil-zksync,anvil-zksync 0.6.11,Version29,260,primary,primary-plonk-d5,plonk,5,10,16,verify_proof_call,call,PLK-d5-p2,2,10,A0,verifier,PlonkVerifierDepth5,0x588758d8a0Ad1162A6294f3C274753137E664aE0,,,,,,call,call,,,true,true,1,,,,,,,,,804,75791ed8effde38cdc62ae3343c5d8a5c8abdb768baebba56b256a481395f051,,,,,,,,,,,local_fixed_fee_input_derived
CSI-CHAIN-LOCAL-01,L2-EraVM,full-l2-e97b69f-20260925T132901Z-b,full,L2-EraVM-anvil-zksync,anvil-zksync 0.6.11,Version29,260,primary,primary-plonk-d5,plonk,5,10,17,verify_proof_call,call,PLK-d5-p3,3,14,A0,verifier,PlonkVerifierDepth5,0x588758d8a0Ad1162A6294f3C274753137E664aE0,,,,,,call,call,,,true,true,1,,,,,,,,,804,d89fad3824540a62becd6c05314a55640a623d891fc0dd345737c5a96088ae96,,,,,,,,,,,local_fixed_fee_input_derived
CSI-CHAIN-LOCAL-01,L2-EraVM,full-l2-e97b69f-20260925T132901Z-b,full,L2-EraVM-anvil-zksync,anvil-zksync 0.6.11,Version29,260,primary,primary-plonk-d5,plonk,5,10,18,verify_proof_call,call,PLK-d5-p4,4,18,A0,verifier,PlonkVerifierDepth5,0x588758d8a0Ad1162A6294f3C274753137E664aE0,,,,,,call,call,,,true,true,1,,,,,,,,,804,00a412fdd50ed0579794986f6fec492b9d8a73fa4fbff3de4ad2ff142c573714,,,,,,,,,,,local_fixed_fee_input_derived
CSI-CHAIN-LOCAL-01,L2-EraVM,full-l2-e97b69f-20260925T132901Z-b,full,L2-EraVM-anvil-zksync,anvil-zksync 0.6.11,Version29,260,primary,primary-plonk-d5,plonk,5,10,19,verify_proof_call,call,PLK-d5-p5,5,22,A0,verifier,PlonkVerifierDepth5,0x588758d8a0Ad1162A6294f3C274753137E664aE0,,,,,,call,call,,,true,true,1,,,,,,,,,804,da686518d90d12cea4470c4496b189453d759e65073074844727bed97b936bf1,,,,,,,,,,,local_fixed_fee_input_derived
CSI-CHAIN-LOCAL-01,L2-EraVM,full-l2-e97b69f-20260925T132901Z-b,full,L2-EraVM-anvil-zksync,anvil-zksync 0.6.11,Version29,260,primary,primary-plonk-d5,plonk,5,10,20,verify_proof_call,call,PLK-d5-p6,6,26,A0,verifier,PlonkVerifierDepth5,0x588758d8a0Ad1162A6294f3C274753137E664aE0,,,,,,call,call,,,true,true,1,,,,,,,,,804,6f8665c0eafdc54e9771572f703364897b0e02f2638c398a460ba104e5e07367,,,,,,,,,,,local_fixed_fee_input_derived
CSI-CHAIN-LOCAL-01,L2-EraVM,full-l2-e97b69f-20260925T132901Z-b,full,L2-EraVM-anvil-zksync,anvil-zksync 0.6.11,Version29,260,primary,primary-plonk-d5,plonk,5,10,21,verify_proof_call,call,PLK-d5-p7,7,30,A0,verifier,PlonkVerifierDepth5,0x588758d8a0Ad1162A6294f3C274753137E664aE0,,,,,,call,call,,,true,true,1,,,,,,,,,804,18bce2fab0677dfe4ebf0987795ba0ab36e3e0baa7c4d9252de01d38cbcfb14d,,,,,,,,,,,local_fixed_fee_input_derived
CSI-CHAIN-LOCAL-01,L2-EraVM,full-l2-e97b69f-20260925T132901Z-b,full,L2-EraVM-anvil-zksync,anvil-zksync 0.6.11,Version29,260,primary,primary-plonk-d5,plonk,5,10,22,verify_proof_direct,tx,PLK-d5-p0,0,2,A0,verifier,PlonkVerifierDepth5,0x588758d8a0Ad1162A6294f3C274753137E664aE0,12,113,10000000,50000,45250000,1,1,,,true,true,1,445344,18,1512,84,446849,446849,10000000,1,804,315d3ac17962361c7786a0a69b96507826e7200eb0f41d726d0c5b3e60c1664f,949,0,,,,0xbf4f4134c958e6b1c466f8117aa1d9744e4ce472199df9e3ef46de6e0abdb695,25,13,1025,45250000,local_fixed_fee_input_derived
CSI-CHAIN-LOCAL-01,L2-EraVM,full-l2-e97b69f-20260925T132901Z-b,full,L2-EraVM-anvil-zksync,anvil-zksync 0.6.11,Version29,260,primary,primary-plonk-d5,plonk,5,10,23,verify_proof_direct,tx,PLK-d5-p1,1,6,A0,verifier,PlonkVerifierDepth5,0x588758d8a0Ad1162A6294f3C274753137E664aE0,13,113,10000000,50000,45250000,1,1,,,true,true,1,446010,18,1512,84,447515,447515,10000000,1,804,adf8fc4951542c7e77aee9b94bfd4decbe39c77e994f1fc8643af1de194144c4,949,0,,,,0x6f5414094c0c723ffddf82474e151ed3a34e57a5dc163f9dc029c217a46332df,27,14,1027,45250000,local_fixed_fee_input_derived
CSI-CHAIN-LOCAL-01,L2-EraVM,full-l2-e97b69f-20260925T132901Z-b,full,L2-EraVM-anvil-zksync,anvil-zksync 0.6.11,Version29,260,primary,primary-plonk-d5,plonk,5,10,24,verify_proof_direct,tx,PLK-d5-p2,2,10,A0,verifier,PlonkVerifierDepth5,0x588758d8a0Ad1162A6294f3C274753137E664aE0,14,113,10000000,50000,45250000,1,1,,,true,true,1,446088,18,1512,84,447593,447593,10000000,1,804,75791ed8effde38cdc62ae3343c5d8a5c8abdb768baebba56b256a481395f051,949,0,,,,0xaca80a95be73ccfa5d43ea67c6a9ed03ef431c72f62e77f3f47835f00c287b24,29,15,1029,45250000,local_fixed_fee_input_derived
CSI-CHAIN-LOCAL-01,L2-EraVM,full-l2-e97b69f-20260925T132901Z-b,full,L2-EraVM-anvil-zksync,anvil-zksync 0.6.11,Version29,260,primary,primary-plonk-d5,plonk,5,10,25,verify_proof_direct,tx,PLK-d5-p3,3,14,A0,verifier,PlonkVerifierDepth5,0x588758d8a0Ad1162A6294f3C274753137E664aE0,15,113,10000000,50000,45250000,1,1,,,true,true,1,444132,18,1512,84,445637,445637,10000000,1,804,d89fad3824540a62becd6c05314a55640a623d891fc0dd345737c5a96088ae96,949,0,,,,0x8cd678e07a55935f965c0434c91a7cbcc468612d93fb8d3c16f5b4b9294a8ec7,31,16,1031,45250000,local_fixed_fee_input_derived
CSI-CHAIN-LOCAL-01,L2-EraVM,full-l2-e97b69f-20260925T132901Z-b,full,L2-EraVM-anvil-zksync,anvil-zksync 0.6.11,Version29,260,primary,primary-plonk-d5,plonk,5,10,26,verify_proof_direct,tx,PLK-d5-p4,4,18,A0,verifier,PlonkVerifierDepth5,0x588758d8a0Ad1162A6294f3C274753137E664aE0,16,113,10000000,50000,45250000,1,1,,,true,true,1,444306,18,1512,84,445811,445811,10000000,1,804,00a412fdd50ed0579794986f6fec492b9d8a73fa4fbff3de4ad2ff142c573714,949,0,,,,0x2c5c80680af2c98d48feb1bdea211674132c36b84135d9d72393c891372592b7,33,17,1033,45250000,local_fixed_fee_input_derived
CSI-CHAIN-LOCAL-01,L2-EraVM,full-l2-e97b69f-20260925T132901Z-b,full,L2-EraVM-anvil-zksync,anvil-zksync 0.6.11,Version29,260,primary,primary-plonk-d5,plonk,5,10,27,verify_proof_direct,tx,PLK-d5-p5,5,22,A0,verifier,PlonkVerifierDepth5,0x588758d8a0Ad1162A6294f3C274753137E664aE0,17,113,10000000,50000,45250000,1,1,,,true,true,1,445950,18,1512,84,447455,447455,10000000,1,804,da686518d90d12cea4470c4496b189453d759e65073074844727bed97b936bf1,949,0,,,,0xdc840e266b19521c95ac575b8c4ecb6f38ede1e026e4b079fbbb12a5b6d2de20,35,18,1035,45250000,local_fixed_fee_input_derived
CSI-CHAIN-LOCAL-01,L2-EraVM,full-l2-e97b69f-20260925T132901Z-b,full,L2-EraVM-anvil-zksync,anvil-zksync 0.6.11,Version29,260,primary,primary-plonk-d5,plonk,5,10,28,verify_proof_direct,tx,PLK-d5-p6,6,26,A0,verifier,PlonkVerifierDepth5,0x588758d8a0Ad1162A6294f3C274753137E664aE0,18,113,10000000,50000,45250000,1,1,,,true,true,1,444858,18,1512,84,446363,446363,10000000,1,804,6f8665c0eafdc54e9771572f703364897b0e02f2638c398a460ba104e5e07367,949,0,,,,0xf208064a094f8c1d89cafac554433eda545eb50b15128e6c9244a135db803006,37,19,1037,45250000,local_fixed_fee_input_derived
CSI-CHAIN-LOCAL-01,L2-EraVM,full-l2-e97b69f-20260925T132901Z-b,full,L2-EraVM-anvil-zksync,anvil-zksync 0.6.11,Version29,260,primary,primary-plonk-d5,plonk,5,10,29,verify_proof_direct,tx,PLK-d5-p7,7,30,A0,verifier,PlonkVerifierDepth5,0x588758d8a0Ad1162A6294f3C274753137E664aE0,19,113,10000000,50000,45250000,1,1,,,true,true,1,445242,18,1512,84,446747,446747,10000000,1,804,18bce2fab0677dfe4ebf0987795ba0ab36e3e0baa7c4d9252de01d38cbcfb14d,949,0,,,,0x3dcd0cbaa52f675f06007f8145ccfe16c4a828da8619935b975b5de01ae5dd32,39,20,1039,45250000,local_fixed_fee_input_derived
CSI-CHAIN-LOCAL-01,L2-EraVM,full-l2-e97b69f-20260925T132901Z-b,full,L2-EraVM-anvil-zksync,anvil-zksync 0.6.11,Version29,260,primary,primary-plonk-d5,plonk,5,10,30,neg_unknown_root,tx,PLK-d10-p0,0,64,A0,manager,CredentialManagerPlonk,0x6B828bcb33305478cd7d27eB323F5C5B7b4aFdbe,20,113,10000000,50000,45250000,0,0,Invalid root,Invalid root,,,1,118760,18,1512,84,120265,120265,10000000,1,804,6bf3a0d41decfc4fef1c2d1b8f63a8e574b03afc39ee5228c6ae46acbaf08690,949,0,,,,0x2ae28e76addea765087809d69fad1499aecf0b18d9c241abba20b20c2bf02c2e,41,21,1041,45250000,local_fixed_fee_input_derived
CSI-CHAIN-LOCAL-01,L2-EraVM,full-l2-e97b69f-20260925T132901Z-b,full,L2-EraVM-anvil-zksync,anvil-zksync 0.6.11,Version29,260,primary,primary-plonk-d5,plonk,5,10,31,neg_tampered_call,call,PLK-d5-p0,0,2,A0,verifier,PlonkVerifierDepth5,0x588758d8a0Ad1162A6294f3C274753137E664aE0,,,,,,call,call,,,false,false,1,,,,,,,,,804,b11e07f711e5e9da2fb7a45bd7af0acbaff903d0af96396c62397206cbfa61f7,,,,,,,,,,,local_fixed_fee_input_derived
CSI-CHAIN-LOCAL-01,L2-EraVM,full-l2-e97b69f-20260925T132901Z-b,full,L2-EraVM-anvil-zksync,anvil-zksync 0.6.11,Version29,260,primary,primary-plonk-d5,plonk,5,10,32,neg_tampered,tx,PLK-d5-p0,0,2,A0,manager,CredentialManagerPlonk,0x6B828bcb33305478cd7d27eB323F5C5B7b4aFdbe,21,113,10000000,50000,45250000,0,0,Invalid proof,Invalid proof,,,1,452756,18,1512,84,454261,454261,10000000,1,804,ed2b76749cae6ee859546569ede982b69378a052327e7f57caed0f7975f32c0b,949,0,,,,0xaab86dfe3e20f57fb9149538a5e7722dd5c3e1547cad954216333336b69ef4f6,43,22,1043,45250000,local_fixed_fee_input_derived
CSI-CHAIN-LOCAL-01,L2-EraVM,full-l2-e97b69f-20260925T132901Z-b,full,L2-EraVM-anvil-zksync,anvil-zksync 0.6.11,Version29,260,primary,primary-plonk-d5,plonk,5,10,33,neg_cross_depth_setup,tx,PLK-d10-p0,0,64,A0,manager,CredentialManagerPlonk,0x6B828bcb33305478cd7d27eB323F5C5B7b4aFdbe,22,113,2000000,50000,45250000,1,1,,,,,1,124781,51,4284,84,129046,129046,2000000,1,36,c70e0fc0dcce1b144b1b3352307a21f93a93f2fce4e70bc9dec9627a6e721205,178,0,,,,0xfc75fc3e5816b0f6c5d4594263c6f0cb97a39b2c80dbe0c7177a55e558c2e197,45,23,1045,45250000,local_fixed_fee_input_derived
CSI-CHAIN-LOCAL-01,L2-EraVM,full-l2-e97b69f-20260925T132901Z-b,full,L2-EraVM-anvil-zksync,anvil-zksync 0.6.11,Version29,260,primary,primary-plonk-d5,plonk,5,10,34,neg_cross_depth_call,call,PLK-d10-p0,0,64,A0,verifier,PlonkVerifierDepth5,0x588758d8a0Ad1162A6294f3C274753137E664aE0,,,,,,call,call,,,false,false,1,,,,,,,,,804,90dd66bcd72c6143529772c40d979cb44dfc9cc4e0b417de520a01bb3ca89f57,,,,,,,,,,,local_fixed_fee_input_derived
CSI-CHAIN-LOCAL-01,L2-EraVM,full-l2-e97b69f-20260925T132901Z-b,full,L2-EraVM-anvil-zksync,anvil-zksync 0.6.11,Version29,260,primary,primary-plonk-d5,plonk,5,10,35,neg_cross_depth,tx,PLK-d10-p0,0,64,A0,manager,CredentialManagerPlonk,0x6B828bcb33305478cd7d27eB323F5C5B7b4aFdbe,23,113,10000000,50000,45250000,0,0,Invalid proof,Invalid proof,,,1,452684,18,1512,84,454189,454189,10000000,1,804,6bf3a0d41decfc4fef1c2d1b8f63a8e574b03afc39ee5228c6ae46acbaf08690,949,0,,,,0x21a8b9697d4f29b5581f95a151a30c39e35c1c428e6887c0eb80e81691a3f235,47,24,1047,45250000,local_fixed_fee_input_derived
CSI-CHAIN-LOCAL-01,L2-EraVM,full-l2-e97b69f-20260925T132901Z-b,full,L2-EraVM-anvil-zksync,anvil-zksync 0.6.11,Version29,260,primary,primary-plonk-d5,plonk,5,10,36,neg_non_issuer,tx,PLK-d5-p0,0,2,A1,manager,CredentialManagerPlonk,0x6B828bcb33305478cd7d27eB323F5C5B7b4aFdbe,0,113,2000000,50000,45250000,0,0,CredentialManager: not issuer,CredentialManager: not issuer,,,1,118583,45,3780,84,122346,122346,2000000,1,36,b91c4cff980f8874fb8d0fca3dd2b3046defc125bb26b20f9f41f40dec3d44ad,178,0,,,,0x9942be09712475aea01e4b86ff7e929c5dc4cf38deddf130e36a735872b26093,49,25,1049,45250000,local_fixed_fee_input_derived
CSI-CHAIN-LOCAL-01,L2-EraVM,full-l2-e97b69f-20260925T132901Z-b,full,L2-EraVM-anvil-zksync,anvil-zksync 0.6.11,Version29,260,primary,primary-plonk-d10,plonk,10,11,1,deploy_verifier,tx,,,,A0,,PlonkVerifierDepth10,0x588758d8a0Ad1162A6294f3C274753137E664aE0,0,113,20000000,50000,45250000,1,1,,,,,1,2906398,24523,2059932,84,4957419,4957419,20000000,1,132,bdfab204242816186ca7f3d5295a88ceb0701d0aa8b0b4f67b6ebefebc5e5880,42106,1,41824,0x0100051bb9cfc72f77646c32d6a9a333146a15075f8f1fa25c6002ff333ee19a,1,0x72f595315a2d5fa29001067a7439ccbd311e1b3dd0b09e470f0c2896cfa8fa5e,1,1,1001,45250000,local_fixed_fee_input_derived
CSI-CHAIN-LOCAL-01,L2-EraVM,full-l2-e97b69f-20260925T132901Z-b,full,L2-EraVM-anvil-zksync,anvil-zksync 0.6.11,Version29,260,primary,primary-plonk-d10,plonk,10,11,2,deploy_manager,tx,,,,A0,,CredentialManagerPlonk,0x6B828bcb33305478cd7d27eB323F5C5B7b4aFdbe,1,113,20000000,50000,45250000,1,1,,,,,1,717867,5261,441924,84,1157879,1157879,20000000,1,164,5ae41b7f8aa8271295fd8de1e55bf63ed775a74acada927c682a6adf2b2a742b,6938,1,6624,0x010000cf8ad512f1d77f4733ef95b69a7329a5310824ac0599410635c1c0ebcf,1,0x90e146665c904a54107cc501f9edb87cbf72f9e49537ea08f3cd4720cefb8b58,3,2,1003,45250000,local_fixed_fee_input_derived
CSI-CHAIN-LOCAL-01,L2-EraVM,full-l2-e97b69f-20260925T132901Z-b,full,L2-EraVM-anvil-zksync,anvil-zksync 0.6.11,Version29,260,primary,primary-plonk-d10,plonk,10,11,3,set_issuer,tx,,,,A0,manager,CredentialManagerPlonk,0x6B828bcb33305478cd7d27eB323F5C5B7b4aFdbe,2,113,2000000,50000,45250000,1,1,,,,,1,124461,51,4284,84,128726,128726,2000000,1,68,727fd06686258f939093f54b4f3c375b0f3052da4ba7867e73d6f93a90702a06,211,0,,,,0x713564879c8aff6031e6624c8058f345711ab28df94e9be12b15a64f20b02b53,5,3,1005,45250000,local_fixed_fee_input_derived
CSI-CHAIN-LOCAL-01,L2-EraVM,full-l2-e97b69f-20260925T132901Z-b,full,L2-EraVM-anvil-zksync,anvil-zksync 0.6.11,Version29,260,primary,primary-plonk-d10,plonk,10,11,4,add_root,tx,,,,A0,manager,CredentialManagerPlonk,0x6B828bcb33305478cd7d27eB323F5C5B7b4aFdbe,3,113,2000000,50000,45250000,1,1,,,,,1,124781,51,4284,84,129046,129046,2000000,1,36,c70e0fc0dcce1b144b1b3352307a21f93a93f2fce4e70bc9dec9627a6e721205,178,0,,,,0x2e453c3dbcfe5b81e50259da72bb3c08a6cea04f063723fed6747de0d9caa191,7,4,1007,45250000,local_fixed_fee_input_derived
CSI-CHAIN-LOCAL-01,L2-EraVM,full-l2-e97b69f-20260925T132901Z-b,full,L2-EraVM-anvil-zksync,anvil-zksync 0.6.11,Version29,260,primary,primary-plonk-d10,plonk,10,11,5,precheck_call,call,PLK-d10-p0,0,64,A0,manager,CredentialManagerPlonk,0x6B828bcb33305478cd7d27eB323F5C5B7b4aFdbe,,,,,,call,call,,,true,true,1,,,,,,,,,804,6bf3a0d41decfc4fef1c2d1b8f63a8e574b03afc39ee5228c6ae46acbaf08690,,,,,,,,,,,local_fixed_fee_input_derived
CSI-CHAIN-LOCAL-01,L2-EraVM,full-l2-e97b69f-20260925T132901Z-b,full,L2-EraVM-anvil-zksync,anvil-zksync 0.6.11,Version29,260,primary,primary-plonk-d10,plonk,10,11,6,verify_credential,tx,PLK-d10-p0,0,64,A0,manager,CredentialManagerPlonk,0x6B828bcb33305478cd7d27eB323F5C5B7b4aFdbe,4,113,10000000,50000,45250000,1,1,,,true,true,1,453699,18,1512,84,455204,455204,10000000,1,804,6bf3a0d41decfc4fef1c2d1b8f63a8e574b03afc39ee5228c6ae46acbaf08690,949,0,,,,0xe4f281fb70e73f9e366e63373e71ece2348dfedf9611822d74b076a94af7b23f,9,5,1009,45250000,local_fixed_fee_input_derived
CSI-CHAIN-LOCAL-01,L2-EraVM,full-l2-e97b69f-20260925T132901Z-b,full,L2-EraVM-anvil-zksync,anvil-zksync 0.6.11,Version29,260,primary,primary-plonk-d10,plonk,10,11,7,verify_credential,tx,PLK-d10-p1,1,192,A0,manager,CredentialManagerPlonk,0x6B828bcb33305478cd7d27eB323F5C5B7b4aFdbe,5,113,10000000,50000,45250000,1,1,,,true,true,1,451047,18,1512,84,452552,452552,10000000,1,804,48d3ccc9c82c2a89033ba5d1bc6d1775a061f3dc42c1d3f3f49d5cbe4c5c6a7d,949,0,,,,0xf1b1aa34d397055f499031a6a36eca8b8e9cc02b5314805fc3d304605d93fdc7,11,6,1011,45250000,local_fixed_fee_input_derived
CSI-CHAIN-LOCAL-01,L2-EraVM,full-l2-e97b69f-20260925T132901Z-b,full,L2-EraVM-anvil-zksync,anvil-zksync 0.6.11,Version29,260,primary,primary-plonk-d10,plonk,10,11,8,verify_credential,tx,PLK-d10-p2,2,320,A0,manager,CredentialManagerPlonk,0x6B828bcb33305478cd7d27eB323F5C5B7b4aFdbe,6,113,10000000,50000,45250000,1,1,,,true,true,1,451353,18,1512,84,452858,452858,10000000,1,804,3a8cc9ccc552302b184ba711e587cf078ca48402ea4e2c2cd1011c069967dbff,949,0,,,,0x623d64366a843a3e30ad320ee9f87bdfca08d9fde5c3f544bdcebcf4eeca7723,13,7,1013,45250000,local_fixed_fee_input_derived
CSI-CHAIN-LOCAL-01,L2-EraVM,full-l2-e97b69f-20260925T132901Z-b,full,L2-EraVM-anvil-zksync,anvil-zksync 0.6.11,Version29,260,primary,primary-plonk-d10,plonk,10,11,9,verify_credential,tx,PLK-d10-p3,3,448,A0,manager,CredentialManagerPlonk,0x6B828bcb33305478cd7d27eB323F5C5B7b4aFdbe,7,113,10000000,50000,45250000,1,1,,,true,true,1,452535,18,1512,84,454040,454040,10000000,1,804,6faeb34a87b2eee3cbbb926b1f20fa123551a531e211b025e5ef185fdaa63d88,949,0,,,,0x4e1641aab887ff5316964b851c74eb61bc66b3399335979604510f3a73ff7c17,15,8,1015,45250000,local_fixed_fee_input_derived
CSI-CHAIN-LOCAL-01,L2-EraVM,full-l2-e97b69f-20260925T132901Z-b,full,L2-EraVM-anvil-zksync,anvil-zksync 0.6.11,Version29,260,primary,primary-plonk-d10,plonk,10,11,10,verify_credential,tx,PLK-d10-p4,4,576,A0,manager,CredentialManagerPlonk,0x6B828bcb33305478cd7d27eB323F5C5B7b4aFdbe,8,113,10000000,50000,45250000,1,1,,,true,true,1,454059,18,1512,84,455564,455564,10000000,1,804,889ad5536b6db7e8df862fb041bdc5035d9ac81e1e99e82fe695630642ec0377,949,0,,,,0x77d59ee9d8560d5b9ef2ace446c8a7b2c9a290942a93dc4d4a16acabcfb59dac,17,9,1017,45250000,local_fixed_fee_input_derived
CSI-CHAIN-LOCAL-01,L2-EraVM,full-l2-e97b69f-20260925T132901Z-b,full,L2-EraVM-anvil-zksync,anvil-zksync 0.6.11,Version29,260,primary,primary-plonk-d10,plonk,10,11,11,verify_credential,tx,PLK-d10-p5,5,704,A0,manager,CredentialManagerPlonk,0x6B828bcb33305478cd7d27eB323F5C5B7b4aFdbe,9,113,10000000,50000,45250000,1,1,,,true,true,1,452685,18,1512,84,454190,454190,10000000,1,804,7571976dd0ba2db2c85c6ca056ba8f0645133d72e9a6073fb97c5ceabf6baad4,949,0,,,,0x48f8cda7041d8015d677b8e2c1db2bb56236d4c10879c995d704a739143504e0,19,10,1019,45250000,local_fixed_fee_input_derived
CSI-CHAIN-LOCAL-01,L2-EraVM,full-l2-e97b69f-20260925T132901Z-b,full,L2-EraVM-anvil-zksync,anvil-zksync 0.6.11,Version29,260,primary,primary-plonk-d10,plonk,10,11,12,verify_credential,tx,PLK-d10-p6,6,832,A0,manager,CredentialManagerPlonk,0x6B828bcb33305478cd7d27eB323F5C5B7b4aFdbe,10,113,10000000,50000,45250000,1,1,,,true,true,1,455613,18,1512,84,457118,457118,10000000,1,804,448a66178c8e0f4abe44e1af57943a95f564075d60cd1f94e9ea6cedd278440f,949,0,,,,0xcfd41f8769bdaa0c182200b2db44c0a59c4d6ec5d68029c67b4d3d40ed863f35,21,11,1021,45250000,local_fixed_fee_input_derived
CSI-CHAIN-LOCAL-01,L2-EraVM,full-l2-e97b69f-20260925T132901Z-b,full,L2-EraVM-anvil-zksync,anvil-zksync 0.6.11,Version29,260,primary,primary-plonk-d10,plonk,10,11,13,verify_credential,tx,PLK-d10-p7,7,960,A0,manager,CredentialManagerPlonk,0x6B828bcb33305478cd7d27eB323F5C5B7b4aFdbe,11,113,10000000,50000,45250000,1,1,,,true,true,1,453675,18,1512,84,455180,455180,10000000,1,804,3462c47b8d50baac32f85d0648dfcbb6fb3289d0caeab7d76dd92fc72acd00f8,949,0,,,,0x4f3d2a36e717fabee42875d483d3a73e2a0e83ce21410b74afa8844d28e3c771,23,12,1023,45250000,local_fixed_fee_input_derived
CSI-CHAIN-LOCAL-01,L2-EraVM,full-l2-e97b69f-20260925T132901Z-b,full,L2-EraVM-anvil-zksync,anvil-zksync 0.6.11,Version29,260,primary,primary-plonk-d10,plonk,10,11,14,verify_proof_call,call,PLK-d10-p0,0,64,A0,verifier,PlonkVerifierDepth10,0x588758d8a0Ad1162A6294f3C274753137E664aE0,,,,,,call,call,,,true,true,1,,,,,,,,,804,90dd66bcd72c6143529772c40d979cb44dfc9cc4e0b417de520a01bb3ca89f57,,,,,,,,,,,local_fixed_fee_input_derived
CSI-CHAIN-LOCAL-01,L2-EraVM,full-l2-e97b69f-20260925T132901Z-b,full,L2-EraVM-anvil-zksync,anvil-zksync 0.6.11,Version29,260,primary,primary-plonk-d10,plonk,10,11,15,verify_proof_call,call,PLK-d10-p1,1,192,A0,verifier,PlonkVerifierDepth10,0x588758d8a0Ad1162A6294f3C274753137E664aE0,,,,,,call,call,,,true,true,1,,,,,,,,,804,be29702cb43a234f6f6cafe96c5672fa43157bade51186b68b7af165a00e33f0,,,,,,,,,,,local_fixed_fee_input_derived
CSI-CHAIN-LOCAL-01,L2-EraVM,full-l2-e97b69f-20260925T132901Z-b,full,L2-EraVM-anvil-zksync,anvil-zksync 0.6.11,Version29,260,primary,primary-plonk-d10,plonk,10,11,16,verify_proof_call,call,PLK-d10-p2,2,320,A0,verifier,PlonkVerifierDepth10,0x588758d8a0Ad1162A6294f3C274753137E664aE0,,,,,,call,call,,,true,true,1,,,,,,,,,804,d5fb1114574b096ff2131276de98b05d57ecf3a97845bee91a42ea623fe8bfad,,,,,,,,,,,local_fixed_fee_input_derived
CSI-CHAIN-LOCAL-01,L2-EraVM,full-l2-e97b69f-20260925T132901Z-b,full,L2-EraVM-anvil-zksync,anvil-zksync 0.6.11,Version29,260,primary,primary-plonk-d10,plonk,10,11,17,verify_proof_call,call,PLK-d10-p3,3,448,A0,verifier,PlonkVerifierDepth10,0x588758d8a0Ad1162A6294f3C274753137E664aE0,,,,,,call,call,,,true,true,1,,,,,,,,,804,078a513e4ae3f61c071d9ae80416e979e4e62f03ee180acff9deb51e295f21b8,,,,,,,,,,,local_fixed_fee_input_derived
CSI-CHAIN-LOCAL-01,L2-EraVM,full-l2-e97b69f-20260925T132901Z-b,full,L2-EraVM-anvil-zksync,anvil-zksync 0.6.11,Version29,260,primary,primary-plonk-d10,plonk,10,11,18,verify_proof_call,call,PLK-d10-p4,4,576,A0,verifier,PlonkVerifierDepth10,0x588758d8a0Ad1162A6294f3C274753137E664aE0,,,,,,call,call,,,true,true,1,,,,,,,,,804,76d65539e61c545609ba5af72922b30ade666eeae682dc30975aa5247920c81d,,,,,,,,,,,local_fixed_fee_input_derived
CSI-CHAIN-LOCAL-01,L2-EraVM,full-l2-e97b69f-20260925T132901Z-b,full,L2-EraVM-anvil-zksync,anvil-zksync 0.6.11,Version29,260,primary,primary-plonk-d10,plonk,10,11,19,verify_proof_call,call,PLK-d10-p5,5,704,A0,verifier,PlonkVerifierDepth10,0x588758d8a0Ad1162A6294f3C274753137E664aE0,,,,,,call,call,,,true,true,1,,,,,,,,,804,0088ccc137dfb53be3591ae61947f08006230750ae4609f9e6d319ff72cf6360,,,,,,,,,,,local_fixed_fee_input_derived
CSI-CHAIN-LOCAL-01,L2-EraVM,full-l2-e97b69f-20260925T132901Z-b,full,L2-EraVM-anvil-zksync,anvil-zksync 0.6.11,Version29,260,primary,primary-plonk-d10,plonk,10,11,20,verify_proof_call,call,PLK-d10-p6,6,832,A0,verifier,PlonkVerifierDepth10,0x588758d8a0Ad1162A6294f3C274753137E664aE0,,,,,,call,call,,,true,true,1,,,,,,,,,804,8090b93942453a0f926ec8f8383270939c8234a595f27d3cf0c1a631fe4a0b80,,,,,,,,,,,local_fixed_fee_input_derived
CSI-CHAIN-LOCAL-01,L2-EraVM,full-l2-e97b69f-20260925T132901Z-b,full,L2-EraVM-anvil-zksync,anvil-zksync 0.6.11,Version29,260,primary,primary-plonk-d10,plonk,10,11,21,verify_proof_call,call,PLK-d10-p7,7,960,A0,verifier,PlonkVerifierDepth10,0x588758d8a0Ad1162A6294f3C274753137E664aE0,,,,,,call,call,,,true,true,1,,,,,,,,,804,702de57ff9ff14ff9e0f404d47d32ca925c2a6614557a7236149f723214dc909,,,,,,,,,,,local_fixed_fee_input_derived
CSI-CHAIN-LOCAL-01,L2-EraVM,full-l2-e97b69f-20260925T132901Z-b,full,L2-EraVM-anvil-zksync,anvil-zksync 0.6.11,Version29,260,primary,primary-plonk-d10,plonk,10,11,22,verify_proof_direct,tx,PLK-d10-p0,0,64,A0,verifier,PlonkVerifierDepth10,0x588758d8a0Ad1162A6294f3C274753137E664aE0,12,113,10000000,50000,45250000,1,1,,,true,true,1,446250,18,1512,84,447755,447755,10000000,1,804,90dd66bcd72c6143529772c40d979cb44dfc9cc4e0b417de520a01bb3ca89f57,949,0,,,,0xcca3f74ed58b215a0275ca0f46fc255cfecfaeab721107cbee17ffe105e66040,25,13,1025,45250000,local_fixed_fee_input_derived
CSI-CHAIN-LOCAL-01,L2-EraVM,full-l2-e97b69f-20260925T132901Z-b,full,L2-EraVM-anvil-zksync,anvil-zksync 0.6.11,Version29,260,primary,primary-plonk-d10,plonk,10,11,23,verify_proof_direct,tx,PLK-d10-p1,1,192,A0,verifier,PlonkVerifierDepth10,0x588758d8a0Ad1162A6294f3C274753137E664aE0,13,113,10000000,50000,45250000,1,1,,,true,true,1,443598,18,1512,84,445103,445103,10000000,1,804,be29702cb43a234f6f6cafe96c5672fa43157bade51186b68b7af165a00e33f0,949,0,,,,0xcfe21a31959a99e1074861db36dbef566a3cc323e4602147121991d90179901b,27,14,1027,45250000,local_fixed_fee_input_derived
CSI-CHAIN-LOCAL-01,L2-EraVM,full-l2-e97b69f-20260925T132901Z-b,full,L2-EraVM-anvil-zksync,anvil-zksync 0.6.11,Version29,260,primary,primary-plonk-d10,plonk,10,11,24,verify_proof_direct,tx,PLK-d10-p2,2,320,A0,verifier,PlonkVerifierDepth10,0x588758d8a0Ad1162A6294f3C274753137E664aE0,14,113,10000000,50000,45250000,1,1,,,true,true,1,443904,18,1512,84,445409,445409,10000000,1,804,d5fb1114574b096ff2131276de98b05d57ecf3a97845bee91a42ea623fe8bfad,949,0,,,,0x55167df1f67329b4242d98a75b0dcb1988b71cb653c57fd3f244af8074c8f445,29,15,1029,45250000,local_fixed_fee_input_derived
CSI-CHAIN-LOCAL-01,L2-EraVM,full-l2-e97b69f-20260925T132901Z-b,full,L2-EraVM-anvil-zksync,anvil-zksync 0.6.11,Version29,260,primary,primary-plonk-d10,plonk,10,11,25,verify_proof_direct,tx,PLK-d10-p3,3,448,A0,verifier,PlonkVerifierDepth10,0x588758d8a0Ad1162A6294f3C274753137E664aE0,15,113,10000000,50000,45250000,1,1,,,true,true,1,445086,18,1512,84,446591,446591,10000000,1,804,078a513e4ae3f61c071d9ae80416e979e4e62f03ee180acff9deb51e295f21b8,949,0,,,,0x58f9e9c89eb39c3049687915bdccbeae11b96a4d056d2073ce3d9e66da2f77fd,31,16,1031,45250000,local_fixed_fee_input_derived
CSI-CHAIN-LOCAL-01,L2-EraVM,full-l2-e97b69f-20260925T132901Z-b,full,L2-EraVM-anvil-zksync,anvil-zksync 0.6.11,Version29,260,primary,primary-plonk-d10,plonk,10,11,26,verify_proof_direct,tx,PLK-d10-p4,4,576,A0,verifier,PlonkVerifierDepth10,0x588758d8a0Ad1162A6294f3C274753137E664aE0,16,113,10000000,50000,45250000,1,1,,,true,true,1,446610,18,1512,84,448115,448115,10000000,1,804,76d65539e61c545609ba5af72922b30ade666eeae682dc30975aa5247920c81d,949,0,,,,0xba1e2f5f09672ef377bd8f809d481b1b4c0a09fa7850fc327bfc9ab205f5446b,33,17,1033,45250000,local_fixed_fee_input_derived
CSI-CHAIN-LOCAL-01,L2-EraVM,full-l2-e97b69f-20260925T132901Z-b,full,L2-EraVM-anvil-zksync,anvil-zksync 0.6.11,Version29,260,primary,primary-plonk-d10,plonk,10,11,27,verify_proof_direct,tx,PLK-d10-p5,5,704,A0,verifier,PlonkVerifierDepth10,0x588758d8a0Ad1162A6294f3C274753137E664aE0,17,113,10000000,50000,45250000,1,1,,,true,true,1,445236,18,1512,84,446741,446741,10000000,1,804,0088ccc137dfb53be3591ae61947f08006230750ae4609f9e6d319ff72cf6360,949,0,,,,0x0682f2d4c52c0f56bfe8d3ed1672211392032e069cf184e6ebc4cf0cb71a245d,35,18,1035,45250000,local_fixed_fee_input_derived
CSI-CHAIN-LOCAL-01,L2-EraVM,full-l2-e97b69f-20260925T132901Z-b,full,L2-EraVM-anvil-zksync,anvil-zksync 0.6.11,Version29,260,primary,primary-plonk-d10,plonk,10,11,28,verify_proof_direct,tx,PLK-d10-p6,6,832,A0,verifier,PlonkVerifierDepth10,0x588758d8a0Ad1162A6294f3C274753137E664aE0,18,113,10000000,50000,45250000,1,1,,,true,true,1,448164,18,1512,84,449669,449669,10000000,1,804,8090b93942453a0f926ec8f8383270939c8234a595f27d3cf0c1a631fe4a0b80,949,0,,,,0xc8c0c1466017f92a3ad890f0216e878aed664cacf264bfd28d5b8267e06840a9,37,19,1037,45250000,local_fixed_fee_input_derived
CSI-CHAIN-LOCAL-01,L2-EraVM,full-l2-e97b69f-20260925T132901Z-b,full,L2-EraVM-anvil-zksync,anvil-zksync 0.6.11,Version29,260,primary,primary-plonk-d10,plonk,10,11,29,verify_proof_direct,tx,PLK-d10-p7,7,960,A0,verifier,PlonkVerifierDepth10,0x588758d8a0Ad1162A6294f3C274753137E664aE0,19,113,10000000,50000,45250000,1,1,,,true,true,1,446226,18,1512,84,447731,447731,10000000,1,804,702de57ff9ff14ff9e0f404d47d32ca925c2a6614557a7236149f723214dc909,949,0,,,,0x13694fa4e0dd2886610ca5f672f797f3ed650759a795e7277ee33a3d39cc7d5a,39,20,1039,45250000,local_fixed_fee_input_derived
CSI-CHAIN-LOCAL-01,L2-EraVM,full-l2-e97b69f-20260925T132901Z-b,full,L2-EraVM-anvil-zksync,anvil-zksync 0.6.11,Version29,260,primary,primary-plonk-d10,plonk,10,11,30,neg_unknown_root,tx,PLK-d11-p0,0,128,A0,manager,CredentialManagerPlonk,0x6B828bcb33305478cd7d27eB323F5C5B7b4aFdbe,20,113,10000000,50000,45250000,0,0,Invalid root,Invalid root,,,1,118760,18,1512,84,120265,120265,10000000,1,804,2b47235792217a37372089e141f1674bb5844d874e984fef7f6c13e2fa66e3e7,949,0,,,,0x486bbb73505851787fc1f52f42a67ab9fa77e99e522610b7615023e5468f7247,41,21,1041,45250000,local_fixed_fee_input_derived
CSI-CHAIN-LOCAL-01,L2-EraVM,full-l2-e97b69f-20260925T132901Z-b,full,L2-EraVM-anvil-zksync,anvil-zksync 0.6.11,Version29,260,primary,primary-plonk-d10,plonk,10,11,31,neg_tampered_call,call,PLK-d10-p0,0,64,A0,verifier,PlonkVerifierDepth10,0x588758d8a0Ad1162A6294f3C274753137E664aE0,,,,,,call,call,,,false,false,1,,,,,,,,,804,7298d00100b91f13f56ed67d511c63cab017f9347f6ea0983816ceee97736554,,,,,,,,,,,local_fixed_fee_input_derived
CSI-CHAIN-LOCAL-01,L2-EraVM,full-l2-e97b69f-20260925T132901Z-b,full,L2-EraVM-anvil-zksync,anvil-zksync 0.6.11,Version29,260,primary,primary-plonk-d10,plonk,10,11,32,neg_tampered,tx,PLK-d10-p0,0,64,A0,manager,CredentialManagerPlonk,0x6B828bcb33305478cd7d27eB323F5C5B7b4aFdbe,21,113,10000000,50000,45250000,0,0,Invalid proof,Invalid proof,,,1,453266,18,1512,84,454771,454771,10000000,1,804,6c6dee1d12c1395c4899f84403f155966011720bfc990c6f2dd8bd041da1cf33,949,0,,,,0xee2b79c45e47c40ed0de144ab8e43dff0001d7a6cfd424d3e9ca8b4c65d70221,43,22,1043,45250000,local_fixed_fee_input_derived
CSI-CHAIN-LOCAL-01,L2-EraVM,full-l2-e97b69f-20260925T132901Z-b,full,L2-EraVM-anvil-zksync,anvil-zksync 0.6.11,Version29,260,primary,primary-plonk-d10,plonk,10,11,33,neg_cross_depth_setup,tx,PLK-d11-p0,0,128,A0,manager,CredentialManagerPlonk,0x6B828bcb33305478cd7d27eB323F5C5B7b4aFdbe,22,113,2000000,50000,45250000,1,1,,,,,1,124781,51,4284,84,129046,129046,2000000,1,36,d02fee54c295d1b5cc2948d9c79837ece40c0013835e3b9bb349e94ae744e758,178,0,,,,0xacd12d3b21343b2c3cad81417ffbebc75b95e78d142174a91d89ce868343f8cc,45,23,1045,45250000,local_fixed_fee_input_derived
CSI-CHAIN-LOCAL-01,L2-EraVM,full-l2-e97b69f-20260925T132901Z-b,full,L2-EraVM-anvil-zksync,anvil-zksync 0.6.11,Version29,260,primary,primary-plonk-d10,plonk,10,11,34,neg_cross_depth_call,call,PLK-d11-p0,0,128,A0,verifier,PlonkVerifierDepth10,0x588758d8a0Ad1162A6294f3C274753137E664aE0,,,,,,call,call,,,false,false,1,,,,,,,,,804,42d9b2d20d72d206abba5097ac76532b8062090f8cea9f4e0c2a8d9b6861d838,,,,,,,,,,,local_fixed_fee_input_derived
CSI-CHAIN-LOCAL-01,L2-EraVM,full-l2-e97b69f-20260925T132901Z-b,full,L2-EraVM-anvil-zksync,anvil-zksync 0.6.11,Version29,260,primary,primary-plonk-d10,plonk,10,11,35,neg_cross_depth,tx,PLK-d11-p0,0,128,A0,manager,CredentialManagerPlonk,0x6B828bcb33305478cd7d27eB323F5C5B7b4aFdbe,23,113,10000000,50000,45250000,0,0,Invalid proof,Invalid proof,,,1,452396,18,1512,84,453901,453901,10000000,1,804,2b47235792217a37372089e141f1674bb5844d874e984fef7f6c13e2fa66e3e7,949,0,,,,0xa9df69ccea20668edc8e4bbf98810531e83d767382638f910ead85f1a2de5540,47,24,1047,45250000,local_fixed_fee_input_derived
CSI-CHAIN-LOCAL-01,L2-EraVM,full-l2-e97b69f-20260925T132901Z-b,full,L2-EraVM-anvil-zksync,anvil-zksync 0.6.11,Version29,260,primary,primary-plonk-d10,plonk,10,11,36,neg_non_issuer,tx,PLK-d10-p0,0,64,A1,manager,CredentialManagerPlonk,0x6B828bcb33305478cd7d27eB323F5C5B7b4aFdbe,0,113,2000000,50000,45250000,0,0,CredentialManager: not issuer,CredentialManager: not issuer,,,1,118583,45,3780,84,122346,122346,2000000,1,36,c70e0fc0dcce1b144b1b3352307a21f93a93f2fce4e70bc9dec9627a6e721205,178,0,,,,0x299db5580b5eb3bcffef33cf6b28034cc9c4ad819016fd11799c90a539316c48,49,25,1049,45250000,local_fixed_fee_input_derived
CSI-CHAIN-LOCAL-01,L2-EraVM,full-l2-e97b69f-20260925T132901Z-b,full,L2-EraVM-anvil-zksync,anvil-zksync 0.6.11,Version29,260,primary,primary-plonk-d11,plonk,11,15,1,deploy_verifier,tx,,,,A0,,PlonkVerifierDepth11,0x588758d8a0Ad1162A6294f3C274753137E664aE0,0,113,20000000,50000,45250000,1,1,,,,,1,2924800,24667,2072028,84,4987865,4987865,20000000,1,132,b840d88b70e2760221354d48781808507b306c245f173e22f28ce00246c4ce9c,42490,1,42208,0x0100052778196cbbed42200c01f2280655dacb2e92a94516f3d56c93d48e4b62,1,0x127491e144caa81b65a92b1713cafc655993971e2d67f34f2becca4162a1254d,1,1,1001,45250000,local_fixed_fee_input_derived
CSI-CHAIN-LOCAL-01,L2-EraVM,full-l2-e97b69f-20260925T132901Z-b,full,L2-EraVM-anvil-zksync,anvil-zksync 0.6.11,Version29,260,primary,primary-plonk-d11,plonk,11,15,2,deploy_manager,tx,,,,A0,,CredentialManagerPlonk,0x6B828bcb33305478cd7d27eB323F5C5B7b4aFdbe,1,113,20000000,50000,45250000,1,1,,,,,1,717867,5261,441924,84,1157879,1157879,20000000,1,164,5ae41b7f8aa8271295fd8de1e55bf63ed775a74acada927c682a6adf2b2a742b,6938,1,6624,0x010000cf8ad512f1d77f4733ef95b69a7329a5310824ac0599410635c1c0ebcf,1,0x90e146665c904a54107cc501f9edb87cbf72f9e49537ea08f3cd4720cefb8b58,3,2,1003,45250000,local_fixed_fee_input_derived
CSI-CHAIN-LOCAL-01,L2-EraVM,full-l2-e97b69f-20260925T132901Z-b,full,L2-EraVM-anvil-zksync,anvil-zksync 0.6.11,Version29,260,primary,primary-plonk-d11,plonk,11,15,3,set_issuer,tx,,,,A0,manager,CredentialManagerPlonk,0x6B828bcb33305478cd7d27eB323F5C5B7b4aFdbe,2,113,2000000,50000,45250000,1,1,,,,,1,124461,51,4284,84,128726,128726,2000000,1,68,727fd06686258f939093f54b4f3c375b0f3052da4ba7867e73d6f93a90702a06,211,0,,,,0x713564879c8aff6031e6624c8058f345711ab28df94e9be12b15a64f20b02b53,5,3,1005,45250000,local_fixed_fee_input_derived
CSI-CHAIN-LOCAL-01,L2-EraVM,full-l2-e97b69f-20260925T132901Z-b,full,L2-EraVM-anvil-zksync,anvil-zksync 0.6.11,Version29,260,primary,primary-plonk-d11,plonk,11,15,4,add_root,tx,,,,A0,manager,CredentialManagerPlonk,0x6B828bcb33305478cd7d27eB323F5C5B7b4aFdbe,3,113,2000000,50000,45250000,1,1,,,,,1,124781,51,4284,84,129046,129046,2000000,1,36,d02fee54c295d1b5cc2948d9c79837ece40c0013835e3b9bb349e94ae744e758,178,0,,,,0x78ed6108833b2bdd949625441f20040c10ccacc566939dd23b2255e5cbc5e519,7,4,1007,45250000,local_fixed_fee_input_derived
CSI-CHAIN-LOCAL-01,L2-EraVM,full-l2-e97b69f-20260925T132901Z-b,full,L2-EraVM-anvil-zksync,anvil-zksync 0.6.11,Version29,260,primary,primary-plonk-d11,plonk,11,15,5,precheck_call,call,PLK-d11-p0,0,128,A0,manager,CredentialManagerPlonk,0x6B828bcb33305478cd7d27eB323F5C5B7b4aFdbe,,,,,,call,call,,,true,true,1,,,,,,,,,804,2b47235792217a37372089e141f1674bb5844d874e984fef7f6c13e2fa66e3e7,,,,,,,,,,,local_fixed_fee_input_derived
CSI-CHAIN-LOCAL-01,L2-EraVM,full-l2-e97b69f-20260925T132901Z-b,full,L2-EraVM-anvil-zksync,anvil-zksync 0.6.11,Version29,260,primary,primary-plonk-d11,plonk,11,15,6,verify_credential,tx,PLK-d11-p0,0,128,A0,manager,CredentialManagerPlonk,0x6B828bcb33305478cd7d27eB323F5C5B7b4aFdbe,4,113,10000000,50000,45250000,1,1,,,true,true,1,452967,18,1512,84,454472,454472,10000000,1,804,2b47235792217a37372089e141f1674bb5844d874e984fef7f6c13e2fa66e3e7,949,0,,,,0xc54b9812296e010f9d9e94875392cbf7630410966799b4918a872b3490e39b90,9,5,1009,45250000,local_fixed_fee_input_derived
CSI-CHAIN-LOCAL-01,L2-EraVM,full-l2-e97b69f-20260925T132901Z-b,full,L2-EraVM-anvil-zksync,anvil-zksync 0.6.11,Version29,260,primary,primary-plonk-d11,plonk,11,15,7,verify_credential,tx,PLK-d11-p1,1,384,A0,manager,CredentialManagerPlonk,0x6B828bcb33305478cd7d27eB323F5C5B7b4aFdbe,5,113,10000000,50000,45250000,1,1,,,true,true,1,452889,18,1512,84,454394,454394,10000000,1,804,a298ee5b1ea8679aadf74fcb657d46d87472c6f0fdc20c3fb76317acbb8dc10b,949,0,,,,0x0bb49314772d6e924a81845b6cf7febbe825b22b1382a2293ba1d20479a1e046,11,6,1011,45250000,local_fixed_fee_input_derived
CSI-CHAIN-LOCAL-01,L2-EraVM,full-l2-e97b69f-20260925T132901Z-b,full,L2-EraVM-anvil-zksync,anvil-zksync 0.6.11,Version29,260,primary,primary-plonk-d11,plonk,11,15,8,verify_credential,tx,PLK-d11-p2,2,640,A0,manager,CredentialManagerPlonk,0x6B828bcb33305478cd7d27eB323F5C5B7b4aFdbe,6,113,10000000,50000,45250000,1,1,,,true,true,1,453597,18,1512,84,455102,455102,10000000,1,804,2ee29d5501094520458c929b644ce4a0a0f45ca0b480b92576af41b30be4edda,949,0,,,,0x3cfcc06b1652bbcc5fca9b5140913dc44390895a06c890eb6d9baa025a13a937,13,7,1013,45250000,local_fixed_fee_input_derived
CSI-CHAIN-LOCAL-01,L2-EraVM,full-l2-e97b69f-20260925T132901Z-b,full,L2-EraVM-anvil-zksync,anvil-zksync 0.6.11,Version29,260,primary,primary-plonk-d11,plonk,11,15,9,verify_credential,tx,PLK-d11-p3,3,896,A0,manager,CredentialManagerPlonk,0x6B828bcb33305478cd7d27eB323F5C5B7b4aFdbe,7,113,10000000,50000,45250000,1,1,,,true,true,1,451251,18,1512,84,452756,452756,10000000,1,804,c25bc9bbede2b2df8aea1cdfd23e995df398f72a494a1e2f6469052cbb90f86d,949,0,,,,0xdc01b0dbb285b304978750b9cabe98062a03871bc04a578d0538272e471f7791,15,8,1015,45250000,local_fixed_fee_input_derived
CSI-CHAIN-LOCAL-01,L2-EraVM,full-l2-e97b69f-20260925T132901Z-b,full,L2-EraVM-anvil-zksync,anvil-zksync 0.6.11,Version29,260,primary,primary-plonk-d11,plonk,11,15,10,verify_credential,tx,PLK-d11-p4,4,1152,A0,manager,CredentialManagerPlonk,0x6B828bcb33305478cd7d27eB323F5C5B7b4aFdbe,8,113,10000000,50000,45250000,1,1,,,true,true,1,451917,18,1512,84,453422,453422,10000000,1,804,f4253711bd5cdd10940a540f32b8326b2eb5055392e87f0978383a126dc354c0,949,0,,,,0x76e1d0c3b5eab975d82622e77c97c701c0be2948a5efc9fab70f12f33e234818,17,9,1017,45250000,local_fixed_fee_input_derived
CSI-CHAIN-LOCAL-01,L2-EraVM,full-l2-e97b69f-20260925T132901Z-b,full,L2-EraVM-anvil-zksync,anvil-zksync 0.6.11,Version29,260,primary,primary-plonk-d11,plonk,11,15,11,verify_credential,tx,PLK-d11-p5,5,1408,A0,manager,CredentialManagerPlonk,0x6B828bcb33305478cd7d27eB323F5C5B7b4aFdbe,9,113,10000000,50000,45250000,1,1,,,true,true,1,454203,18,1512,84,455708,455708,10000000,1,804,38d75d228bf268c3365f0b76b425971c57ff8bc0a8673ec4afc7f992b9ef7588,949,0,,,,0x1999d8f4059568f9a9247763c792220433ab86f3235eabcc753ba7bcbeab5995,19,10,1019,45250000,local_fixed_fee_input_derived
CSI-CHAIN-LOCAL-01,L2-EraVM,full-l2-e97b69f-20260925T132901Z-b,full,L2-EraVM-anvil-zksync,anvil-zksync 0.6.11,Version29,260,primary,primary-plonk-d11,plonk,11,15,12,verify_credential,tx,PLK-d11-p6,6,1664,A0,manager,CredentialManagerPlonk,0x6B828bcb33305478cd7d27eB323F5C5B7b4aFdbe,10,113,10000000,50000,45250000,1,1,,,true,true,1,450915,18,1512,84,452420,452420,10000000,1,804,8013e7d0f3f9b048b05f0cfc703586560dbdd141d56197f16c77583f3887a360,949,0,,,,0x5f42a949c3ec8f154192d098ca60df9690dab61220271242cde1624a8845dec7,21,11,1021,45250000,local_fixed_fee_input_derived
CSI-CHAIN-LOCAL-01,L2-EraVM,full-l2-e97b69f-20260925T132901Z-b,full,L2-EraVM-anvil-zksync,anvil-zksync 0.6.11,Version29,260,primary,primary-plonk-d11,plonk,11,15,13,verify_credential,tx,PLK-d11-p7,7,1920,A0,manager,CredentialManagerPlonk,0x6B828bcb33305478cd7d27eB323F5C5B7b4aFdbe,11,113,10000000,50000,45250000,1,1,,,true,true,1,451959,18,1512,84,453464,453464,10000000,1,804,8d42c7c17e96fffb22e1b6031c6c3b715f19ec05a67f995ee09e430a9c4fe047,949,0,,,,0x45f692040d4f486be27ecb50b91e03bca46ce7ed6e565d8f227c377bbcdafe0e,23,12,1023,45250000,local_fixed_fee_input_derived
CSI-CHAIN-LOCAL-01,L2-EraVM,full-l2-e97b69f-20260925T132901Z-b,full,L2-EraVM-anvil-zksync,anvil-zksync 0.6.11,Version29,260,primary,primary-plonk-d11,plonk,11,15,14,verify_proof_call,call,PLK-d11-p0,0,128,A0,verifier,PlonkVerifierDepth11,0x588758d8a0Ad1162A6294f3C274753137E664aE0,,,,,,call,call,,,true,true,1,,,,,,,,,804,42d9b2d20d72d206abba5097ac76532b8062090f8cea9f4e0c2a8d9b6861d838,,,,,,,,,,,local_fixed_fee_input_derived
CSI-CHAIN-LOCAL-01,L2-EraVM,full-l2-e97b69f-20260925T132901Z-b,full,L2-EraVM-anvil-zksync,anvil-zksync 0.6.11,Version29,260,primary,primary-plonk-d11,plonk,11,15,15,verify_proof_call,call,PLK-d11-p1,1,384,A0,verifier,PlonkVerifierDepth11,0x588758d8a0Ad1162A6294f3C274753137E664aE0,,,,,,call,call,,,true,true,1,,,,,,,,,804,9ccd9e77846daea08f1035a0ef08df84286cb7e5d8daa28d5197c5f4a5ce9668,,,,,,,,,,,local_fixed_fee_input_derived
CSI-CHAIN-LOCAL-01,L2-EraVM,full-l2-e97b69f-20260925T132901Z-b,full,L2-EraVM-anvil-zksync,anvil-zksync 0.6.11,Version29,260,primary,primary-plonk-d11,plonk,11,15,16,verify_proof_call,call,PLK-d11-p2,2,640,A0,verifier,PlonkVerifierDepth11,0x588758d8a0Ad1162A6294f3C274753137E664aE0,,,,,,call,call,,,true,true,1,,,,,,,,,804,30ad1663cc0bd8295fc1ed381ea363968872a5f6431e9acc48eabd56b343bc1a,,,,,,,,,,,local_fixed_fee_input_derived
CSI-CHAIN-LOCAL-01,L2-EraVM,full-l2-e97b69f-20260925T132901Z-b,full,L2-EraVM-anvil-zksync,anvil-zksync 0.6.11,Version29,260,primary,primary-plonk-d11,plonk,11,15,17,verify_proof_call,call,PLK-d11-p3,3,896,A0,verifier,PlonkVerifierDepth11,0x588758d8a0Ad1162A6294f3C274753137E664aE0,,,,,,call,call,,,true,true,1,,,,,,,,,804,c8ba1266c4dbceb5dcfd7be60c3b1f0cea3873f4a4c56e8fda87a23eff5ebff1,,,,,,,,,,,local_fixed_fee_input_derived
CSI-CHAIN-LOCAL-01,L2-EraVM,full-l2-e97b69f-20260925T132901Z-b,full,L2-EraVM-anvil-zksync,anvil-zksync 0.6.11,Version29,260,primary,primary-plonk-d11,plonk,11,15,18,verify_proof_call,call,PLK-d11-p4,4,1152,A0,verifier,PlonkVerifierDepth11,0x588758d8a0Ad1162A6294f3C274753137E664aE0,,,,,,call,call,,,true,true,1,,,,,,,,,804,a76915548dcf5d23d868669660ef71e3877221f3d7e55c8c3ccbfbb662416929,,,,,,,,,,,local_fixed_fee_input_derived
CSI-CHAIN-LOCAL-01,L2-EraVM,full-l2-e97b69f-20260925T132901Z-b,full,L2-EraVM-anvil-zksync,anvil-zksync 0.6.11,Version29,260,primary,primary-plonk-d11,plonk,11,15,19,verify_proof_call,call,PLK-d11-p5,5,1408,A0,verifier,PlonkVerifierDepth11,0x588758d8a0Ad1162A6294f3C274753137E664aE0,,,,,,call,call,,,true,true,1,,,,,,,,,804,ec5335a123dd6d326a8722727ea79ede70e0f6757e964ccb6a941cf4bb4d0311,,,,,,,,,,,local_fixed_fee_input_derived
CSI-CHAIN-LOCAL-01,L2-EraVM,full-l2-e97b69f-20260925T132901Z-b,full,L2-EraVM-anvil-zksync,anvil-zksync 0.6.11,Version29,260,primary,primary-plonk-d11,plonk,11,15,20,verify_proof_call,call,PLK-d11-p6,6,1664,A0,verifier,PlonkVerifierDepth11,0x588758d8a0Ad1162A6294f3C274753137E664aE0,,,,,,call,call,,,true,true,1,,,,,,,,,804,ffa02f5588c6d722592d3723231e4f2a6a7e9122492e90ba0493b935fb7be2ae,,,,,,,,,,,local_fixed_fee_input_derived
CSI-CHAIN-LOCAL-01,L2-EraVM,full-l2-e97b69f-20260925T132901Z-b,full,L2-EraVM-anvil-zksync,anvil-zksync 0.6.11,Version29,260,primary,primary-plonk-d11,plonk,11,15,21,verify_proof_call,call,PLK-d11-p7,7,1920,A0,verifier,PlonkVerifierDepth11,0x588758d8a0Ad1162A6294f3C274753137E664aE0,,,,,,call,call,,,true,true,1,,,,,,,,,804,01c3d0e0a3b82f2e099442cb58044628b271cf30c0789dcd58194a08aa1fd0fd,,,,,,,,,,,local_fixed_fee_input_derived
CSI-CHAIN-LOCAL-01,L2-EraVM,full-l2-e97b69f-20260925T132901Z-b,full,L2-EraVM-anvil-zksync,anvil-zksync 0.6.11,Version29,260,primary,primary-plonk-d11,plonk,11,15,22,verify_proof_direct,tx,PLK-d11-p0,0,128,A0,verifier,PlonkVerifierDepth11,0x588758d8a0Ad1162A6294f3C274753137E664aE0,12,113,10000000,50000,45250000,1,1,,,true,true,1,445518,18,1512,84,447023,447023,10000000,1,804,42d9b2d20d72d206abba5097ac76532b8062090f8cea9f4e0c2a8d9b6861d838,949,0,,,,0xeacea2b41aaa9c2f20aa10c99152a235c391e0310e3aa4d143f3e7117c6c90b4,25,13,1025,45250000,local_fixed_fee_input_derived
CSI-CHAIN-LOCAL-01,L2-EraVM,full-l2-e97b69f-20260925T132901Z-b,full,L2-EraVM-anvil-zksync,anvil-zksync 0.6.11,Version29,260,primary,primary-plonk-d11,plonk,11,15,23,verify_proof_direct,tx,PLK-d11-p1,1,384,A0,verifier,PlonkVerifierDepth11,0x588758d8a0Ad1162A6294f3C274753137E664aE0,13,113,10000000,50000,45250000,1,1,,,true,true,1,445440,18,1512,84,446945,446945,10000000,1,804,9ccd9e77846daea08f1035a0ef08df84286cb7e5d8daa28d5197c5f4a5ce9668,949,0,,,,0xb480c6c04fbbe816f102431e2dac2e7eb91bbf37b8f2fccc08638e44c291371a,27,14,1027,45250000,local_fixed_fee_input_derived
CSI-CHAIN-LOCAL-01,L2-EraVM,full-l2-e97b69f-20260925T132901Z-b,full,L2-EraVM-anvil-zksync,anvil-zksync 0.6.11,Version29,260,primary,primary-plonk-d11,plonk,11,15,24,verify_proof_direct,tx,PLK-d11-p2,2,640,A0,verifier,PlonkVerifierDepth11,0x588758d8a0Ad1162A6294f3C274753137E664aE0,14,113,10000000,50000,45250000,1,1,,,true,true,1,446148,18,1512,84,447653,447653,10000000,1,804,30ad1663cc0bd8295fc1ed381ea363968872a5f6431e9acc48eabd56b343bc1a,949,0,,,,0x6035ca1c87a37aa96c5096216b92924849bea4f3a0f85a0072ae22e3d033c19c,29,15,1029,45250000,local_fixed_fee_input_derived
CSI-CHAIN-LOCAL-01,L2-EraVM,full-l2-e97b69f-20260925T132901Z-b,full,L2-EraVM-anvil-zksync,anvil-zksync 0.6.11,Version29,260,primary,primary-plonk-d11,plonk,11,15,25,verify_proof_direct,tx,PLK-d11-p3,3,896,A0,verifier,PlonkVerifierDepth11,0x588758d8a0Ad1162A6294f3C274753137E664aE0,15,113,10000000,50000,45250000,1,1,,,true,true,1,443802,18,1512,84,445307,445307,10000000,1,804,c8ba1266c4dbceb5dcfd7be60c3b1f0cea3873f4a4c56e8fda87a23eff5ebff1,949,0,,,,0xeca23b149e7813036d2a16dd712a9bd608458525b7cfaa8a49fb950291e84c74,31,16,1031,45250000,local_fixed_fee_input_derived
CSI-CHAIN-LOCAL-01,L2-EraVM,full-l2-e97b69f-20260925T132901Z-b,full,L2-EraVM-anvil-zksync,anvil-zksync 0.6.11,Version29,260,primary,primary-plonk-d11,plonk,11,15,26,verify_proof_direct,tx,PLK-d11-p4,4,1152,A0,verifier,PlonkVerifierDepth11,0x588758d8a0Ad1162A6294f3C274753137E664aE0,16,113,10000000,50000,45250000,1,1,,,true,true,1,444468,18,1512,84,445973,445973,10000000,1,804,a76915548dcf5d23d868669660ef71e3877221f3d7e55c8c3ccbfbb662416929,949,0,,,,0xce566b46418978e1fe69a2ed0a4c61b8da1ebfb7946699b81d0c7ff872cf353a,33,17,1033,45250000,local_fixed_fee_input_derived
CSI-CHAIN-LOCAL-01,L2-EraVM,full-l2-e97b69f-20260925T132901Z-b,full,L2-EraVM-anvil-zksync,anvil-zksync 0.6.11,Version29,260,primary,primary-plonk-d11,plonk,11,15,27,verify_proof_direct,tx,PLK-d11-p5,5,1408,A0,verifier,PlonkVerifierDepth11,0x588758d8a0Ad1162A6294f3C274753137E664aE0,17,113,10000000,50000,45250000,1,1,,,true,true,1,446754,18,1512,84,448259,448259,10000000,1,804,ec5335a123dd6d326a8722727ea79ede70e0f6757e964ccb6a941cf4bb4d0311,949,0,,,,0xbb09de2442491d176d932cfb376188e5e234ca27ecf4e0da831114579a071d2b,35,18,1035,45250000,local_fixed_fee_input_derived
CSI-CHAIN-LOCAL-01,L2-EraVM,full-l2-e97b69f-20260925T132901Z-b,full,L2-EraVM-anvil-zksync,anvil-zksync 0.6.11,Version29,260,primary,primary-plonk-d11,plonk,11,15,28,verify_proof_direct,tx,PLK-d11-p6,6,1664,A0,verifier,PlonkVerifierDepth11,0x588758d8a0Ad1162A6294f3C274753137E664aE0,18,113,10000000,50000,45250000,1,1,,,true,true,1,443466,18,1512,84,444971,444971,10000000,1,804,ffa02f5588c6d722592d3723231e4f2a6a7e9122492e90ba0493b935fb7be2ae,949,0,,,,0x53f55047645accb757bc30b84d568a58b1d498354f74dfdd9289c7cf4bd81529,37,19,1037,45250000,local_fixed_fee_input_derived
CSI-CHAIN-LOCAL-01,L2-EraVM,full-l2-e97b69f-20260925T132901Z-b,full,L2-EraVM-anvil-zksync,anvil-zksync 0.6.11,Version29,260,primary,primary-plonk-d11,plonk,11,15,29,verify_proof_direct,tx,PLK-d11-p7,7,1920,A0,verifier,PlonkVerifierDepth11,0x588758d8a0Ad1162A6294f3C274753137E664aE0,19,113,10000000,50000,45250000,1,1,,,true,true,1,444510,18,1512,84,446015,446015,10000000,1,804,01c3d0e0a3b82f2e099442cb58044628b271cf30c0789dcd58194a08aa1fd0fd,949,0,,,,0xaf20623e5b69258d4c182532003f90e665313354afcd85178400989be17acacc,39,20,1039,45250000,local_fixed_fee_input_derived
CSI-CHAIN-LOCAL-01,L2-EraVM,full-l2-e97b69f-20260925T132901Z-b,full,L2-EraVM-anvil-zksync,anvil-zksync 0.6.11,Version29,260,primary,primary-plonk-d11,plonk,11,15,30,neg_unknown_root,tx,PLK-d15-p0,0,2048,A0,manager,CredentialManagerPlonk,0x6B828bcb33305478cd7d27eB323F5C5B7b4aFdbe,20,113,10000000,50000,45250000,0,0,Invalid root,Invalid root,,,1,118760,18,1512,84,120265,120265,10000000,1,804,731e2753d2394287d3395e9ffe5e9434a5740b4f1d8464c12866368e5854c36b,949,0,,,,0x3bce4091b2f25092d22f4380bfe044a513b3a24487b2e9220d9a3318c68ad665,41,21,1041,45250000,local_fixed_fee_input_derived
CSI-CHAIN-LOCAL-01,L2-EraVM,full-l2-e97b69f-20260925T132901Z-b,full,L2-EraVM-anvil-zksync,anvil-zksync 0.6.11,Version29,260,primary,primary-plonk-d11,plonk,11,15,31,neg_tampered_call,call,PLK-d11-p0,0,128,A0,verifier,PlonkVerifierDepth11,0x588758d8a0Ad1162A6294f3C274753137E664aE0,,,,,,call,call,,,false,false,1,,,,,,,,,804,fbad9cd0928acf67791ce161cac8e570bd576dd5b3da1d9bbec54d592181121a,,,,,,,,,,,local_fixed_fee_input_derived
CSI-CHAIN-LOCAL-01,L2-EraVM,full-l2-e97b69f-20260925T132901Z-b,full,L2-EraVM-anvil-zksync,anvil-zksync 0.6.11,Version29,260,primary,primary-plonk-d11,plonk,11,15,32,neg_tampered,tx,PLK-d11-p0,0,128,A0,manager,CredentialManagerPlonk,0x6B828bcb33305478cd7d27eB323F5C5B7b4aFdbe,21,113,10000000,50000,45250000,0,0,Invalid proof,Invalid proof,,,1,452972,18,1512,84,454477,454477,10000000,1,804,79ce7d8b09af7b21b66c65c3893d8558bcbbbae70ae5191211102a595b145ab5,949,0,,,,0x79c78a73623815b82cb77b7cc640211c6f9cda4b0ffdb5fbba62d46f65f71da9,43,22,1043,45250000,local_fixed_fee_input_derived
CSI-CHAIN-LOCAL-01,L2-EraVM,full-l2-e97b69f-20260925T132901Z-b,full,L2-EraVM-anvil-zksync,anvil-zksync 0.6.11,Version29,260,primary,primary-plonk-d11,plonk,11,15,33,neg_cross_depth_setup,tx,PLK-d15-p0,0,2048,A0,manager,CredentialManagerPlonk,0x6B828bcb33305478cd7d27eB323F5C5B7b4aFdbe,22,113,2000000,50000,45250000,1,1,,,,,1,124781,51,4284,84,129046,129046,2000000,1,36,f2931f0aaf26f5d51c33dadce13833370940a08948160921859c7fe776ca5aa8,178,0,,,,0x62b65b66e91f997fa1c5a34070ef36b683b773d7dd73d842920629a3754794f8,45,23,1045,45250000,local_fixed_fee_input_derived
CSI-CHAIN-LOCAL-01,L2-EraVM,full-l2-e97b69f-20260925T132901Z-b,full,L2-EraVM-anvil-zksync,anvil-zksync 0.6.11,Version29,260,primary,primary-plonk-d11,plonk,11,15,34,neg_cross_depth_call,call,PLK-d15-p0,0,2048,A0,verifier,PlonkVerifierDepth11,0x588758d8a0Ad1162A6294f3C274753137E664aE0,,,,,,call,call,,,false,false,1,,,,,,,,,804,c4b8e8f2a232c6173469d9623585996bc0fd8bd56327a2a75ac2c9f88179d5e5,,,,,,,,,,,local_fixed_fee_input_derived
CSI-CHAIN-LOCAL-01,L2-EraVM,full-l2-e97b69f-20260925T132901Z-b,full,L2-EraVM-anvil-zksync,anvil-zksync 0.6.11,Version29,260,primary,primary-plonk-d11,plonk,11,15,35,neg_cross_depth,tx,PLK-d15-p0,0,2048,A0,manager,CredentialManagerPlonk,0x6B828bcb33305478cd7d27eB323F5C5B7b4aFdbe,23,113,10000000,50000,45250000,0,0,Invalid proof,Invalid proof,,,1,451490,18,1512,84,452995,452995,10000000,1,804,731e2753d2394287d3395e9ffe5e9434a5740b4f1d8464c12866368e5854c36b,949,0,,,,0x9cb1c3304e6352490f425143f66e6629541c304b7b13f076d46e0432ff7f1cfe,47,24,1047,45250000,local_fixed_fee_input_derived
CSI-CHAIN-LOCAL-01,L2-EraVM,full-l2-e97b69f-20260925T132901Z-b,full,L2-EraVM-anvil-zksync,anvil-zksync 0.6.11,Version29,260,primary,primary-plonk-d11,plonk,11,15,36,neg_non_issuer,tx,PLK-d11-p0,0,128,A1,manager,CredentialManagerPlonk,0x6B828bcb33305478cd7d27eB323F5C5B7b4aFdbe,0,113,2000000,50000,45250000,0,0,CredentialManager: not issuer,CredentialManager: not issuer,,,1,118583,45,3780,84,122346,122346,2000000,1,36,d02fee54c295d1b5cc2948d9c79837ece40c0013835e3b9bb349e94ae744e758,178,0,,,,0x44d6fc082a24a2cd727a9ef21f1ad5a955ddae827db24bb156b6b7ea5c8ac54e,49,25,1049,45250000,local_fixed_fee_input_derived
CSI-CHAIN-LOCAL-01,L2-EraVM,full-l2-e97b69f-20260925T132901Z-b,full,L2-EraVM-anvil-zksync,anvil-zksync 0.6.11,Version29,260,primary,primary-plonk-d15,plonk,15,5,1,deploy_verifier,tx,,,,A0,,PlonkVerifierDepth15,0x588758d8a0Ad1162A6294f3C274753137E664aE0,0,113,20000000,50000,45250000,1,1,,,,,1,2924800,24667,2072028,84,4987865,4987865,20000000,1,132,5cf6b93c71e6806a94ef342568081d9163d99125c30c188a6270aca466d1da04,42490,1,42208,0x0100052765cab970b17b0cdc721bf5c98f284c5cfa3453344da2e2c80a2a9459,1,0x998e1c1204dd1fc72ad1d16253649a50ab0ce7d7eb23708222c916645dfcf0a9,1,1,1001,45250000,local_fixed_fee_input_derived
CSI-CHAIN-LOCAL-01,L2-EraVM,full-l2-e97b69f-20260925T132901Z-b,full,L2-EraVM-anvil-zksync,anvil-zksync 0.6.11,Version29,260,primary,primary-plonk-d15,plonk,15,5,2,deploy_manager,tx,,,,A0,,CredentialManagerPlonk,0x6B828bcb33305478cd7d27eB323F5C5B7b4aFdbe,1,113,20000000,50000,45250000,1,1,,,,,1,717867,5261,441924,84,1157879,1157879,20000000,1,164,5ae41b7f8aa8271295fd8de1e55bf63ed775a74acada927c682a6adf2b2a742b,6938,1,6624,0x010000cf8ad512f1d77f4733ef95b69a7329a5310824ac0599410635c1c0ebcf,1,0x90e146665c904a54107cc501f9edb87cbf72f9e49537ea08f3cd4720cefb8b58,3,2,1003,45250000,local_fixed_fee_input_derived
CSI-CHAIN-LOCAL-01,L2-EraVM,full-l2-e97b69f-20260925T132901Z-b,full,L2-EraVM-anvil-zksync,anvil-zksync 0.6.11,Version29,260,primary,primary-plonk-d15,plonk,15,5,3,set_issuer,tx,,,,A0,manager,CredentialManagerPlonk,0x6B828bcb33305478cd7d27eB323F5C5B7b4aFdbe,2,113,2000000,50000,45250000,1,1,,,,,1,124461,51,4284,84,128726,128726,2000000,1,68,727fd06686258f939093f54b4f3c375b0f3052da4ba7867e73d6f93a90702a06,211,0,,,,0x713564879c8aff6031e6624c8058f345711ab28df94e9be12b15a64f20b02b53,5,3,1005,45250000,local_fixed_fee_input_derived
CSI-CHAIN-LOCAL-01,L2-EraVM,full-l2-e97b69f-20260925T132901Z-b,full,L2-EraVM-anvil-zksync,anvil-zksync 0.6.11,Version29,260,primary,primary-plonk-d15,plonk,15,5,4,add_root,tx,,,,A0,manager,CredentialManagerPlonk,0x6B828bcb33305478cd7d27eB323F5C5B7b4aFdbe,3,113,2000000,50000,45250000,1,1,,,,,1,124781,51,4284,84,129046,129046,2000000,1,36,f2931f0aaf26f5d51c33dadce13833370940a08948160921859c7fe776ca5aa8,178,0,,,,0x7e6eb3374e778e11bcdd974c6b4bf275fcd7bd50d5b4e9f54f7f1fc1244acd93,7,4,1007,45250000,local_fixed_fee_input_derived
CSI-CHAIN-LOCAL-01,L2-EraVM,full-l2-e97b69f-20260925T132901Z-b,full,L2-EraVM-anvil-zksync,anvil-zksync 0.6.11,Version29,260,primary,primary-plonk-d15,plonk,15,5,5,precheck_call,call,PLK-d15-p0,0,2048,A0,manager,CredentialManagerPlonk,0x6B828bcb33305478cd7d27eB323F5C5B7b4aFdbe,,,,,,call,call,,,true,true,1,,,,,,,,,804,731e2753d2394287d3395e9ffe5e9434a5740b4f1d8464c12866368e5854c36b,,,,,,,,,,,local_fixed_fee_input_derived
CSI-CHAIN-LOCAL-01,L2-EraVM,full-l2-e97b69f-20260925T132901Z-b,full,L2-EraVM-anvil-zksync,anvil-zksync 0.6.11,Version29,260,primary,primary-plonk-d15,plonk,15,5,6,verify_credential,tx,PLK-d15-p0,0,2048,A0,manager,CredentialManagerPlonk,0x6B828bcb33305478cd7d27eB323F5C5B7b4aFdbe,4,113,10000000,50000,45250000,1,1,,,true,true,1,452793,18,1512,84,454298,454298,10000000,1,804,731e2753d2394287d3395e9ffe5e9434a5740b4f1d8464c12866368e5854c36b,949,0,,,,0xdc46f1b6e5ee84ed389ec1cfb211c385ee4a641a6a28884ab2061faca9cbd771,9,5,1009,45250000,local_fixed_fee_input_derived
CSI-CHAIN-LOCAL-01,L2-EraVM,full-l2-e97b69f-20260925T132901Z-b,full,L2-EraVM-anvil-zksync,anvil-zksync 0.6.11,Version29,260,primary,primary-plonk-d15,plonk,15,5,7,verify_credential,tx,PLK-d15-p1,1,6144,A0,manager,CredentialManagerPlonk,0x6B828bcb33305478cd7d27eB323F5C5B7b4aFdbe,5,113,10000000,50000,45250000,1,1,,,true,true,1,451881,18,1512,84,453386,453386,10000000,1,804,921eb65ed69700aeb78942204842c6c9d607a30bf58f9e599db65e2d6b40740c,949,0,,,,0xda10ad254b1f9e14715201c3de59729ffa29789f5e9c66dbb93c506593291196,11,6,1011,45250000,local_fixed_fee_input_derived
CSI-CHAIN-LOCAL-01,L2-EraVM,full-l2-e97b69f-20260925T132901Z-b,full,L2-EraVM-anvil-zksync,anvil-zksync 0.6.11,Version29,260,primary,primary-plonk-d15,plonk,15,5,8,verify_credential,tx,PLK-d15-p2,2,10240,A0,manager,CredentialManagerPlonk,0x6B828bcb33305478cd7d27eB323F5C5B7b4aFdbe,6,113,10000000,50000,45250000,1,1,,,true,true,1,452481,18,1512,84,453986,453986,10000000,1,804,05e668185cd5c4df5f68a070936fe32cf9131f263fc331d9f80573261e6867f5,949,0,,,,0x5d5ba49f83eafcee0ac6e5505167c59279b6487ea17a8d383c61edef72843a37,13,7,1013,45250000,local_fixed_fee_input_derived
CSI-CHAIN-LOCAL-01,L2-EraVM,full-l2-e97b69f-20260925T132901Z-b,full,L2-EraVM-anvil-zksync,anvil-zksync 0.6.11,Version29,260,primary,primary-plonk-d15,plonk,15,5,9,verify_credential,tx,PLK-d15-p3,3,14336,A0,manager,CredentialManagerPlonk,0x6B828bcb33305478cd7d27eB323F5C5B7b4aFdbe,7,113,10000000,50000,45250000,1,1,,,true,true,1,453837,18,1512,84,455342,455342,10000000,1,804,85394d2b54416a9d59da90888e434547590fde57649806673207a3d6d24d9337,949,0,,,,0x4c3926063d37ff9af0203d2ab644066e1f02ffe57939ba34554563e499c8ecd2,15,8,1015,45250000,local_fixed_fee_input_derived
CSI-CHAIN-LOCAL-01,L2-EraVM,full-l2-e97b69f-20260925T132901Z-b,full,L2-EraVM-anvil-zksync,anvil-zksync 0.6.11,Version29,260,primary,primary-plonk-d15,plonk,15,5,10,verify_credential,tx,PLK-d15-p4,4,18432,A0,manager,CredentialManagerPlonk,0x6B828bcb33305478cd7d27eB323F5C5B7b4aFdbe,8,113,10000000,50000,45250000,1,1,,,true,true,1,453555,18,1512,84,455060,455060,10000000,1,804,dc32b9d7d9a6b3186d14da864d29e3eabc700cb38a2ac0d95947ebb028b22f04,949,0,,,,0x7e0e3b205837813144a7b24be4b52cd6c9827c5da2fc5033cfbbd737c12effbb,17,9,1017,45250000,local_fixed_fee_input_derived
CSI-CHAIN-LOCAL-01,L2-EraVM,full-l2-e97b69f-20260925T132901Z-b,full,L2-EraVM-anvil-zksync,anvil-zksync 0.6.11,Version29,260,primary,primary-plonk-d15,plonk,15,5,11,verify_credential,tx,PLK-d15-p5,5,22528,A0,manager,CredentialManagerPlonk,0x6B828bcb33305478cd7d27eB323F5C5B7b4aFdbe,9,113,10000000,50000,45250000,1,1,,,true,true,1,452865,18,1512,84,454370,454370,10000000,1,804,f8f7a457b648faf9c34bd923990e5c0d6b89b76971e41378f9982e3f4602ea67,949,0,,,,0xc5768ccd3a5fb5700b8341c3cd3fcf77c4d1faf4ecc54914577fef49d64b980f,19,10,1019,45250000,local_fixed_fee_input_derived
CSI-CHAIN-LOCAL-01,L2-EraVM,full-l2-e97b69f-20260925T132901Z-b,full,L2-EraVM-anvil-zksync,anvil-zksync 0.6.11,Version29,260,primary,primary-plonk-d15,plonk,15,5,12,verify_credential,tx,PLK-d15-p6,6,26624,A0,manager,CredentialManagerPlonk,0x6B828bcb33305478cd7d27eB323F5C5B7b4aFdbe,10,113,10000000,50000,45250000,1,1,,,true,true,1,453135,18,1512,84,454640,454640,10000000,1,804,c0e5d3e573002d9966204049c494012b9918f5ae54734327f972fcb7745505ff,949,0,,,,0x09d7e91575431caef956114826147eb119f1c1f44393f0110698589a823cd48d,21,11,1021,45250000,local_fixed_fee_input_derived
CSI-CHAIN-LOCAL-01,L2-EraVM,full-l2-e97b69f-20260925T132901Z-b,full,L2-EraVM-anvil-zksync,anvil-zksync 0.6.11,Version29,260,primary,primary-plonk-d15,plonk,15,5,13,verify_credential,tx,PLK-d15-p7,7,30720,A0,manager,CredentialManagerPlonk,0x6B828bcb33305478cd7d27eB323F5C5B7b4aFdbe,11,113,10000000,50000,45250000,1,1,,,true,true,1,454065,18,1512,84,455570,455570,10000000,1,804,e61e673219ade001c92a75c0e1507cc595c463087d9d292d1bbe88e55098f287,949,0,,,,0x64e6af56685d4483cb8812c7777bdd87d3a811b254e384c936a3217642f847d4,23,12,1023,45250000,local_fixed_fee_input_derived
CSI-CHAIN-LOCAL-01,L2-EraVM,full-l2-e97b69f-20260925T132901Z-b,full,L2-EraVM-anvil-zksync,anvil-zksync 0.6.11,Version29,260,primary,primary-plonk-d15,plonk,15,5,14,verify_proof_call,call,PLK-d15-p0,0,2048,A0,verifier,PlonkVerifierDepth15,0x588758d8a0Ad1162A6294f3C274753137E664aE0,,,,,,call,call,,,true,true,1,,,,,,,,,804,c4b8e8f2a232c6173469d9623585996bc0fd8bd56327a2a75ac2c9f88179d5e5,,,,,,,,,,,local_fixed_fee_input_derived
CSI-CHAIN-LOCAL-01,L2-EraVM,full-l2-e97b69f-20260925T132901Z-b,full,L2-EraVM-anvil-zksync,anvil-zksync 0.6.11,Version29,260,primary,primary-plonk-d15,plonk,15,5,15,verify_proof_call,call,PLK-d15-p1,1,6144,A0,verifier,PlonkVerifierDepth15,0x588758d8a0Ad1162A6294f3C274753137E664aE0,,,,,,call,call,,,true,true,1,,,,,,,,,804,5bb724d46328e6d974a0fd22f3582fb611f88e5bfd7c201771bd6a8a231def5e,,,,,,,,,,,local_fixed_fee_input_derived
CSI-CHAIN-LOCAL-01,L2-EraVM,full-l2-e97b69f-20260925T132901Z-b,full,L2-EraVM-anvil-zksync,anvil-zksync 0.6.11,Version29,260,primary,primary-plonk-d15,plonk,15,5,16,verify_proof_call,call,PLK-d15-p2,2,10240,A0,verifier,PlonkVerifierDepth15,0x588758d8a0Ad1162A6294f3C274753137E664aE0,,,,,,call,call,,,true,true,1,,,,,,,,,804,48081f6dde67f024bc5f447cc8e86d4ea1ca339ca6bff5c9212809db2e5934a0,,,,,,,,,,,local_fixed_fee_input_derived
CSI-CHAIN-LOCAL-01,L2-EraVM,full-l2-e97b69f-20260925T132901Z-b,full,L2-EraVM-anvil-zksync,anvil-zksync 0.6.11,Version29,260,primary,primary-plonk-d15,plonk,15,5,17,verify_proof_call,call,PLK-d15-p3,3,14336,A0,verifier,PlonkVerifierDepth15,0x588758d8a0Ad1162A6294f3C274753137E664aE0,,,,,,call,call,,,true,true,1,,,,,,,,,804,81635e1c61e985a8dd2799a9ab6587d59d2148b3792298760b4429e5cbba272a,,,,,,,,,,,local_fixed_fee_input_derived
CSI-CHAIN-LOCAL-01,L2-EraVM,full-l2-e97b69f-20260925T132901Z-b,full,L2-EraVM-anvil-zksync,anvil-zksync 0.6.11,Version29,260,primary,primary-plonk-d15,plonk,15,5,18,verify_proof_call,call,PLK-d15-p4,4,18432,A0,verifier,PlonkVerifierDepth15,0x588758d8a0Ad1162A6294f3C274753137E664aE0,,,,,,call,call,,,true,true,1,,,,,,,,,804,e3bea8912047f3b90f8ddc5735ebf4506a7ee99793194ca0ba004e5f9da453bd,,,,,,,,,,,local_fixed_fee_input_derived
CSI-CHAIN-LOCAL-01,L2-EraVM,full-l2-e97b69f-20260925T132901Z-b,full,L2-EraVM-anvil-zksync,anvil-zksync 0.6.11,Version29,260,primary,primary-plonk-d15,plonk,15,5,19,verify_proof_call,call,PLK-d15-p5,5,22528,A0,verifier,PlonkVerifierDepth15,0x588758d8a0Ad1162A6294f3C274753137E664aE0,,,,,,call,call,,,true,true,1,,,,,,,,,804,56a87f3134bf974cea820e4d10b2a97d9525e2270aa448a31cd773befd847fc9,,,,,,,,,,,local_fixed_fee_input_derived
CSI-CHAIN-LOCAL-01,L2-EraVM,full-l2-e97b69f-20260925T132901Z-b,full,L2-EraVM-anvil-zksync,anvil-zksync 0.6.11,Version29,260,primary,primary-plonk-d15,plonk,15,5,20,verify_proof_call,call,PLK-d15-p6,6,26624,A0,verifier,PlonkVerifierDepth15,0x588758d8a0Ad1162A6294f3C274753137E664aE0,,,,,,call,call,,,true,true,1,,,,,,,,,804,1ef3d5200151bed3af70aa8b056242abd5aea670466a0f7996c83b417a459079,,,,,,,,,,,local_fixed_fee_input_derived
CSI-CHAIN-LOCAL-01,L2-EraVM,full-l2-e97b69f-20260925T132901Z-b,full,L2-EraVM-anvil-zksync,anvil-zksync 0.6.11,Version29,260,primary,primary-plonk-d15,plonk,15,5,21,verify_proof_call,call,PLK-d15-p7,7,30720,A0,verifier,PlonkVerifierDepth15,0x588758d8a0Ad1162A6294f3C274753137E664aE0,,,,,,call,call,,,true,true,1,,,,,,,,,804,7f3024b86b76d419a8050a8bef69f971f0faaea495f1d48b77f46bc9008e0ba3,,,,,,,,,,,local_fixed_fee_input_derived
CSI-CHAIN-LOCAL-01,L2-EraVM,full-l2-e97b69f-20260925T132901Z-b,full,L2-EraVM-anvil-zksync,anvil-zksync 0.6.11,Version29,260,primary,primary-plonk-d15,plonk,15,5,22,verify_proof_direct,tx,PLK-d15-p0,0,2048,A0,verifier,PlonkVerifierDepth15,0x588758d8a0Ad1162A6294f3C274753137E664aE0,12,113,10000000,50000,45250000,1,1,,,true,true,1,445344,18,1512,84,446849,446849,10000000,1,804,c4b8e8f2a232c6173469d9623585996bc0fd8bd56327a2a75ac2c9f88179d5e5,949,0,,,,0x74b17cb0afd98c35f9760286e48d359e0f5776248d0403f6e69b254f82e52f69,25,13,1025,45250000,local_fixed_fee_input_derived
CSI-CHAIN-LOCAL-01,L2-EraVM,full-l2-e97b69f-20260925T132901Z-b,full,L2-EraVM-anvil-zksync,anvil-zksync 0.6.11,Version29,260,primary,primary-plonk-d15,plonk,15,5,23,verify_proof_direct,tx,PLK-d15-p1,1,6144,A0,verifier,PlonkVerifierDepth15,0x588758d8a0Ad1162A6294f3C274753137E664aE0,13,113,10000000,50000,45250000,1,1,,,true,true,1,444432,18,1512,84,445937,445937,10000000,1,804,5bb724d46328e6d974a0fd22f3582fb611f88e5bfd7c201771bd6a8a231def5e,949,0,,,,0xf4d90fc93c61c27f3f236bf77c9f88598d985ee08535403a372483ace7b9daba,27,14,1027,45250000,local_fixed_fee_input_derived
CSI-CHAIN-LOCAL-01,L2-EraVM,full-l2-e97b69f-20260925T132901Z-b,full,L2-EraVM-anvil-zksync,anvil-zksync 0.6.11,Version29,260,primary,primary-plonk-d15,plonk,15,5,24,verify_proof_direct,tx,PLK-d15-p2,2,10240,A0,verifier,PlonkVerifierDepth15,0x588758d8a0Ad1162A6294f3C274753137E664aE0,14,113,10000000,50000,45250000,1,1,,,true,true,1,445032,18,1512,84,446537,446537,10000000,1,804,48081f6dde67f024bc5f447cc8e86d4ea1ca339ca6bff5c9212809db2e5934a0,949,0,,,,0x7c98287e0ed656ca01068b154afc29d6fd73b740f2a460571bfd0f3afaba4d3a,29,15,1029,45250000,local_fixed_fee_input_derived
CSI-CHAIN-LOCAL-01,L2-EraVM,full-l2-e97b69f-20260925T132901Z-b,full,L2-EraVM-anvil-zksync,anvil-zksync 0.6.11,Version29,260,primary,primary-plonk-d15,plonk,15,5,25,verify_proof_direct,tx,PLK-d15-p3,3,14336,A0,verifier,PlonkVerifierDepth15,0x588758d8a0Ad1162A6294f3C274753137E664aE0,15,113,10000000,50000,45250000,1,1,,,true,true,1,446388,18,1512,84,447893,447893,10000000,1,804,81635e1c61e985a8dd2799a9ab6587d59d2148b3792298760b4429e5cbba272a,949,0,,,,0x37fb31fb040df013506e3ae98cb13b5ffbe7267d3e85c40b4515340347d8305f,31,16,1031,45250000,local_fixed_fee_input_derived
CSI-CHAIN-LOCAL-01,L2-EraVM,full-l2-e97b69f-20260925T132901Z-b,full,L2-EraVM-anvil-zksync,anvil-zksync 0.6.11,Version29,260,primary,primary-plonk-d15,plonk,15,5,26,verify_proof_direct,tx,PLK-d15-p4,4,18432,A0,verifier,PlonkVerifierDepth15,0x588758d8a0Ad1162A6294f3C274753137E664aE0,16,113,10000000,50000,45250000,1,1,,,true,true,1,446106,18,1512,84,447611,447611,10000000,1,804,e3bea8912047f3b90f8ddc5735ebf4506a7ee99793194ca0ba004e5f9da453bd,949,0,,,,0x1c7f9f262c85eb63a6d2905702beb7f6e96c2ea194fcc1db4f4f5132ab7d7d33,33,17,1033,45250000,local_fixed_fee_input_derived
CSI-CHAIN-LOCAL-01,L2-EraVM,full-l2-e97b69f-20260925T132901Z-b,full,L2-EraVM-anvil-zksync,anvil-zksync 0.6.11,Version29,260,primary,primary-plonk-d15,plonk,15,5,27,verify_proof_direct,tx,PLK-d15-p5,5,22528,A0,verifier,PlonkVerifierDepth15,0x588758d8a0Ad1162A6294f3C274753137E664aE0,17,113,10000000,50000,45250000,1,1,,,true,true,1,445416,18,1512,84,446921,446921,10000000,1,804,56a87f3134bf974cea820e4d10b2a97d9525e2270aa448a31cd773befd847fc9,949,0,,,,0xc366d427fa0915751fac50d53b0ef23d8703ea2504cd0d2621023759d88625fe,35,18,1035,45250000,local_fixed_fee_input_derived
CSI-CHAIN-LOCAL-01,L2-EraVM,full-l2-e97b69f-20260925T132901Z-b,full,L2-EraVM-anvil-zksync,anvil-zksync 0.6.11,Version29,260,primary,primary-plonk-d15,plonk,15,5,28,verify_proof_direct,tx,PLK-d15-p6,6,26624,A0,verifier,PlonkVerifierDepth15,0x588758d8a0Ad1162A6294f3C274753137E664aE0,18,113,10000000,50000,45250000,1,1,,,true,true,1,445686,18,1512,84,447191,447191,10000000,1,804,1ef3d5200151bed3af70aa8b056242abd5aea670466a0f7996c83b417a459079,949,0,,,,0xa57db7739b8f9075a93fad055188b712bf816dcc6918e5aa4d87e541146ef619,37,19,1037,45250000,local_fixed_fee_input_derived
CSI-CHAIN-LOCAL-01,L2-EraVM,full-l2-e97b69f-20260925T132901Z-b,full,L2-EraVM-anvil-zksync,anvil-zksync 0.6.11,Version29,260,primary,primary-plonk-d15,plonk,15,5,29,verify_proof_direct,tx,PLK-d15-p7,7,30720,A0,verifier,PlonkVerifierDepth15,0x588758d8a0Ad1162A6294f3C274753137E664aE0,19,113,10000000,50000,45250000,1,1,,,true,true,1,446616,18,1512,84,448121,448121,10000000,1,804,7f3024b86b76d419a8050a8bef69f971f0faaea495f1d48b77f46bc9008e0ba3,949,0,,,,0x84fc7a535e0905aca11aba8176a4c83d1a70c191bd9ae4a7b86223a3326c752a,39,20,1039,45250000,local_fixed_fee_input_derived
CSI-CHAIN-LOCAL-01,L2-EraVM,full-l2-e97b69f-20260925T132901Z-b,full,L2-EraVM-anvil-zksync,anvil-zksync 0.6.11,Version29,260,primary,primary-plonk-d15,plonk,15,5,30,neg_unknown_root,tx,PLK-d5-p0,0,2,A0,manager,CredentialManagerPlonk,0x6B828bcb33305478cd7d27eB323F5C5B7b4aFdbe,20,113,10000000,50000,45250000,0,0,Invalid root,Invalid root,,,1,118760,18,1512,84,120265,120265,10000000,1,804,43edca5dc105fc7a2008617ce100ed5d4b4dfcfbb283d718f619c9c958c213d5,949,0,,,,0x89e1d479a654a00cd9c76b2b61879d5f0de85ddcb1481755022c5e4842ac08a0,41,21,1041,45250000,local_fixed_fee_input_derived
CSI-CHAIN-LOCAL-01,L2-EraVM,full-l2-e97b69f-20260925T132901Z-b,full,L2-EraVM-anvil-zksync,anvil-zksync 0.6.11,Version29,260,primary,primary-plonk-d15,plonk,15,5,31,neg_tampered_call,call,PLK-d15-p0,0,2048,A0,verifier,PlonkVerifierDepth15,0x588758d8a0Ad1162A6294f3C274753137E664aE0,,,,,,call,call,,,false,false,1,,,,,,,,,804,ffa4dedc4873eeb4451c105175a22d81f2f883276433c3774b768fd7a7fbe2cd,,,,,,,,,,,local_fixed_fee_input_derived
CSI-CHAIN-LOCAL-01,L2-EraVM,full-l2-e97b69f-20260925T132901Z-b,full,L2-EraVM-anvil-zksync,anvil-zksync 0.6.11,Version29,260,primary,primary-plonk-d15,plonk,15,5,32,neg_tampered,tx,PLK-d15-p0,0,2048,A0,manager,CredentialManagerPlonk,0x6B828bcb33305478cd7d27eB323F5C5B7b4aFdbe,21,113,10000000,50000,45250000,0,0,Invalid proof,Invalid proof,,,1,452468,18,1512,84,453973,453973,10000000,1,804,1cf0ac1fa5805d47a889d376d9574a13791ad20890e234265c09b7ec0b6f473e,949,0,,,,0x87c81143ec2b9878e22261ca62d24eec1fb9b74c36bfb30e1a4cb3b891afd95d,43,22,1043,45250000,local_fixed_fee_input_derived
CSI-CHAIN-LOCAL-01,L2-EraVM,full-l2-e97b69f-20260925T132901Z-b,full,L2-EraVM-anvil-zksync,anvil-zksync 0.6.11,Version29,260,primary,primary-plonk-d15,plonk,15,5,33,neg_cross_depth_setup,tx,PLK-d5-p0,0,2,A0,manager,CredentialManagerPlonk,0x6B828bcb33305478cd7d27eB323F5C5B7b4aFdbe,22,113,2000000,50000,45250000,1,1,,,,,1,124781,51,4284,84,129046,129046,2000000,1,36,b91c4cff980f8874fb8d0fca3dd2b3046defc125bb26b20f9f41f40dec3d44ad,178,0,,,,0x1f9abe8d41d99762c3a8dbdeb034c8dc691538d58c2185d55bb6c9eab9de2037,45,23,1045,45250000,local_fixed_fee_input_derived
CSI-CHAIN-LOCAL-01,L2-EraVM,full-l2-e97b69f-20260925T132901Z-b,full,L2-EraVM-anvil-zksync,anvil-zksync 0.6.11,Version29,260,primary,primary-plonk-d15,plonk,15,5,34,neg_cross_depth_call,call,PLK-d5-p0,0,2,A0,verifier,PlonkVerifierDepth15,0x588758d8a0Ad1162A6294f3C274753137E664aE0,,,,,,call,call,,,false,false,1,,,,,,,,,804,315d3ac17962361c7786a0a69b96507826e7200eb0f41d726d0c5b3e60c1664f,,,,,,,,,,,local_fixed_fee_input_derived
CSI-CHAIN-LOCAL-01,L2-EraVM,full-l2-e97b69f-20260925T132901Z-b,full,L2-EraVM-anvil-zksync,anvil-zksync 0.6.11,Version29,260,primary,primary-plonk-d15,plonk,15,5,35,neg_cross_depth,tx,PLK-d5-p0,0,2,A0,manager,CredentialManagerPlonk,0x6B828bcb33305478cd7d27eB323F5C5B7b4aFdbe,23,113,10000000,50000,45250000,0,0,Invalid proof,Invalid proof,,,1,452558,18,1512,84,454063,454063,10000000,1,804,43edca5dc105fc7a2008617ce100ed5d4b4dfcfbb283d718f619c9c958c213d5,949,0,,,,0xd5511054aacb27d2981c6b988904fcfde175b9738d8adeaa6ddad980acbc4be8,47,24,1047,45250000,local_fixed_fee_input_derived
CSI-CHAIN-LOCAL-01,L2-EraVM,full-l2-e97b69f-20260925T132901Z-b,full,L2-EraVM-anvil-zksync,anvil-zksync 0.6.11,Version29,260,primary,primary-plonk-d15,plonk,15,5,36,neg_non_issuer,tx,PLK-d15-p0,0,2048,A1,manager,CredentialManagerPlonk,0x6B828bcb33305478cd7d27eB323F5C5B7b4aFdbe,0,113,2000000,50000,45250000,0,0,CredentialManager: not issuer,CredentialManager: not issuer,,,1,118583,45,3780,84,122346,122346,2000000,1,36,f2931f0aaf26f5d51c33dadce13833370940a08948160921859c7fe776ca5aa8,178,0,,,,0x16cd1cf34561e4c4ff484ef35082f85aa04f6a6b26e21ed949b2ef1ffce74eeb,49,25,1049,45250000,local_fixed_fee_input_derived
