campaign_id,run_id,plan,env,client_version,hardfork,chain_id,profile,cell_id,backend,depth,partner_depth,op_seq,op,kind,proof_id,proof_j,leaf_index,from_account,to_contract,contract_name,contract_address,nonce,gas_limit,expected_status,status,expected_revert,revert_reason,expected_return,return_value,check_pass,gas_used,calldata_bytes,calldata_zero_bytes,calldata_tokens,calldata_gas_standard,floor_gas_7623,create_gas,intrinsic_gas,exec_gas_derived,floor_binding,code_deposit_gas,initcode_bytes,runtime_bytes,runtime_keccak,runtime_matches_artifact,calldata_sha256,tx_hash,block_number,gas_price_wei,gas_price_semantics
CSI-CHAIN-LOCAL-01,full-71a5854-20260925T115726Z-geth,full,L1-geth,Geth/v1.16.9-stable-95665d57/linux-arm64/go1.24.13,osaka,1337,primary,primary-groth16-d5,groth16,5,10,1,deploy_verifier,tx,,,,A0,,Groth16LegacyVerifierDepth5,0x5FbDB2315678afecb367f032d93F642f64180aa3,0,6000000,1,1,,,,,1,350084,1406,51,5471,21884,75710,32088,74972,275112,0,274800,1406,1374,0xd2265cf2fd416385d635f7e4516dc0426e34ab18c61d5bbfdd683902ab2760f7,1,5331d44244ef7c248c6fc11ad547f11a24bf93877a601995cfc1f6562e8998fd,0x5bd5877ddd15747cdfb39f567f579779c5b4e2fa0d139d4960bb501fd3564b33,3,1670055867,bookkeeping_only
CSI-CHAIN-LOCAL-01,full-71a5854-20260925T115726Z-geth,full,L1-geth,Geth/v1.16.9-stable-95665d57/linux-arm64/go1.24.13,osaka,1337,primary,primary-groth16-d5,groth16,5,10,2,deploy_manager,tx,,,,A0,,CredentialManagerGroth16,0xe7f1725E7734CE288F8367e1Bb143E90bb3F0512,1,6000000,1,1,,,,,1,565248,2410,84,9388,37552,114880,32152,90704,474544,0,428000,2410,2140,0x3fa88dab92b4daae5449537045ac5d6e143ea11f41fcdff2d37adb5523454ace,1,19ee042dbe867a3c02cb22e3913366b1c44d39bcad3099526989912ebfacd00a,0xc688b2313697884cf2837738ae058cb45f5538eba2a7ea5ed4319cccfa8e7683,4,1587276283,bookkeeping_only
CSI-CHAIN-LOCAL-01,full-71a5854-20260925T115726Z-geth,full,L1-geth,Geth/v1.16.9-stable-95665d57/linux-arm64/go1.24.13,osaka,1337,primary,primary-groth16-d5,groth16,5,10,3,set_issuer,tx,,,,A0,manager,CredentialManagerGroth16,0xe7f1725E7734CE288F8367e1Bb143E90bb3F0512,2,300000,1,1,,,,,1,47900,68,43,143,572,22430,0,21572,26328,0,,,,,,727fd06686258f939093f54b4f3c375b0f3052da4ba7867e73d6f93a90702a06,0x501ae8be8fa71731b8e6f009057e6eda6a9beb71ae54aca9f8edbb0ff5e2ba0a,5,1515249901,bookkeeping_only
CSI-CHAIN-LOCAL-01,full-71a5854-20260925T115726Z-geth,full,L1-geth,Geth/v1.16.9-stable-95665d57/linux-arm64/go1.24.13,osaka,1337,primary,primary-groth16-d5,groth16,5,10,4,add_root,tx,,,,A0,manager,CredentialManagerGroth16,0xe7f1725E7734CE288F8367e1Bb143E90bb3F0512,3,300000,1,1,,,,,1,47334,36,1,141,564,22410,0,21564,25770,0,,,,,,b91c4cff980f8874fb8d0fca3dd2b3046defc125bb26b20f9f41f40dec3d44ad,0x8db13f89658aa13b07885f8726d136e0558a127b127717730bb6fbc6821a2924,6,1450946499,bookkeeping_only
CSI-CHAIN-LOCAL-01,full-71a5854-20260925T115726Z-geth,full,L1-geth,Geth/v1.16.9-stable-95665d57/linux-arm64/go1.24.13,osaka,1337,primary,primary-groth16-d5,groth16,5,10,5,precheck_call,call,G16-d5-p0,0,2,A0,manager,CredentialManagerGroth16,0xe7f1725E7734CE288F8367e1Bb143E90bb3F0512,,,call,call,,,true,true,1,,292,1,1165,,,,,,,,,,,,5837cb8f85853d1b4c5630e24fd145aeeb696d2dcc92dcf8c0220201ca5ef8a8,,,,bookkeeping_only
CSI-CHAIN-LOCAL-01,full-71a5854-20260925T115726Z-geth,full,L1-geth,Geth/v1.16.9-stable-95665d57/linux-arm64/go1.24.13,osaka,1337,primary,primary-groth16-d5,groth16,5,10,6,verify_credential,tx,G16-d5-p0,0,2,A0,manager,CredentialManagerGroth16,0xe7f1725E7734CE288F8367e1Bb143E90bb3F0512,4,1000000,1,1,,,,,1,223958,292,1,1165,4660,32650,0,25660,198298,0,,,,,,5837cb8f85853d1b4c5630e24fd145aeeb696d2dcc92dcf8c0220201ca5ef8a8,0xb9189ed0ad5ab4c393aa171da363f868433186d586fe0e93cb71c9b7748377ad,7,1394667125,bookkeeping_only
CSI-CHAIN-LOCAL-01,full-71a5854-20260925T115726Z-geth,full,L1-geth,Geth/v1.16.9-stable-95665d57/linux-arm64/go1.24.13,osaka,1337,primary,primary-groth16-d5,groth16,5,10,7,verify_credential,tx,G16-d5-p1,1,6,A0,manager,CredentialManagerGroth16,0xe7f1725E7734CE288F8367e1Bb143E90bb3F0512,5,1000000,1,1,,,,,1,223946,292,2,1162,4648,32620,0,25648,198298,0,,,,,,77081f141b0a9545515f5634b68ce1c62baf696b804c1dca43a47a4c1315c347,0x36dfad95135acfa6d870f26e1d87d1813d9dc14c61bed985ce41a7c03c39989a,8,1345702022,bookkeeping_only
CSI-CHAIN-LOCAL-01,full-71a5854-20260925T115726Z-geth,full,L1-geth,Geth/v1.16.9-stable-95665d57/linux-arm64/go1.24.13,osaka,1337,primary,primary-groth16-d5,groth16,5,10,8,verify_credential,tx,G16-d5-p2,2,10,A0,manager,CredentialManagerGroth16,0xe7f1725E7734CE288F8367e1Bb143E90bb3F0512,6,1000000,1,1,,,,,1,223958,292,1,1165,4660,32650,0,25660,198298,0,,,,,,0eb8507a498849ef0b107b12dc37664043f43ccb264665284d857cbd6e9a9447,0x35a2464cfc7c1ae223cc84f4d7aa1b7cb3a184ab013b300fab79a58bed81fbd9,9,1302811847,bookkeeping_only
CSI-CHAIN-LOCAL-01,full-71a5854-20260925T115726Z-geth,full,L1-geth,Geth/v1.16.9-stable-95665d57/linux-arm64/go1.24.13,osaka,1337,primary,primary-groth16-d5,groth16,5,10,9,verify_credential,tx,G16-d5-p3,3,14,A0,manager,CredentialManagerGroth16,0xe7f1725E7734CE288F8367e1Bb143E90bb3F0512,7,1000000,1,1,,,,,1,223958,292,1,1165,4660,32650,0,25660,198298,0,,,,,,9989e21fd9b136f60c79b292cec0791d6024260adc3bfd6e58f367783c9579d6,0xd40f3cf810d5f241547abdf93473444a971b3e377cbce4c964286a7536956556,10,1265242938,bookkeeping_only
CSI-CHAIN-LOCAL-01,full-71a5854-20260925T115726Z-geth,full,L1-geth,Geth/v1.16.9-stable-95665d57/linux-arm64/go1.24.13,osaka,1337,primary,primary-groth16-d5,groth16,5,10,10,verify_credential,tx,G16-d5-p4,4,18,A0,manager,CredentialManagerGroth16,0xe7f1725E7734CE288F8367e1Bb143E90bb3F0512,8,1000000,1,1,,,,,1,223946,292,2,1162,4648,32620,0,25648,198298,0,,,,,,126cc5e35860522ddfe1ae9d3b0c5e9255612d37d259f6403d9aa1179529885e,0x8b8c30162222288be5e985d9c941edf28fd97a4e26524469fd52479b1d83665f,11,1232335085,bookkeeping_only
CSI-CHAIN-LOCAL-01,full-71a5854-20260925T115726Z-geth,full,L1-geth,Geth/v1.16.9-stable-95665d57/linux-arm64/go1.24.13,osaka,1337,primary,primary-groth16-d5,groth16,5,10,11,verify_credential,tx,G16-d5-p5,5,22,A0,manager,CredentialManagerGroth16,0xe7f1725E7734CE288F8367e1Bb143E90bb3F0512,9,1000000,1,1,,,,,1,223958,292,1,1165,4660,32650,0,25660,198298,0,,,,,,ee37913f96e71bf93249ef1fa07b7424ce69eb921427126963d720ec2bff5e42,0x7f0c9bc786429b1f566ab1f46ad85730452ceba26d219753cbe2f3f5a8bb8719,12,1203509994,bookkeeping_only
CSI-CHAIN-LOCAL-01,full-71a5854-20260925T115726Z-geth,full,L1-geth,Geth/v1.16.9-stable-95665d57/linux-arm64/go1.24.13,osaka,1337,primary,primary-groth16-d5,groth16,5,10,12,verify_credential,tx,G16-d5-p6,6,26,A0,manager,CredentialManagerGroth16,0xe7f1725E7734CE288F8367e1Bb143E90bb3F0512,10,1000000,1,1,,,,,1,223946,292,2,1162,4648,32620,0,25648,198298,0,,,,,,043f856bdbe25ea270d02aa67d222e3005979fc789670f602334c12da69262c0,0xcd43f19fc18618412ee04521d2ea7badf06635a0de7b7f5a7ce3eabda4349dbd,13,1178261152,bookkeeping_only
CSI-CHAIN-LOCAL-01,full-71a5854-20260925T115726Z-geth,full,L1-geth,Geth/v1.16.9-stable-95665d57/linux-arm64/go1.24.13,osaka,1337,primary,primary-groth16-d5,groth16,5,10,13,verify_credential,tx,G16-d5-p7,7,30,A0,manager,CredentialManagerGroth16,0xe7f1725E7734CE288F8367e1Bb143E90bb3F0512,11,1000000,1,1,,,,,1,223934,292,3,1159,4636,32590,0,25636,198298,0,,,,,,72a370fd6c6e8ea0a64309d7537b70ba5dc4f3d3948713988b7c144211a78be9,0xcc6ba087c32363bd9804395cc9c85c376a5230f13bf1c2b35d96d67c641d5e65,14,1156144845,bookkeeping_only
CSI-CHAIN-LOCAL-01,full-71a5854-20260925T115726Z-geth,full,L1-geth,Geth/v1.16.9-stable-95665d57/linux-arm64/go1.24.13,osaka,1337,primary,primary-groth16-d5,groth16,5,10,14,verify_proof_call,call,G16-d5-p0,0,2,A0,verifier,Groth16LegacyVerifierDepth5,0x5FbDB2315678afecb367f032d93F642f64180aa3,,,call,call,,,true,true,1,,292,1,1165,,,,,,,,,,,,38f356f938ae3972d0d16abf8b3d053f411f73f5e13f61d42c5093a3e09bf3e3,,,,bookkeeping_only
CSI-CHAIN-LOCAL-01,full-71a5854-20260925T115726Z-geth,full,L1-geth,Geth/v1.16.9-stable-95665d57/linux-arm64/go1.24.13,osaka,1337,primary,primary-groth16-d5,groth16,5,10,15,verify_proof_call,call,G16-d5-p1,1,6,A0,verifier,Groth16LegacyVerifierDepth5,0x5FbDB2315678afecb367f032d93F642f64180aa3,,,call,call,,,true,true,1,,292,2,1162,,,,,,,,,,,,a370a18d9c39377115545ba9af7615da222dc733a39c1b2c32fb2b9c4b33086f,,,,bookkeeping_only
CSI-CHAIN-LOCAL-01,full-71a5854-20260925T115726Z-geth,full,L1-geth,Geth/v1.16.9-stable-95665d57/linux-arm64/go1.24.13,osaka,1337,primary,primary-groth16-d5,groth16,5,10,16,verify_proof_call,call,G16-d5-p2,2,10,A0,verifier,Groth16LegacyVerifierDepth5,0x5FbDB2315678afecb367f032d93F642f64180aa3,,,call,call,,,true,true,1,,292,1,1165,,,,,,,,,,,,0d2d7d3aa3af7b66c607f41e3d721b8b42df5a3c86cee0d579ed2b26d5fed439,,,,bookkeeping_only
CSI-CHAIN-LOCAL-01,full-71a5854-20260925T115726Z-geth,full,L1-geth,Geth/v1.16.9-stable-95665d57/linux-arm64/go1.24.13,osaka,1337,primary,primary-groth16-d5,groth16,5,10,17,verify_proof_call,call,G16-d5-p3,3,14,A0,verifier,Groth16LegacyVerifierDepth5,0x5FbDB2315678afecb367f032d93F642f64180aa3,,,call,call,,,true,true,1,,292,1,1165,,,,,,,,,,,,0d788cabedc8faadf7f6192d7b7e3442591799b8d0f61f669d8e7044ff55b0d9,,,,bookkeeping_only
CSI-CHAIN-LOCAL-01,full-71a5854-20260925T115726Z-geth,full,L1-geth,Geth/v1.16.9-stable-95665d57/linux-arm64/go1.24.13,osaka,1337,primary,primary-groth16-d5,groth16,5,10,18,verify_proof_call,call,G16-d5-p4,4,18,A0,verifier,Groth16LegacyVerifierDepth5,0x5FbDB2315678afecb367f032d93F642f64180aa3,,,call,call,,,true,true,1,,292,2,1162,,,,,,,,,,,,8591dd32989bc600ebb0687f8686fdfb4796e90641751cf75de255ad63d285cb,,,,bookkeeping_only
CSI-CHAIN-LOCAL-01,full-71a5854-20260925T115726Z-geth,full,L1-geth,Geth/v1.16.9-stable-95665d57/linux-arm64/go1.24.13,osaka,1337,primary,primary-groth16-d5,groth16,5,10,19,verify_proof_call,call,G16-d5-p5,5,22,A0,verifier,Groth16LegacyVerifierDepth5,0x5FbDB2315678afecb367f032d93F642f64180aa3,,,call,call,,,true,true,1,,292,1,1165,,,,,,,,,,,,dde6e93a83ef8d8c28aaca9695ecffbc6f440d9d59cb4af669fcab2919339b70,,,,bookkeeping_only
CSI-CHAIN-LOCAL-01,full-71a5854-20260925T115726Z-geth,full,L1-geth,Geth/v1.16.9-stable-95665d57/linux-arm64/go1.24.13,osaka,1337,primary,primary-groth16-d5,groth16,5,10,20,verify_proof_call,call,G16-d5-p6,6,26,A0,verifier,Groth16LegacyVerifierDepth5,0x5FbDB2315678afecb367f032d93F642f64180aa3,,,call,call,,,true,true,1,,292,2,1162,,,,,,,,,,,,134926e4c635b7604bf798d424277df349d6073939e82a9a7aef5eb94f449937,,,,bookkeeping_only
CSI-CHAIN-LOCAL-01,full-71a5854-20260925T115726Z-geth,full,L1-geth,Geth/v1.16.9-stable-95665d57/linux-arm64/go1.24.13,osaka,1337,primary,primary-groth16-d5,groth16,5,10,21,verify_proof_call,call,G16-d5-p7,7,30,A0,verifier,Groth16LegacyVerifierDepth5,0x5FbDB2315678afecb367f032d93F642f64180aa3,,,call,call,,,true,true,1,,292,3,1159,,,,,,,,,,,,024d66f792d9241cd6ae6f266bc9afd2d46efc8121690d56662f47852300733d,,,,bookkeeping_only
CSI-CHAIN-LOCAL-01,full-71a5854-20260925T115726Z-geth,full,L1-geth,Geth/v1.16.9-stable-95665d57/linux-arm64/go1.24.13,osaka,1337,primary,primary-groth16-d5,groth16,5,10,22,verify_proof_direct,tx,G16-d5-p0,0,2,A0,verifier,Groth16LegacyVerifierDepth5,0x5FbDB2315678afecb367f032d93F642f64180aa3,12,1000000,1,1,,,,,1,214597,292,1,1165,4660,32650,0,25660,188937,0,,,,,,38f356f938ae3972d0d16abf8b3d053f411f73f5e13f61d42c5093a3e09bf3e3,0x5b170932f10b1f123579bcc6091bfaf27e6f8395ca8ba177331c7eebf559b27c,15,1136772432,bookkeeping_only
CSI-CHAIN-LOCAL-01,full-71a5854-20260925T115726Z-geth,full,L1-geth,Geth/v1.16.9-stable-95665d57/linux-arm64/go1.24.13,osaka,1337,primary,primary-groth16-d5,groth16,5,10,23,verify_proof_direct,tx,G16-d5-p1,1,6,A0,verifier,Groth16LegacyVerifierDepth5,0x5FbDB2315678afecb367f032d93F642f64180aa3,13,1000000,1,1,,,,,1,214585,292,2,1162,4648,32620,0,25648,188937,0,,,,,,a370a18d9c39377115545ba9af7615da222dc733a39c1b2c32fb2b9c4b33086f,0x66281a351c3122ed563f2bac80f580694d5cb1ff482c4fb4231d734afe722bd7,16,1119798174,bookkeeping_only
CSI-CHAIN-LOCAL-01,full-71a5854-20260925T115726Z-geth,full,L1-geth,Geth/v1.16.9-stable-95665d57/linux-arm64/go1.24.13,osaka,1337,primary,primary-groth16-d5,groth16,5,10,24,verify_proof_direct,tx,G16-d5-p2,2,10,A0,verifier,Groth16LegacyVerifierDepth5,0x5FbDB2315678afecb367f032d93F642f64180aa3,14,1000000,1,1,,,,,1,214597,292,1,1165,4660,32650,0,25660,188937,0,,,,,,0d2d7d3aa3af7b66c607f41e3d721b8b42df5a3c86cee0d579ed2b26d5fed439,0x89577a180d3e2f219cd8e1cb42a094037b4646b0ef245d7e60e4540b5f41cc05,17,1104930515,bookkeeping_only
CSI-CHAIN-LOCAL-01,full-71a5854-20260925T115726Z-geth,full,L1-geth,Geth/v1.16.9-stable-95665d57/linux-arm64/go1.24.13,osaka,1337,primary,primary-groth16-d5,groth16,5,10,25,verify_proof_direct,tx,G16-d5-p3,3,14,A0,verifier,Groth16LegacyVerifierDepth5,0x5FbDB2315678afecb367f032d93F642f64180aa3,15,1000000,1,1,,,,,1,214597,292,1,1165,4660,32650,0,25660,188937,0,,,,,,0d788cabedc8faadf7f6192d7b7e3442591799b8d0f61f669d8e7044ff55b0d9,0x62621f68077ae46b0a48a283c58a4866ddc92e5731bb685e250777dde9171b24,18,1091908025,bookkeeping_only
CSI-CHAIN-LOCAL-01,full-71a5854-20260925T115726Z-geth,full,L1-geth,Geth/v1.16.9-stable-95665d57/linux-arm64/go1.24.13,osaka,1337,primary,primary-groth16-d5,groth16,5,10,26,verify_proof_direct,tx,G16-d5-p4,4,18,A0,verifier,Groth16LegacyVerifierDepth5,0x5FbDB2315678afecb367f032d93F642f64180aa3,16,1000000,1,1,,,,,1,214585,292,2,1162,4648,32620,0,25648,188937,0,,,,,,8591dd32989bc600ebb0687f8686fdfb4796e90641751cf75de255ad63d285cb,0xa088971fbf869c2d1687fe9906401212a51821350862772419a83bc07510065d,19,1080501702,bookkeeping_only
CSI-CHAIN-LOCAL-01,full-71a5854-20260925T115726Z-geth,full,L1-geth,Geth/v1.16.9-stable-95665d57/linux-arm64/go1.24.13,osaka,1337,primary,primary-groth16-d5,groth16,5,10,27,verify_proof_direct,tx,G16-d5-p5,5,22,A0,verifier,Groth16LegacyVerifierDepth5,0x5FbDB2315678afecb367f032d93F642f64180aa3,17,1000000,1,1,,,,,1,214597,292,1,1165,4660,32650,0,25660,188937,0,,,,,,dde6e93a83ef8d8c28aaca9695ecffbc6f440d9d59cb4af669fcab2919339b70,0x6563608c88abb98d06a3c01f9c5ee2e94fc954fdfab8b161b33ce8862e8c05ca,20,1070510967,bookkeeping_only
CSI-CHAIN-LOCAL-01,full-71a5854-20260925T115726Z-geth,full,L1-geth,Geth/v1.16.9-stable-95665d57/linux-arm64/go1.24.13,osaka,1337,primary,primary-groth16-d5,groth16,5,10,28,verify_proof_direct,tx,G16-d5-p6,6,26,A0,verifier,Groth16LegacyVerifierDepth5,0x5FbDB2315678afecb367f032d93F642f64180aa3,18,1000000,1,1,,,,,1,214585,292,2,1162,4648,32620,0,25648,188937,0,,,,,,134926e4c635b7604bf798d424277df349d6073939e82a9a7aef5eb94f449937,0x2d146755522134fb7481e62ca02f15ab2420fa57c688ff67fbf8fe3e0ebf7db8,21,1061760144,bookkeeping_only
CSI-CHAIN-LOCAL-01,full-71a5854-20260925T115726Z-geth,full,L1-geth,Geth/v1.16.9-stable-95665d57/linux-arm64/go1.24.13,osaka,1337,primary,primary-groth16-d5,groth16,5,10,29,verify_proof_direct,tx,G16-d5-p7,7,30,A0,verifier,Groth16LegacyVerifierDepth5,0x5FbDB2315678afecb367f032d93F642f64180aa3,19,1000000,1,1,,,,,1,214573,292,3,1159,4636,32590,0,25636,188937,0,,,,,,024d66f792d9241cd6ae6f266bc9afd2d46efc8121690d56662f47852300733d,0x35450d08125c8508cc76215e2ab16fff63957289aa11a4e28d9b077635537b1e,22,1054095347,bookkeeping_only
CSI-CHAIN-LOCAL-01,full-71a5854-20260925T115726Z-geth,full,L1-geth,Geth/v1.16.9-stable-95665d57/linux-arm64/go1.24.13,osaka,1337,primary,primary-groth16-d5,groth16,5,10,30,neg_unknown_root,tx,G16-d10-p0,0,64,A0,manager,CredentialManagerGroth16,0xe7f1725E7734CE288F8367e1Bb143E90bb3F0512,20,3000000,0,0,Invalid root,Invalid root,,,1,32590,292,3,1159,4636,32590,0,25636,6954,1,,,,,,9730c9450f195fc730e64f4d7205cbf45b26ff9f17580d9d401e13400ba0e3aa,0x76abd06ceee04b9a7792caedb6ffaaa5445c5f3f17d83ab54f257471bb815d5a,23,1047381793,bookkeeping_only
CSI-CHAIN-LOCAL-01,full-71a5854-20260925T115726Z-geth,full,L1-geth,Geth/v1.16.9-stable-95665d57/linux-arm64/go1.24.13,osaka,1337,primary,primary-groth16-d5,groth16,5,10,31,neg_tampered_call,call,G16-d5-p0,0,2,A0,verifier,Groth16LegacyVerifierDepth5,0x5FbDB2315678afecb367f032d93F642f64180aa3,,,call,call,,,false,false,1,,292,1,1165,,,,,,,,,,,,5169eaca91f388b9c453d6920bfc9ce86df4f28ac6f0c930b136dab1d05064cc,,,,bookkeeping_only
CSI-CHAIN-LOCAL-01,full-71a5854-20260925T115726Z-geth,full,L1-geth,Geth/v1.16.9-stable-95665d57/linux-arm64/go1.24.13,osaka,1337,primary,primary-groth16-d5,groth16,5,10,32,neg_tampered,tx,G16-d5-p0,0,2,A0,manager,CredentialManagerGroth16,0xe7f1725E7734CE288F8367e1Bb143E90bb3F0512,21,3000000,0,0,Invalid proof,Invalid proof,,,1,2908558,292,1,1165,4660,32650,0,25660,2882898,0,,,,,,3706b086d0a5ec6b62119ecca236a168e121207ecd0d35c0be12cc6ee34c92c1,0x859e465176293220162d1cf8792ba057e6a7c28853ee27bec58f5f33903e3d40,24,1041465503,bookkeeping_only
CSI-CHAIN-LOCAL-01,full-71a5854-20260925T115726Z-geth,full,L1-geth,Geth/v1.16.9-stable-95665d57/linux-arm64/go1.24.13,osaka,1337,primary,primary-groth16-d5,groth16,5,10,33,neg_cross_depth_setup,tx,G16-d10-p0,0,64,A0,manager,CredentialManagerGroth16,0xe7f1725E7734CE288F8367e1Bb143E90bb3F0512,22,300000,1,1,,,,,1,47346,36,0,144,576,22440,0,21576,25770,0,,,,,,c70e0fc0dcce1b144b1b3352307a21f93a93f2fce4e70bc9dec9627a6e721205,0xd8fa29a1edf6eee45d01ae10fe40d61868bd0afa59a6219335bed695b7650745,25,1036784836,bookkeeping_only
CSI-CHAIN-LOCAL-01,full-71a5854-20260925T115726Z-geth,full,L1-geth,Geth/v1.16.9-stable-95665d57/linux-arm64/go1.24.13,osaka,1337,primary,primary-groth16-d5,groth16,5,10,34,neg_cross_depth_call,call,G16-d10-p0,0,64,A0,verifier,Groth16LegacyVerifierDepth5,0x5FbDB2315678afecb367f032d93F642f64180aa3,,,call,call,,,false,false,1,,292,3,1159,,,,,,,,,,,,00d891db3117c020bf1d8ac8aacda4825f46fbd4c9b717316cfac8afe0a258f1,,,,bookkeeping_only
CSI-CHAIN-LOCAL-01,full-71a5854-20260925T115726Z-geth,full,L1-geth,Geth/v1.16.9-stable-95665d57/linux-arm64/go1.24.13,osaka,1337,primary,primary-groth16-d5,groth16,5,10,35,neg_cross_depth,tx,G16-d10-p0,0,64,A0,manager,CredentialManagerGroth16,0xe7f1725E7734CE288F8367e1Bb143E90bb3F0512,23,3000000,0,0,Invalid proof,Invalid proof,,,1,222900,292,3,1159,4636,32590,0,25636,197264,0,,,,,,9730c9450f195fc730e64f4d7205cbf45b26ff9f17580d9d401e13400ba0e3aa,0x1f49358a97955a9bc25224f81a57f1cb0d22655b0a590c04780e9a331524736e,26,1032193989,bookkeeping_only
CSI-CHAIN-LOCAL-01,full-71a5854-20260925T115726Z-geth,full,L1-geth,Geth/v1.16.9-stable-95665d57/linux-arm64/go1.24.13,osaka,1337,primary,primary-groth16-d5,groth16,5,10,36,neg_non_issuer,tx,G16-d5-p0,0,2,A1,manager,CredentialManagerGroth16,0xe7f1725E7734CE288F8367e1Bb143E90bb3F0512,0,300000,0,0,CredentialManager: not issuer,CredentialManager: not issuer,,,1,24171,36,1,141,564,22410,0,21564,2607,0,,,,,,b91c4cff980f8874fb8d0fca3dd2b3046defc125bb26b20f9f41f40dec3d44ad,0x49ae0a0cbc4d4416d6ff0ee69dc163c0bd942c5720c02d6f3b790b4180da3326,27,1028199641,bookkeeping_only
CSI-CHAIN-LOCAL-01,full-71a5854-20260925T115726Z-geth,full,L1-geth,Geth/v1.16.9-stable-95665d57/linux-arm64/go1.24.13,osaka,1337,primary,primary-groth16-d10,groth16,10,11,1,deploy_verifier,tx,,,,A0,,Groth16LegacyVerifierDepth10,0x5FbDB2315678afecb367f032d93F642f64180aa3,0,6000000,1,1,,,,,1,350072,1406,52,5468,21872,75680,32088,74960,275112,0,274800,1406,1374,0x0700d7a7bc18908790c68cd6f9a3800495db5899f2f6e28b8caf619f0315cd86,1,8b17fa53e7aaf7039bb4ad08aac38d5091723a2cd070bbc2c8cdad7c088fadf8,0x97b1fd81b061958a050754a7467d535de42025341e71e33c6e4a018fac834678,3,1670055867,bookkeeping_only
CSI-CHAIN-LOCAL-01,full-71a5854-20260925T115726Z-geth,full,L1-geth,Geth/v1.16.9-stable-95665d57/linux-arm64/go1.24.13,osaka,1337,primary,primary-groth16-d10,groth16,10,11,2,deploy_manager,tx,,,,A0,,CredentialManagerGroth16,0xe7f1725E7734CE288F8367e1Bb143E90bb3F0512,1,6000000,1,1,,,,,1,565248,2410,84,9388,37552,114880,32152,90704,474544,0,428000,2410,2140,0x3fa88dab92b4daae5449537045ac5d6e143ea11f41fcdff2d37adb5523454ace,1,19ee042dbe867a3c02cb22e3913366b1c44d39bcad3099526989912ebfacd00a,0xc688b2313697884cf2837738ae058cb45f5538eba2a7ea5ed4319cccfa8e7683,4,1587276250,bookkeeping_only
CSI-CHAIN-LOCAL-01,full-71a5854-20260925T115726Z-geth,full,L1-geth,Geth/v1.16.9-stable-95665d57/linux-arm64/go1.24.13,osaka,1337,primary,primary-groth16-d10,groth16,10,11,3,set_issuer,tx,,,,A0,manager,CredentialManagerGroth16,0xe7f1725E7734CE288F8367e1Bb143E90bb3F0512,2,300000,1,1,,,,,1,47900,68,43,143,572,22430,0,21572,26328,0,,,,,,727fd06686258f939093f54b4f3c375b0f3052da4ba7867e73d6f93a90702a06,0x501ae8be8fa71731b8e6f009057e6eda6a9beb71ae54aca9f8edbb0ff5e2ba0a,5,1515249872,bookkeeping_only
CSI-CHAIN-LOCAL-01,full-71a5854-20260925T115726Z-geth,full,L1-geth,Geth/v1.16.9-stable-95665d57/linux-arm64/go1.24.13,osaka,1337,primary,primary-groth16-d10,groth16,10,11,4,add_root,tx,,,,A0,manager,CredentialManagerGroth16,0xe7f1725E7734CE288F8367e1Bb143E90bb3F0512,3,300000,1,1,,,,,1,47346,36,0,144,576,22440,0,21576,25770,0,,,,,,c70e0fc0dcce1b144b1b3352307a21f93a93f2fce4e70bc9dec9627a6e721205,0xb9856beb651cd3ed8adf29883595190f54181b76a3624a00ad881aa204ad5210,6,1450946474,bookkeeping_only
CSI-CHAIN-LOCAL-01,full-71a5854-20260925T115726Z-geth,full,L1-geth,Geth/v1.16.9-stable-95665d57/linux-arm64/go1.24.13,osaka,1337,primary,primary-groth16-d10,groth16,10,11,5,precheck_call,call,G16-d10-p0,0,64,A0,manager,CredentialManagerGroth16,0xe7f1725E7734CE288F8367e1Bb143E90bb3F0512,,,call,call,,,true,true,1,,292,3,1159,,,,,,,,,,,,9730c9450f195fc730e64f4d7205cbf45b26ff9f17580d9d401e13400ba0e3aa,,,,bookkeeping_only
CSI-CHAIN-LOCAL-01,full-71a5854-20260925T115726Z-geth,full,L1-geth,Geth/v1.16.9-stable-95665d57/linux-arm64/go1.24.13,osaka,1337,primary,primary-groth16-d10,groth16,10,11,6,verify_credential,tx,G16-d10-p0,0,64,A0,manager,CredentialManagerGroth16,0xe7f1725E7734CE288F8367e1Bb143E90bb3F0512,4,1000000,1,1,,,,,1,223934,292,3,1159,4636,32590,0,25636,198298,0,,,,,,9730c9450f195fc730e64f4d7205cbf45b26ff9f17580d9d401e13400ba0e3aa,0x4d2080de0f2f26037a38e718278cfa79e3fa728934164d8d37249fe03adc7fcb,7,1394667126,bookkeeping_only
CSI-CHAIN-LOCAL-01,full-71a5854-20260925T115726Z-geth,full,L1-geth,Geth/v1.16.9-stable-95665d57/linux-arm64/go1.24.13,osaka,1337,primary,primary-groth16-d10,groth16,10,11,7,verify_credential,tx,G16-d10-p1,1,192,A0,manager,CredentialManagerGroth16,0xe7f1725E7734CE288F8367e1Bb143E90bb3F0512,5,1000000,1,1,,,,,1,223958,292,1,1165,4660,32650,0,25660,198298,0,,,,,,ce971fb7c04ab6242abe8dc45051c213fc5eb3f431718bc559102945e2f5ac7f,0xd4232d3433501e590c055d2f8efec78c10161118e743641e0dc268b11d600319,8,1345701983,bookkeeping_only
CSI-CHAIN-LOCAL-01,full-71a5854-20260925T115726Z-geth,full,L1-geth,Geth/v1.16.9-stable-95665d57/linux-arm64/go1.24.13,osaka,1337,primary,primary-groth16-d10,groth16,10,11,8,verify_credential,tx,G16-d10-p2,2,320,A0,manager,CredentialManagerGroth16,0xe7f1725E7734CE288F8367e1Bb143E90bb3F0512,6,1000000,1,1,,,,,1,223958,292,1,1165,4660,32650,0,25660,198298,0,,,,,,05488c1efe57727918a2f30464f34ab7190a523470bb1e28b2cbf273b7bc9ff0,0x63819df7e6243eb7a98e52faa7b787c7fd7bc4ee76def1c4b2f4fb90e0210584,9,1302811830,bookkeeping_only
CSI-CHAIN-LOCAL-01,full-71a5854-20260925T115726Z-geth,full,L1-geth,Geth/v1.16.9-stable-95665d57/linux-arm64/go1.24.13,osaka,1337,primary,primary-groth16-d10,groth16,10,11,9,verify_credential,tx,G16-d10-p3,3,448,A0,manager,CredentialManagerGroth16,0xe7f1725E7734CE288F8367e1Bb143E90bb3F0512,7,1000000,1,1,,,,,1,223958,292,1,1165,4660,32650,0,25660,198298,0,,,,,,00e8073ce3e12ba5e382dcec248de28e00464a544418fc70d94f21d469d9db71,0x9d23446f9ff613140d6adb5cf77847a0179a031e283d22dae619c6080addb2c3,10,1265242923,bookkeeping_only
CSI-CHAIN-LOCAL-01,full-71a5854-20260925T115726Z-geth,full,L1-geth,Geth/v1.16.9-stable-95665d57/linux-arm64/go1.24.13,osaka,1337,primary,primary-groth16-d10,groth16,10,11,10,verify_credential,tx,G16-d10-p4,4,576,A0,manager,CredentialManagerGroth16,0xe7f1725E7734CE288F8367e1Bb143E90bb3F0512,8,1000000,1,1,,,,,1,223970,292,0,1168,4672,32680,0,25672,198298,0,,,,,,59543a919d53a5ad666c27785dd7c3076027cf96c68a969a47deb6c7f925dcd0,0xeb49454895836c2d06ff15654a6511c811a93492c949c4daf57ccb17a7109656,11,1232335072,bookkeeping_only
CSI-CHAIN-LOCAL-01,full-71a5854-20260925T115726Z-geth,full,L1-geth,Geth/v1.16.9-stable-95665d57/linux-arm64/go1.24.13,osaka,1337,primary,primary-groth16-d10,groth16,10,11,11,verify_credential,tx,G16-d10-p5,5,704,A0,manager,CredentialManagerGroth16,0xe7f1725E7734CE288F8367e1Bb143E90bb3F0512,9,1000000,1,1,,,,,1,223946,292,2,1162,4648,32620,0,25648,198298,0,,,,,,b6543fce59c9a7c85ee23e7af8353b303b0e0abdce519dbbcab282ac17abc282,0x8ee6093471c84415bf02661925f0d0d1abf754001a5161b7735ac6cbe8a9739b,12,1203510006,bookkeeping_only
CSI-CHAIN-LOCAL-01,full-71a5854-20260925T115726Z-geth,full,L1-geth,Geth/v1.16.9-stable-95665d57/linux-arm64/go1.24.13,osaka,1337,primary,primary-groth16-d10,groth16,10,11,12,verify_credential,tx,G16-d10-p6,6,832,A0,manager,CredentialManagerGroth16,0xe7f1725E7734CE288F8367e1Bb143E90bb3F0512,10,1000000,1,1,,,,,1,223958,292,1,1165,4660,32650,0,25660,198298,0,,,,,,2dc740127d37e159c41eafc740c0789c3d3d9be27792a70e1c60d87ed0068c67,0x8d46649f0fc31ba7ce2e763083df9239dde44127c7933f7ac8efc7034c36b521,13,1178261153,bookkeeping_only
CSI-CHAIN-LOCAL-01,full-71a5854-20260925T115726Z-geth,full,L1-geth,Geth/v1.16.9-stable-95665d57/linux-arm64/go1.24.13,osaka,1337,primary,primary-groth16-d10,groth16,10,11,13,verify_credential,tx,G16-d10-p7,7,960,A0,manager,CredentialManagerGroth16,0xe7f1725E7734CE288F8367e1Bb143E90bb3F0512,11,1000000,1,1,,,,,1,223970,292,0,1168,4672,32680,0,25672,198298,0,,,,,,4f9484fa4a26cde8d96adb5abaa73df628e6e1daf4e6a0483f68c5bd0fb236ac,0x950aa087d058273ad7150d94ef8e7eb85ed26eb134699805b4f17a3bfb3b2be8,14,1156144855,bookkeeping_only
CSI-CHAIN-LOCAL-01,full-71a5854-20260925T115726Z-geth,full,L1-geth,Geth/v1.16.9-stable-95665d57/linux-arm64/go1.24.13,osaka,1337,primary,primary-groth16-d10,groth16,10,11,14,verify_proof_call,call,G16-d10-p0,0,64,A0,verifier,Groth16LegacyVerifierDepth10,0x5FbDB2315678afecb367f032d93F642f64180aa3,,,call,call,,,true,true,1,,292,3,1159,,,,,,,,,,,,00d891db3117c020bf1d8ac8aacda4825f46fbd4c9b717316cfac8afe0a258f1,,,,bookkeeping_only
CSI-CHAIN-LOCAL-01,full-71a5854-20260925T115726Z-geth,full,L1-geth,Geth/v1.16.9-stable-95665d57/linux-arm64/go1.24.13,osaka,1337,primary,primary-groth16-d10,groth16,10,11,15,verify_proof_call,call,G16-d10-p1,1,192,A0,verifier,Groth16LegacyVerifierDepth10,0x5FbDB2315678afecb367f032d93F642f64180aa3,,,call,call,,,true,true,1,,292,1,1165,,,,,,,,,,,,1645716acb461e34dc46552d7fcf1ce299195a2fb7a62c0f326075b320757911,,,,bookkeeping_only
CSI-CHAIN-LOCAL-01,full-71a5854-20260925T115726Z-geth,full,L1-geth,Geth/v1.16.9-stable-95665d57/linux-arm64/go1.24.13,osaka,1337,primary,primary-groth16-d10,groth16,10,11,16,verify_proof_call,call,G16-d10-p2,2,320,A0,verifier,Groth16LegacyVerifierDepth10,0x5FbDB2315678afecb367f032d93F642f64180aa3,,,call,call,,,true,true,1,,292,1,1165,,,,,,,,,,,,e00ac1cfc3d9e1435a403ff835d63c223b00433689af0910e239c682d3a7c8f8,,,,bookkeeping_only
CSI-CHAIN-LOCAL-01,full-71a5854-20260925T115726Z-geth,full,L1-geth,Geth/v1.16.9-stable-95665d57/linux-arm64/go1.24.13,osaka,1337,primary,primary-groth16-d10,groth16,10,11,17,verify_proof_call,call,G16-d10-p3,3,448,A0,verifier,Groth16LegacyVerifierDepth10,0x5FbDB2315678afecb367f032d93F642f64180aa3,,,call,call,,,true,true,1,,292,1,1165,,,,,,,,,,,,e7a5fd90f11e6ab2780a4dabf33001319f7a90c8d20183a4917b7eefcdbb1748,,,,bookkeeping_only
CSI-CHAIN-LOCAL-01,full-71a5854-20260925T115726Z-geth,full,L1-geth,Geth/v1.16.9-stable-95665d57/linux-arm64/go1.24.13,osaka,1337,primary,primary-groth16-d10,groth16,10,11,18,verify_proof_call,call,G16-d10-p4,4,576,A0,verifier,Groth16LegacyVerifierDepth10,0x5FbDB2315678afecb367f032d93F642f64180aa3,,,call,call,,,true,true,1,,292,0,1168,,,,,,,,,,,,ace199a0b5c2c1cefa420c81e73edf52324e609d35cd66d6a65d4f9f79ba1fad,,,,bookkeeping_only
CSI-CHAIN-LOCAL-01,full-71a5854-20260925T115726Z-geth,full,L1-geth,Geth/v1.16.9-stable-95665d57/linux-arm64/go1.24.13,osaka,1337,primary,primary-groth16-d10,groth16,10,11,19,verify_proof_call,call,G16-d10-p5,5,704,A0,verifier,Groth16LegacyVerifierDepth10,0x5FbDB2315678afecb367f032d93F642f64180aa3,,,call,call,,,true,true,1,,292,2,1162,,,,,,,,,,,,4a4794dfc8fef58b0fa2776498d96153debbfcd07a1dceed3096b1534282d86c,,,,bookkeeping_only
CSI-CHAIN-LOCAL-01,full-71a5854-20260925T115726Z-geth,full,L1-geth,Geth/v1.16.9-stable-95665d57/linux-arm64/go1.24.13,osaka,1337,primary,primary-groth16-d10,groth16,10,11,20,verify_proof_call,call,G16-d10-p6,6,832,A0,verifier,Groth16LegacyVerifierDepth10,0x5FbDB2315678afecb367f032d93F642f64180aa3,,,call,call,,,true,true,1,,292,1,1165,,,,,,,,,,,,f677a7107864d1b718341fa515ba5b5003e4860493038c0b7134ba336df114c8,,,,bookkeeping_only
CSI-CHAIN-LOCAL-01,full-71a5854-20260925T115726Z-geth,full,L1-geth,Geth/v1.16.9-stable-95665d57/linux-arm64/go1.24.13,osaka,1337,primary,primary-groth16-d10,groth16,10,11,21,verify_proof_call,call,G16-d10-p7,7,960,A0,verifier,Groth16LegacyVerifierDepth10,0x5FbDB2315678afecb367f032d93F642f64180aa3,,,call,call,,,true,true,1,,292,0,1168,,,,,,,,,,,,82da605af1171262045712508f8f854cbccb163c2f904ab03c660d7bb743329e,,,,bookkeeping_only
CSI-CHAIN-LOCAL-01,full-71a5854-20260925T115726Z-geth,full,L1-geth,Geth/v1.16.9-stable-95665d57/linux-arm64/go1.24.13,osaka,1337,primary,primary-groth16-d10,groth16,10,11,22,verify_proof_direct,tx,G16-d10-p0,0,64,A0,verifier,Groth16LegacyVerifierDepth10,0x5FbDB2315678afecb367f032d93F642f64180aa3,12,1000000,1,1,,,,,1,214573,292,3,1159,4636,32590,0,25636,188937,0,,,,,,00d891db3117c020bf1d8ac8aacda4825f46fbd4c9b717316cfac8afe0a258f1,0x2f6adfaec9c0b6db91fd1bf9ea2b52114e59e116124d5c470e326147b4723df8,15,1136772464,bookkeeping_only
CSI-CHAIN-LOCAL-01,full-71a5854-20260925T115726Z-geth,full,L1-geth,Geth/v1.16.9-stable-95665d57/linux-arm64/go1.24.13,osaka,1337,primary,primary-groth16-d10,groth16,10,11,23,verify_proof_direct,tx,G16-d10-p1,1,192,A0,verifier,Groth16LegacyVerifierDepth10,0x5FbDB2315678afecb367f032d93F642f64180aa3,13,1000000,1,1,,,,,1,214597,292,1,1165,4660,32650,0,25660,188937,0,,,,,,1645716acb461e34dc46552d7fcf1ce299195a2fb7a62c0f326075b320757911,0x3d75e249a848d2eb797af89d6d7c388d58eaa8525dfeacbc02c9ac31e8d4b401,16,1119798188,bookkeeping_only
CSI-CHAIN-LOCAL-01,full-71a5854-20260925T115726Z-geth,full,L1-geth,Geth/v1.16.9-stable-95665d57/linux-arm64/go1.24.13,osaka,1337,primary,primary-groth16-d10,groth16,10,11,24,verify_proof_direct,tx,G16-d10-p2,2,320,A0,verifier,Groth16LegacyVerifierDepth10,0x5FbDB2315678afecb367f032d93F642f64180aa3,14,1000000,1,1,,,,,1,214597,292,1,1165,4660,32650,0,25660,188937,0,,,,,,e00ac1cfc3d9e1435a403ff835d63c223b00433689af0910e239c682d3a7c8f8,0xcca299bf5cf59cfd0a2b1d09f20aab853e61f7c38bde452e40ba7bbe653b6d5f,17,1104930533,bookkeeping_only
CSI-CHAIN-LOCAL-01,full-71a5854-20260925T115726Z-geth,full,L1-geth,Geth/v1.16.9-stable-95665d57/linux-arm64/go1.24.13,osaka,1337,primary,primary-groth16-d10,groth16,10,11,25,verify_proof_direct,tx,G16-d10-p3,3,448,A0,verifier,Groth16LegacyVerifierDepth10,0x5FbDB2315678afecb367f032d93F642f64180aa3,15,1000000,1,1,,,,,1,214597,292,1,1165,4660,32650,0,25660,188937,0,,,,,,e7a5fd90f11e6ab2780a4dabf33001319f7a90c8d20183a4917b7eefcdbb1748,0xc81240df03508eb3487f17a1e20dbd4f5f710b98a6082e307a9f08a7a6e795e4,18,1091908041,bookkeeping_only
CSI-CHAIN-LOCAL-01,full-71a5854-20260925T115726Z-geth,full,L1-geth,Geth/v1.16.9-stable-95665d57/linux-arm64/go1.24.13,osaka,1337,primary,primary-groth16-d10,groth16,10,11,26,verify_proof_direct,tx,G16-d10-p4,4,576,A0,verifier,Groth16LegacyVerifierDepth10,0x5FbDB2315678afecb367f032d93F642f64180aa3,16,1000000,1,1,,,,,1,214609,292,0,1168,4672,32680,0,25672,188937,0,,,,,,ace199a0b5c2c1cefa420c81e73edf52324e609d35cd66d6a65d4f9f79ba1fad,0x4fc6901d4da56d81f5e1b79651f75e5023448f65107d4daa814e21bcf2d48df6,19,1080501716,bookkeeping_only
CSI-CHAIN-LOCAL-01,full-71a5854-20260925T115726Z-geth,full,L1-geth,Geth/v1.16.9-stable-95665d57/linux-arm64/go1.24.13,osaka,1337,primary,primary-groth16-d10,groth16,10,11,27,verify_proof_direct,tx,G16-d10-p5,5,704,A0,verifier,Groth16LegacyVerifierDepth10,0x5FbDB2315678afecb367f032d93F642f64180aa3,17,1000000,1,1,,,,,1,214585,292,2,1162,4648,32620,0,25648,188937,0,,,,,,4a4794dfc8fef58b0fa2776498d96153debbfcd07a1dceed3096b1534282d86c,0x6ead833d28464900d1d06e3bef4155a0994613fde9feb8560648453e2df763e2,20,1070510987,bookkeeping_only
CSI-CHAIN-LOCAL-01,full-71a5854-20260925T115726Z-geth,full,L1-geth,Geth/v1.16.9-stable-95665d57/linux-arm64/go1.24.13,osaka,1337,primary,primary-groth16-d10,groth16,10,11,28,verify_proof_direct,tx,G16-d10-p6,6,832,A0,verifier,Groth16LegacyVerifierDepth10,0x5FbDB2315678afecb367f032d93F642f64180aa3,18,1000000,1,1,,,,,1,214597,292,1,1165,4660,32650,0,25660,188937,0,,,,,,f677a7107864d1b718341fa515ba5b5003e4860493038c0b7134ba336df114c8,0x49010c34d34472a5b4e4507de137de79f1b806cd2aea07681427a38fe5e1c0a0,21,1061760158,bookkeeping_only
CSI-CHAIN-LOCAL-01,full-71a5854-20260925T115726Z-geth,full,L1-geth,Geth/v1.16.9-stable-95665d57/linux-arm64/go1.24.13,osaka,1337,primary,primary-groth16-d10,groth16,10,11,29,verify_proof_direct,tx,G16-d10-p7,7,960,A0,verifier,Groth16LegacyVerifierDepth10,0x5FbDB2315678afecb367f032d93F642f64180aa3,19,1000000,1,1,,,,,1,214609,292,0,1168,4672,32680,0,25672,188937,0,,,,,,82da605af1171262045712508f8f854cbccb163c2f904ab03c660d7bb743329e,0xc9e936bb9e01d904d34b098822bbe54f1535facfe6ed15982f037efc8f4768aa,22,1054095362,bookkeeping_only
CSI-CHAIN-LOCAL-01,full-71a5854-20260925T115726Z-geth,full,L1-geth,Geth/v1.16.9-stable-95665d57/linux-arm64/go1.24.13,osaka,1337,primary,primary-groth16-d10,groth16,10,11,30,neg_unknown_root,tx,G16-d11-p0,0,128,A0,manager,CredentialManagerGroth16,0xe7f1725E7734CE288F8367e1Bb143E90bb3F0512,20,3000000,0,0,Invalid root,Invalid root,,,1,32620,292,2,1162,4648,32620,0,25648,6972,1,,,,,,ca9621b912a5f11cbb8dd875c48c9971287be9dbbe4454fcd36230ca7d465efc,0x198c01877a724427f5ca1df68e17515c7aac49b8bc65b5c91e728e0b4dccc398,23,1047381815,bookkeeping_only
CSI-CHAIN-LOCAL-01,full-71a5854-20260925T115726Z-geth,full,L1-geth,Geth/v1.16.9-stable-95665d57/linux-arm64/go1.24.13,osaka,1337,primary,primary-groth16-d10,groth16,10,11,31,neg_tampered_call,call,G16-d10-p0,0,64,A0,verifier,Groth16LegacyVerifierDepth10,0x5FbDB2315678afecb367f032d93F642f64180aa3,,,call,call,,,false,false,1,,292,3,1159,,,,,,,,,,,,e94c445b8904355f9a108a30593cd3990c855d14f3613162e80cb327e2be1c56,,,,bookkeeping_only
CSI-CHAIN-LOCAL-01,full-71a5854-20260925T115726Z-geth,full,L1-geth,Geth/v1.16.9-stable-95665d57/linux-arm64/go1.24.13,osaka,1337,primary,primary-groth16-d10,groth16,10,11,32,neg_tampered,tx,G16-d10-p0,0,64,A0,manager,CredentialManagerGroth16,0xe7f1725E7734CE288F8367e1Bb143E90bb3F0512,21,3000000,0,0,Invalid proof,Invalid proof,,,1,2908558,292,3,1159,4636,32590,0,25636,2882922,0,,,,,,0359f7f970a67b3f2d4109b3cbc4922d22b87ea1de3a05061910dd18526af2b3,0x9897222fcb3177aff86dc73f78713235d63192f1e47d5a08fc8f69f4db9cc153,24,1041465529,bookkeeping_only
CSI-CHAIN-LOCAL-01,full-71a5854-20260925T115726Z-geth,full,L1-geth,Geth/v1.16.9-stable-95665d57/linux-arm64/go1.24.13,osaka,1337,primary,primary-groth16-d10,groth16,10,11,33,neg_cross_depth_setup,tx,G16-d11-p0,0,128,A0,manager,CredentialManagerGroth16,0xe7f1725E7734CE288F8367e1Bb143E90bb3F0512,22,300000,1,1,,,,,1,47334,36,1,141,564,22410,0,21564,25770,0,,,,,,d02fee54c295d1b5cc2948d9c79837ece40c0013835e3b9bb349e94ae744e758,0x03997103368559a20225d94a710b6909c2a5629cef15dea7041e9128c2a8e88c,25,1036784859,bookkeeping_only
CSI-CHAIN-LOCAL-01,full-71a5854-20260925T115726Z-geth,full,L1-geth,Geth/v1.16.9-stable-95665d57/linux-arm64/go1.24.13,osaka,1337,primary,primary-groth16-d10,groth16,10,11,34,neg_cross_depth_call,call,G16-d11-p0,0,128,A0,verifier,Groth16LegacyVerifierDepth10,0x5FbDB2315678afecb367f032d93F642f64180aa3,,,call,call,,,false,false,1,,292,2,1162,,,,,,,,,,,,5bc6f0de4752c6450808a69e77e384f62a63422d6390520d86938db713353393,,,,bookkeeping_only
CSI-CHAIN-LOCAL-01,full-71a5854-20260925T115726Z-geth,full,L1-geth,Geth/v1.16.9-stable-95665d57/linux-arm64/go1.24.13,osaka,1337,primary,primary-groth16-d10,groth16,10,11,35,neg_cross_depth,tx,G16-d11-p0,0,128,A0,manager,CredentialManagerGroth16,0xe7f1725E7734CE288F8367e1Bb143E90bb3F0512,23,3000000,0,0,Invalid proof,Invalid proof,,,1,222912,292,2,1162,4648,32620,0,25648,197264,0,,,,,,ca9621b912a5f11cbb8dd875c48c9971287be9dbbe4454fcd36230ca7d465efc,0x0ed63aee4deb512633864e0f1e07913d28b4e66f105034fbc11a92ea8d960501,26,1032194007,bookkeeping_only
CSI-CHAIN-LOCAL-01,full-71a5854-20260925T115726Z-geth,full,L1-geth,Geth/v1.16.9-stable-95665d57/linux-arm64/go1.24.13,osaka,1337,primary,primary-groth16-d10,groth16,10,11,36,neg_non_issuer,tx,G16-d10-p0,0,64,A1,manager,CredentialManagerGroth16,0xe7f1725E7734CE288F8367e1Bb143E90bb3F0512,0,300000,0,0,CredentialManager: not issuer,CredentialManager: not issuer,,,1,24183,36,0,144,576,22440,0,21576,2607,0,,,,,,c70e0fc0dcce1b144b1b3352307a21f93a93f2fce4e70bc9dec9627a6e721205,0xf90c4b4ff1021a01af7a5aca9feef7626794b15bed1ee78d20e55d739cf726e5,27,1028199658,bookkeeping_only
CSI-CHAIN-LOCAL-01,full-71a5854-20260925T115726Z-geth,full,L1-geth,Geth/v1.16.9-stable-95665d57/linux-arm64/go1.24.13,osaka,1337,primary,primary-groth16-d11,groth16,11,15,1,deploy_verifier,tx,,,,A0,,Groth16LegacyVerifierDepth11,0x5FbDB2315678afecb367f032d93F642f64180aa3,0,6000000,1,1,,,,,1,349628,1404,53,5457,21828,75570,32088,74916,274712,0,274400,1404,1372,0x1660e5c0187e477090c96776978c5c58afcac37df9cc19705e8395f2a690cefa,1,3adaef3e110854ca0e56ddb1e23c340fceb960f9010c03b78741b3911d43effd,0x932bf424987fea8da587cacc682a1c500a5dc891c2fda72c9d65c12ec19a0349,3,1670055867,bookkeeping_only
CSI-CHAIN-LOCAL-01,full-71a5854-20260925T115726Z-geth,full,L1-geth,Geth/v1.16.9-stable-95665d57/linux-arm64/go1.24.13,osaka,1337,primary,primary-groth16-d11,groth16,11,15,2,deploy_manager,tx,,,,A0,,CredentialManagerGroth16,0xe7f1725E7734CE288F8367e1Bb143E90bb3F0512,1,6000000,1,1,,,,,1,565248,2410,84,9388,37552,114880,32152,90704,474544,0,428000,2410,2140,0x3fa88dab92b4daae5449537045ac5d6e143ea11f41fcdff2d37adb5523454ace,1,19ee042dbe867a3c02cb22e3913366b1c44d39bcad3099526989912ebfacd00a,0xc688b2313697884cf2837738ae058cb45f5538eba2a7ea5ed4319cccfa8e7683,4,1587275010,bookkeeping_only
CSI-CHAIN-LOCAL-01,full-71a5854-20260925T115726Z-geth,full,L1-geth,Geth/v1.16.9-stable-95665d57/linux-arm64/go1.24.13,osaka,1337,primary,primary-groth16-d11,groth16,11,15,3,set_issuer,tx,,,,A0,manager,CredentialManagerGroth16,0xe7f1725E7734CE288F8367e1Bb143E90bb3F0512,2,300000,1,1,,,,,1,47900,68,43,143,572,22430,0,21572,26328,0,,,,,,727fd06686258f939093f54b4f3c375b0f3052da4ba7867e73d6f93a90702a06,0x501ae8be8fa71731b8e6f009057e6eda6a9beb71ae54aca9f8edbb0ff5e2ba0a,5,1515248784,bookkeeping_only
CSI-CHAIN-LOCAL-01,full-71a5854-20260925T115726Z-geth,full,L1-geth,Geth/v1.16.9-stable-95665d57/linux-arm64/go1.24.13,osaka,1337,primary,primary-groth16-d11,groth16,11,15,4,add_root,tx,,,,A0,manager,CredentialManagerGroth16,0xe7f1725E7734CE288F8367e1Bb143E90bb3F0512,3,300000,1,1,,,,,1,47334,36,1,141,564,22410,0,21564,25770,0,,,,,,d02fee54c295d1b5cc2948d9c79837ece40c0013835e3b9bb349e94ae744e758,0xd446ce3395ba412e867668b603c355b39a9d0289bf94f0286a795f4dff71f823,6,1450945522,bookkeeping_only
CSI-CHAIN-LOCAL-01,full-71a5854-20260925T115726Z-geth,full,L1-geth,Geth/v1.16.9-stable-95665d57/linux-arm64/go1.24.13,osaka,1337,primary,primary-groth16-d11,groth16,11,15,5,precheck_call,call,G16-d11-p0,0,128,A0,manager,CredentialManagerGroth16,0xe7f1725E7734CE288F8367e1Bb143E90bb3F0512,,,call,call,,,true,true,1,,292,2,1162,,,,,,,,,,,,ca9621b912a5f11cbb8dd875c48c9971287be9dbbe4454fcd36230ca7d465efc,,,,bookkeeping_only
CSI-CHAIN-LOCAL-01,full-71a5854-20260925T115726Z-geth,full,L1-geth,Geth/v1.16.9-stable-95665d57/linux-arm64/go1.24.13,osaka,1337,primary,primary-groth16-d11,groth16,11,15,6,verify_credential,tx,G16-d11-p0,0,128,A0,manager,CredentialManagerGroth16,0xe7f1725E7734CE288F8367e1Bb143E90bb3F0512,4,1000000,1,1,,,,,1,223946,292,2,1162,4648,32620,0,25648,198298,0,,,,,,ca9621b912a5f11cbb8dd875c48c9971287be9dbbe4454fcd36230ca7d465efc,0xa12fb956bf6fe0512f1d6cd60e67787f0c05986d8bce988f3268bb95e38bbbc1,7,1394666270,bookkeeping_only
CSI-CHAIN-LOCAL-01,full-71a5854-20260925T115726Z-geth,full,L1-geth,Geth/v1.16.9-stable-95665d57/linux-arm64/go1.24.13,osaka,1337,primary,primary-groth16-d11,groth16,11,15,7,verify_credential,tx,G16-d11-p1,1,384,A0,manager,CredentialManagerGroth16,0xe7f1725E7734CE288F8367e1Bb143E90bb3F0512,5,1000000,1,1,,,,,1,223958,292,1,1165,4660,32650,0,25660,198298,0,,,,,,639c80471b559309e712f4c4ac80bdbc80d6df2460bd4c3bf55546677a3942c6,0x723d9fcab20516ec9d27d4825c060cb033fead4920f05672dc4e667697ebc32b,8,1345701253,bookkeeping_only
CSI-CHAIN-LOCAL-01,full-71a5854-20260925T115726Z-geth,full,L1-geth,Geth/v1.16.9-stable-95665d57/linux-arm64/go1.24.13,osaka,1337,primary,primary-groth16-d11,groth16,11,15,8,verify_credential,tx,G16-d11-p2,2,640,A0,manager,CredentialManagerGroth16,0xe7f1725E7734CE288F8367e1Bb143E90bb3F0512,6,1000000,1,1,,,,,1,223958,292,1,1165,4660,32650,0,25660,198298,0,,,,,,a0d019788870875208b17503c52382242ecc7ef389c425030689cc5878f2facd,0xe7bc4a3e01a7a12937a34e0e239ad9374cee4f0335de5c61f761621edf177afb,9,1302811191,bookkeeping_only
CSI-CHAIN-LOCAL-01,full-71a5854-20260925T115726Z-geth,full,L1-geth,Geth/v1.16.9-stable-95665d57/linux-arm64/go1.24.13,osaka,1337,primary,primary-groth16-d11,groth16,11,15,9,verify_credential,tx,G16-d11-p3,3,896,A0,manager,CredentialManagerGroth16,0xe7f1725E7734CE288F8367e1Bb143E90bb3F0512,7,1000000,1,1,,,,,1,223946,292,2,1162,4648,32620,0,25648,198298,0,,,,,,44d222ad348d08cbb4c15c476f3f9e766c7b457489111eea40cf8035a9d57bfc,0x3dbd6dac825261606b20a9a5dae21dffcac176de95056bc141c7fa580dea7680,10,1265242363,bookkeeping_only
CSI-CHAIN-LOCAL-01,full-71a5854-20260925T115726Z-geth,full,L1-geth,Geth/v1.16.9-stable-95665d57/linux-arm64/go1.24.13,osaka,1337,primary,primary-groth16-d11,groth16,11,15,10,verify_credential,tx,G16-d11-p4,4,1152,A0,manager,CredentialManagerGroth16,0xe7f1725E7734CE288F8367e1Bb143E90bb3F0512,8,1000000,1,1,,,,,1,223934,292,3,1159,4636,32590,0,25636,198298,0,,,,,,64ac10112def869faad27edcff3a1f184b4d69c408dd4ef9ba2791e00fbf2f70,0x75e63bf9a3ca331edf3afc7a70a25a356f1ae92689e88904bc693b2b0f194ecb,11,1232334568,bookkeeping_only
CSI-CHAIN-LOCAL-01,full-71a5854-20260925T115726Z-geth,full,L1-geth,Geth/v1.16.9-stable-95665d57/linux-arm64/go1.24.13,osaka,1337,primary,primary-groth16-d11,groth16,11,15,11,verify_credential,tx,G16-d11-p5,5,1408,A0,manager,CredentialManagerGroth16,0xe7f1725E7734CE288F8367e1Bb143E90bb3F0512,9,1000000,1,1,,,,,1,223934,292,3,1159,4636,32590,0,25636,198298,0,,,,,,0848907a05b5de2619814ca98c726689da9e07fb5de876c5f73602f5aecac8d5,0x077a789036a5eb674e60057f664ba2405289378641ef278083d24c6caf7128f9,12,1203509529,bookkeeping_only
CSI-CHAIN-LOCAL-01,full-71a5854-20260925T115726Z-geth,full,L1-geth,Geth/v1.16.9-stable-95665d57/linux-arm64/go1.24.13,osaka,1337,primary,primary-groth16-d11,groth16,11,15,12,verify_credential,tx,G16-d11-p6,6,1664,A0,manager,CredentialManagerGroth16,0xe7f1725E7734CE288F8367e1Bb143E90bb3F0512,10,1000000,1,1,,,,,1,223934,292,3,1159,4636,32590,0,25636,198298,0,,,,,,0b038845691778d5ecf554fbad7edc36d34019f4458610826c0f782c2979d705,0xe1bb3af60eb986d19c4166b575e456b535e69e5ccfa548ef5ad6d6bd89c1392d,13,1178260725,bookkeeping_only
CSI-CHAIN-LOCAL-01,full-71a5854-20260925T115726Z-geth,full,L1-geth,Geth/v1.16.9-stable-95665d57/linux-arm64/go1.24.13,osaka,1337,primary,primary-groth16-d11,groth16,11,15,13,verify_credential,tx,G16-d11-p7,7,1920,A0,manager,CredentialManagerGroth16,0xe7f1725E7734CE288F8367e1Bb143E90bb3F0512,11,1000000,1,1,,,,,1,223958,292,1,1165,4660,32650,0,25660,198298,0,,,,,,d12dd5a363059bb0a0018565ad35b45baaed224644c5e64c88f49a6eccf031c3,0x9e9a2db03d6bbb3cc2c7721b98a1d941620eaa91edca991bb51ff343a4772b4b,14,1156144463,bookkeeping_only
CSI-CHAIN-LOCAL-01,full-71a5854-20260925T115726Z-geth,full,L1-geth,Geth/v1.16.9-stable-95665d57/linux-arm64/go1.24.13,osaka,1337,primary,primary-groth16-d11,groth16,11,15,14,verify_proof_call,call,G16-d11-p0,0,128,A0,verifier,Groth16LegacyVerifierDepth11,0x5FbDB2315678afecb367f032d93F642f64180aa3,,,call,call,,,true,true,1,,292,2,1162,,,,,,,,,,,,5bc6f0de4752c6450808a69e77e384f62a63422d6390520d86938db713353393,,,,bookkeeping_only
CSI-CHAIN-LOCAL-01,full-71a5854-20260925T115726Z-geth,full,L1-geth,Geth/v1.16.9-stable-95665d57/linux-arm64/go1.24.13,osaka,1337,primary,primary-groth16-d11,groth16,11,15,15,verify_proof_call,call,G16-d11-p1,1,384,A0,verifier,Groth16LegacyVerifierDepth11,0x5FbDB2315678afecb367f032d93F642f64180aa3,,,call,call,,,true,true,1,,292,1,1165,,,,,,,,,,,,efa885aac2e9479c43fe12f6847995b17d8af96513378cc2c1d26e9d055da7b6,,,,bookkeeping_only
CSI-CHAIN-LOCAL-01,full-71a5854-20260925T115726Z-geth,full,L1-geth,Geth/v1.16.9-stable-95665d57/linux-arm64/go1.24.13,osaka,1337,primary,primary-groth16-d11,groth16,11,15,16,verify_proof_call,call,G16-d11-p2,2,640,A0,verifier,Groth16LegacyVerifierDepth11,0x5FbDB2315678afecb367f032d93F642f64180aa3,,,call,call,,,true,true,1,,292,1,1165,,,,,,,,,,,,1c147d59cc572d343a1e8e2aa749baf09252f70a647b83a025998f089baf4314,,,,bookkeeping_only
CSI-CHAIN-LOCAL-01,full-71a5854-20260925T115726Z-geth,full,L1-geth,Geth/v1.16.9-stable-95665d57/linux-arm64/go1.24.13,osaka,1337,primary,primary-groth16-d11,groth16,11,15,17,verify_proof_call,call,G16-d11-p3,3,896,A0,verifier,Groth16LegacyVerifierDepth11,0x5FbDB2315678afecb367f032d93F642f64180aa3,,,call,call,,,true,true,1,,292,2,1162,,,,,,,,,,,,2fbdfdd45ebdc64fe7acb287054cddc5aaf6fe7ea8c957460799f49e7a023e66,,,,bookkeeping_only
CSI-CHAIN-LOCAL-01,full-71a5854-20260925T115726Z-geth,full,L1-geth,Geth/v1.16.9-stable-95665d57/linux-arm64/go1.24.13,osaka,1337,primary,primary-groth16-d11,groth16,11,15,18,verify_proof_call,call,G16-d11-p4,4,1152,A0,verifier,Groth16LegacyVerifierDepth11,0x5FbDB2315678afecb367f032d93F642f64180aa3,,,call,call,,,true,true,1,,292,3,1159,,,,,,,,,,,,8ee79a385961861f0584a8cc07e1ac2143ddddfb5aff9524d32bd25fa77eee7e,,,,bookkeeping_only
CSI-CHAIN-LOCAL-01,full-71a5854-20260925T115726Z-geth,full,L1-geth,Geth/v1.16.9-stable-95665d57/linux-arm64/go1.24.13,osaka,1337,primary,primary-groth16-d11,groth16,11,15,19,verify_proof_call,call,G16-d11-p5,5,1408,A0,verifier,Groth16LegacyVerifierDepth11,0x5FbDB2315678afecb367f032d93F642f64180aa3,,,call,call,,,true,true,1,,292,3,1159,,,,,,,,,,,,13313b6af35602ffa5ef1ea582e8157c92d0fa235c2451b2d167238a0d99b0db,,,,bookkeeping_only
CSI-CHAIN-LOCAL-01,full-71a5854-20260925T115726Z-geth,full,L1-geth,Geth/v1.16.9-stable-95665d57/linux-arm64/go1.24.13,osaka,1337,primary,primary-groth16-d11,groth16,11,15,20,verify_proof_call,call,G16-d11-p6,6,1664,A0,verifier,Groth16LegacyVerifierDepth11,0x5FbDB2315678afecb367f032d93F642f64180aa3,,,call,call,,,true,true,1,,292,3,1159,,,,,,,,,,,,97dcf0752aff5768c43511010524f8845e4a9b3d98d7209cb75d830bb8e5a8ec,,,,bookkeeping_only
CSI-CHAIN-LOCAL-01,full-71a5854-20260925T115726Z-geth,full,L1-geth,Geth/v1.16.9-stable-95665d57/linux-arm64/go1.24.13,osaka,1337,primary,primary-groth16-d11,groth16,11,15,21,verify_proof_call,call,G16-d11-p7,7,1920,A0,verifier,Groth16LegacyVerifierDepth11,0x5FbDB2315678afecb367f032d93F642f64180aa3,,,call,call,,,true,true,1,,292,1,1165,,,,,,,,,,,,72eebe6c87a27b1c9fd074143c7d39950e530a76e30b35c9a17507790d335537,,,,bookkeeping_only
CSI-CHAIN-LOCAL-01,full-71a5854-20260925T115726Z-geth,full,L1-geth,Geth/v1.16.9-stable-95665d57/linux-arm64/go1.24.13,osaka,1337,primary,primary-groth16-d11,groth16,11,15,22,verify_proof_direct,tx,G16-d11-p0,0,128,A0,verifier,Groth16LegacyVerifierDepth11,0x5FbDB2315678afecb367f032d93F642f64180aa3,12,1000000,1,1,,,,,1,214585,292,2,1162,4648,32620,0,25648,188937,0,,,,,,5bc6f0de4752c6450808a69e77e384f62a63422d6390520d86938db713353393,0x3a1dd5e7a8092babcff7e5932985007575fe032498cab7285c7bd1cd32fe2c58,15,1136772113,bookkeeping_only
CSI-CHAIN-LOCAL-01,full-71a5854-20260925T115726Z-geth,full,L1-geth,Geth/v1.16.9-stable-95665d57/linux-arm64/go1.24.13,osaka,1337,primary,primary-groth16-d11,groth16,11,15,23,verify_proof_direct,tx,G16-d11-p1,1,384,A0,verifier,Groth16LegacyVerifierDepth11,0x5FbDB2315678afecb367f032d93F642f64180aa3,13,1000000,1,1,,,,,1,214597,292,1,1165,4660,32650,0,25660,188937,0,,,,,,efa885aac2e9479c43fe12f6847995b17d8af96513378cc2c1d26e9d055da7b6,0x8071277d90085683fea47deac771f33a554bb658c5abc6b118728b03782e0031,16,1119797888,bookkeeping_only
CSI-CHAIN-LOCAL-01,full-71a5854-20260925T115726Z-geth,full,L1-geth,Geth/v1.16.9-stable-95665d57/linux-arm64/go1.24.13,osaka,1337,primary,primary-groth16-d11,groth16,11,15,24,verify_proof_direct,tx,G16-d11-p2,2,640,A0,verifier,Groth16LegacyVerifierDepth11,0x5FbDB2315678afecb367f032d93F642f64180aa3,14,1000000,1,1,,,,,1,214597,292,1,1165,4660,32650,0,25660,188937,0,,,,,,1c147d59cc572d343a1e8e2aa749baf09252f70a647b83a025998f089baf4314,0x2e01add6eb456302c5b73e7101b1ba4815316e91696c9c83d3b09e2478d719f1,17,1104930270,bookkeeping_only
CSI-CHAIN-LOCAL-01,full-71a5854-20260925T115726Z-geth,full,L1-geth,Geth/v1.16.9-stable-95665d57/linux-arm64/go1.24.13,osaka,1337,primary,primary-groth16-d11,groth16,11,15,25,verify_proof_direct,tx,G16-d11-p3,3,896,A0,verifier,Groth16LegacyVerifierDepth11,0x5FbDB2315678afecb367f032d93F642f64180aa3,15,1000000,1,1,,,,,1,214585,292,2,1162,4648,32620,0,25648,188937,0,,,,,,2fbdfdd45ebdc64fe7acb287054cddc5aaf6fe7ea8c957460799f49e7a023e66,0xa0bc32894fb3edb3ab4d9847e1a38060fc488c322dc9ba895ab9fa96dded8af4,18,1091907811,bookkeeping_only
CSI-CHAIN-LOCAL-01,full-71a5854-20260925T115726Z-geth,full,L1-geth,Geth/v1.16.9-stable-95665d57/linux-arm64/go1.24.13,osaka,1337,primary,primary-groth16-d11,groth16,11,15,26,verify_proof_direct,tx,G16-d11-p4,4,1152,A0,verifier,Groth16LegacyVerifierDepth11,0x5FbDB2315678afecb367f032d93F642f64180aa3,16,1000000,1,1,,,,,1,214573,292,3,1159,4636,32590,0,25636,188937,0,,,,,,8ee79a385961861f0584a8cc07e1ac2143ddddfb5aff9524d32bd25fa77eee7e,0x8ec76c477b655d01126e0fb8f871ecb650480b18f9474205c218541a5631b24a,19,1080501510,bookkeeping_only
CSI-CHAIN-LOCAL-01,full-71a5854-20260925T115726Z-geth,full,L1-geth,Geth/v1.16.9-stable-95665d57/linux-arm64/go1.24.13,osaka,1337,primary,primary-groth16-d11,groth16,11,15,27,verify_proof_direct,tx,G16-d11-p5,5,1408,A0,verifier,Groth16LegacyVerifierDepth11,0x5FbDB2315678afecb367f032d93F642f64180aa3,17,1000000,1,1,,,,,1,214573,292,3,1159,4636,32590,0,25636,188937,0,,,,,,13313b6af35602ffa5ef1ea582e8157c92d0fa235c2451b2d167238a0d99b0db,0xc8db88170fb4f9527ed8da0e7dcbe0647a4a440aae91e7274ff6e508f70829a7,20,1070510794,bookkeeping_only
CSI-CHAIN-LOCAL-01,full-71a5854-20260925T115726Z-geth,full,L1-geth,Geth/v1.16.9-stable-95665d57/linux-arm64/go1.24.13,osaka,1337,primary,primary-groth16-d11,groth16,11,15,28,verify_proof_direct,tx,G16-d11-p6,6,1664,A0,verifier,Groth16LegacyVerifierDepth11,0x5FbDB2315678afecb367f032d93F642f64180aa3,18,1000000,1,1,,,,,1,214573,292,3,1159,4636,32590,0,25636,188937,0,,,,,,97dcf0752aff5768c43511010524f8845e4a9b3d98d7209cb75d830bb8e5a8ec,0x4e56009aee2051ff9268caa7eefa3142105d49857e4b446cc9a245730203a184,21,1061759986,bookkeeping_only
CSI-CHAIN-LOCAL-01,full-71a5854-20260925T115726Z-geth,full,L1-geth,Geth/v1.16.9-stable-95665d57/linux-arm64/go1.24.13,osaka,1337,primary,primary-groth16-d11,groth16,11,15,29,verify_proof_direct,tx,G16-d11-p7,7,1920,A0,verifier,Groth16LegacyVerifierDepth11,0x5FbDB2315678afecb367f032d93F642f64180aa3,19,1000000,1,1,,,,,1,214597,292,1,1165,4660,32650,0,25660,188937,0,,,,,,72eebe6c87a27b1c9fd074143c7d39950e530a76e30b35c9a17507790d335537,0xfe86d5fb559d2b36fe47b731687216492145c858d4a2f1316ec19e18afba19b0,22,1054095205,bookkeeping_only
CSI-CHAIN-LOCAL-01,full-71a5854-20260925T115726Z-geth,full,L1-geth,Geth/v1.16.9-stable-95665d57/linux-arm64/go1.24.13,osaka,1337,primary,primary-groth16-d11,groth16,11,15,30,neg_unknown_root,tx,G16-d15-p0,0,2048,A0,manager,CredentialManagerGroth16,0xe7f1725E7734CE288F8367e1Bb143E90bb3F0512,20,3000000,0,0,Invalid root,Invalid root,,,1,32680,292,0,1168,4672,32680,0,25672,7008,1,,,,,,1ce3baf053b44ac9c96d03a3ffb948677aa627e3073963fb9a5209d034620599,0x8a199d9d25c13b48cc7c3371a92a930aece0aa22e04491e0df60ed4e4652ac86,23,1047381674,bookkeeping_only
CSI-CHAIN-LOCAL-01,full-71a5854-20260925T115726Z-geth,full,L1-geth,Geth/v1.16.9-stable-95665d57/linux-arm64/go1.24.13,osaka,1337,primary,primary-groth16-d11,groth16,11,15,31,neg_tampered_call,call,G16-d11-p0,0,128,A0,verifier,Groth16LegacyVerifierDepth11,0x5FbDB2315678afecb367f032d93F642f64180aa3,,,call,call,,,false,false,1,,292,2,1162,,,,,,,,,,,,978167ce868bdde21a4e446ff192d661cfbe5e9a94cf2ab3bb651c1803218a1e,,,,bookkeeping_only
CSI-CHAIN-LOCAL-01,full-71a5854-20260925T115726Z-geth,full,L1-geth,Geth/v1.16.9-stable-95665d57/linux-arm64/go1.24.13,osaka,1337,primary,primary-groth16-d11,groth16,11,15,32,neg_tampered,tx,G16-d11-p0,0,128,A0,manager,CredentialManagerGroth16,0xe7f1725E7734CE288F8367e1Bb143E90bb3F0512,21,3000000,0,0,Invalid proof,Invalid proof,,,1,2908558,292,2,1162,4648,32620,0,25648,2882910,0,,,,,,4600ea442b9dade6481bb2b6be2cf2ffc3335fa332050a02a4626b27822cfb63,0x8961726cfd9d3a5c00464a437d1df0693e5a6dc0379ac159ca4a61410a29370f,24,1041465417,bookkeeping_only
CSI-CHAIN-LOCAL-01,full-71a5854-20260925T115726Z-geth,full,L1-geth,Geth/v1.16.9-stable-95665d57/linux-arm64/go1.24.13,osaka,1337,primary,primary-groth16-d11,groth16,11,15,33,neg_cross_depth_setup,tx,G16-d15-p0,0,2048,A0,manager,CredentialManagerGroth16,0xe7f1725E7734CE288F8367e1Bb143E90bb3F0512,22,300000,1,1,,,,,1,47346,36,0,144,576,22440,0,21576,25770,0,,,,,,f2931f0aaf26f5d51c33dadce13833370940a08948160921859c7fe776ca5aa8,0x6e1f35f874cf52d8ea1b077aca8886c9b28e9f8885a88686db2d03da5efd5306,25,1036784759,bookkeeping_only
CSI-CHAIN-LOCAL-01,full-71a5854-20260925T115726Z-geth,full,L1-geth,Geth/v1.16.9-stable-95665d57/linux-arm64/go1.24.13,osaka,1337,primary,primary-groth16-d11,groth16,11,15,34,neg_cross_depth_call,call,G16-d15-p0,0,2048,A0,verifier,Groth16LegacyVerifierDepth11,0x5FbDB2315678afecb367f032d93F642f64180aa3,,,call,call,,,false,false,1,,292,0,1168,,,,,,,,,,,,c1fa14b5797405497200d6957b5158faa30002873d39b43b4fd1ea982ca39ae2,,,,bookkeeping_only
CSI-CHAIN-LOCAL-01,full-71a5854-20260925T115726Z-geth,full,L1-geth,Geth/v1.16.9-stable-95665d57/linux-arm64/go1.24.13,osaka,1337,primary,primary-groth16-d11,groth16,11,15,35,neg_cross_depth,tx,G16-d15-p0,0,2048,A0,manager,CredentialManagerGroth16,0xe7f1725E7734CE288F8367e1Bb143E90bb3F0512,23,3000000,0,0,Invalid proof,Invalid proof,,,1,222936,292,0,1168,4672,32680,0,25672,197264,0,,,,,,1ce3baf053b44ac9c96d03a3ffb948677aa627e3073963fb9a5209d034620599,0x9a0d2cd4b2e2d8d3b87b76ee544592dd391eacb94cc4ab85fcc4214acb776e0b,26,1032193921,bookkeeping_only
CSI-CHAIN-LOCAL-01,full-71a5854-20260925T115726Z-geth,full,L1-geth,Geth/v1.16.9-stable-95665d57/linux-arm64/go1.24.13,osaka,1337,primary,primary-groth16-d11,groth16,11,15,36,neg_non_issuer,tx,G16-d11-p0,0,128,A1,manager,CredentialManagerGroth16,0xe7f1725E7734CE288F8367e1Bb143E90bb3F0512,0,300000,0,0,CredentialManager: not issuer,CredentialManager: not issuer,,,1,24171,36,1,141,564,22410,0,21564,2607,0,,,,,,d02fee54c295d1b5cc2948d9c79837ece40c0013835e3b9bb349e94ae744e758,0x71b76560e2dbd34abd72711d3c56ae1cab54d9bc1cae78badc127c9156b1e584,27,1028199586,bookkeeping_only
CSI-CHAIN-LOCAL-01,full-71a5854-20260925T115726Z-geth,full,L1-geth,Geth/v1.16.9-stable-95665d57/linux-arm64/go1.24.13,osaka,1337,primary,primary-groth16-d15,groth16,15,5,1,deploy_verifier,tx,,,,A0,,Groth16LegacyVerifierDepth15,0x5FbDB2315678afecb367f032d93F642f64180aa3,0,6000000,1,1,,,,,1,350060,1406,53,5465,21860,75650,32088,74948,275112,0,274800,1406,1374,0x085bab7f625aa60f1081b7b3292531997c4733a612dafcfdf8375abde640ef74,1,3f30bce356e4b31c965f1dd559f21665a3ccac9072a6d3c5b285eeb2498ef24c,0x5bfd63ca71b6f555ec5aeee650045c6f270014d2fae0422cbe21436b7eca8d5c,3,1670055867,bookkeeping_only
CSI-CHAIN-LOCAL-01,full-71a5854-20260925T115726Z-geth,full,L1-geth,Geth/v1.16.9-stable-95665d57/linux-arm64/go1.24.13,osaka,1337,primary,primary-groth16-d15,groth16,15,5,2,deploy_manager,tx,,,,A0,,CredentialManagerGroth16,0xe7f1725E7734CE288F8367e1Bb143E90bb3F0512,1,6000000,1,1,,,,,1,565248,2410,84,9388,37552,114880,32152,90704,474544,0,428000,2410,2140,0x3fa88dab92b4daae5449537045ac5d6e143ea11f41fcdff2d37adb5523454ace,1,19ee042dbe867a3c02cb22e3913366b1c44d39bcad3099526989912ebfacd00a,0xc688b2313697884cf2837738ae058cb45f5538eba2a7ea5ed4319cccfa8e7683,4,1587276216,bookkeeping_only
CSI-CHAIN-LOCAL-01,full-71a5854-20260925T115726Z-geth,full,L1-geth,Geth/v1.16.9-stable-95665d57/linux-arm64/go1.24.13,osaka,1337,primary,primary-groth16-d15,groth16,15,5,3,set_issuer,tx,,,,A0,manager,CredentialManagerGroth16,0xe7f1725E7734CE288F8367e1Bb143E90bb3F0512,2,300000,1,1,,,,,1,47900,68,43,143,572,22430,0,21572,26328,0,,,,,,727fd06686258f939093f54b4f3c375b0f3052da4ba7867e73d6f93a90702a06,0x501ae8be8fa71731b8e6f009057e6eda6a9beb71ae54aca9f8edbb0ff5e2ba0a,5,1515249842,bookkeeping_only
CSI-CHAIN-LOCAL-01,full-71a5854-20260925T115726Z-geth,full,L1-geth,Geth/v1.16.9-stable-95665d57/linux-arm64/go1.24.13,osaka,1337,primary,primary-groth16-d15,groth16,15,5,4,add_root,tx,,,,A0,manager,CredentialManagerGroth16,0xe7f1725E7734CE288F8367e1Bb143E90bb3F0512,3,300000,1,1,,,,,1,47346,36,0,144,576,22440,0,21576,25770,0,,,,,,f2931f0aaf26f5d51c33dadce13833370940a08948160921859c7fe776ca5aa8,0x987d7dcb0c6122ce80b9f07348aaa4c092c3676db8a399fa5e940530c7bf6231,6,1450946448,bookkeeping_only
CSI-CHAIN-LOCAL-01,full-71a5854-20260925T115726Z-geth,full,L1-geth,Geth/v1.16.9-stable-95665d57/linux-arm64/go1.24.13,osaka,1337,primary,primary-groth16-d15,groth16,15,5,5,precheck_call,call,G16-d15-p0,0,2048,A0,manager,CredentialManagerGroth16,0xe7f1725E7734CE288F8367e1Bb143E90bb3F0512,,,call,call,,,true,true,1,,292,0,1168,,,,,,,,,,,,1ce3baf053b44ac9c96d03a3ffb948677aa627e3073963fb9a5209d034620599,,,,bookkeeping_only
CSI-CHAIN-LOCAL-01,full-71a5854-20260925T115726Z-geth,full,L1-geth,Geth/v1.16.9-stable-95665d57/linux-arm64/go1.24.13,osaka,1337,primary,primary-groth16-d15,groth16,15,5,6,verify_credential,tx,G16-d15-p0,0,2048,A0,manager,CredentialManagerGroth16,0xe7f1725E7734CE288F8367e1Bb143E90bb3F0512,4,1000000,1,1,,,,,1,223970,292,0,1168,4672,32680,0,25672,198298,0,,,,,,1ce3baf053b44ac9c96d03a3ffb948677aa627e3073963fb9a5209d034620599,0xc659bdda587b26c3a7963fe5aba97695aef8abf43b60457a5d2f4b16d76b4735,7,1394667103,bookkeeping_only
CSI-CHAIN-LOCAL-01,full-71a5854-20260925T115726Z-geth,full,L1-geth,Geth/v1.16.9-stable-95665d57/linux-arm64/go1.24.13,osaka,1337,primary,primary-groth16-d15,groth16,15,5,7,verify_credential,tx,G16-d15-p1,1,6144,A0,manager,CredentialManagerGroth16,0xe7f1725E7734CE288F8367e1Bb143E90bb3F0512,5,1000000,1,1,,,,,1,223958,292,1,1165,4660,32650,0,25660,198298,0,,,,,,913be1bdecd87ce3996ebc8d1ff465d022fd88203fda1136b6e51a4daa850cb7,0x6bda35e23d7ef0e50797530058dc944c248fd13f72d95febd310c1585429135e,8,1345702022,bookkeeping_only
CSI-CHAIN-LOCAL-01,full-71a5854-20260925T115726Z-geth,full,L1-geth,Geth/v1.16.9-stable-95665d57/linux-arm64/go1.24.13,osaka,1337,primary,primary-groth16-d15,groth16,15,5,8,verify_credential,tx,G16-d15-p2,2,10240,A0,manager,CredentialManagerGroth16,0xe7f1725E7734CE288F8367e1Bb143E90bb3F0512,6,1000000,1,1,,,,,1,223946,292,2,1162,4648,32620,0,25648,198298,0,,,,,,dd83f315fa1aade3a4be6c26fb8582bd4edfac15a5c523ec8af8adb9811c98d2,0x7161b685c54e0c8739ad2b67cdbd545735dc2666d0f62f29ac41a936f2afca2e,9,1302811864,bookkeeping_only
CSI-CHAIN-LOCAL-01,full-71a5854-20260925T115726Z-geth,full,L1-geth,Geth/v1.16.9-stable-95665d57/linux-arm64/go1.24.13,osaka,1337,primary,primary-groth16-d15,groth16,15,5,9,verify_credential,tx,G16-d15-p3,3,14336,A0,manager,CredentialManagerGroth16,0xe7f1725E7734CE288F8367e1Bb143E90bb3F0512,7,1000000,1,1,,,,,1,223958,292,1,1165,4660,32650,0,25660,198298,0,,,,,,749f32790365347d532b39ccf08ab073437daf09b7ac9d073142ce6773ca9104,0x9221fcb0d897543c8a192c0b064b6ed37b7c37f185ab0fef47d083c5669e82ec,10,1265242938,bookkeeping_only
CSI-CHAIN-LOCAL-01,full-71a5854-20260925T115726Z-geth,full,L1-geth,Geth/v1.16.9-stable-95665d57/linux-arm64/go1.24.13,osaka,1337,primary,primary-groth16-d15,groth16,15,5,10,verify_credential,tx,G16-d15-p4,4,18432,A0,manager,CredentialManagerGroth16,0xe7f1725E7734CE288F8367e1Bb143E90bb3F0512,8,1000000,1,1,,,,,1,223970,292,0,1168,4672,32680,0,25672,198298,0,,,,,,bb58032357ff31a89916564de19e9f3c131369a58d13300b9c9f9886cf3f7ed6,0xa7a7101f5ea2ea0582f32c41765a7409b647750f5c2ba8888363fe0bb5949be4,11,1232335085,bookkeeping_only
CSI-CHAIN-LOCAL-01,full-71a5854-20260925T115726Z-geth,full,L1-geth,Geth/v1.16.9-stable-95665d57/linux-arm64/go1.24.13,osaka,1337,primary,primary-groth16-d15,groth16,15,5,11,verify_credential,tx,G16-d15-p5,5,22528,A0,manager,CredentialManagerGroth16,0xe7f1725E7734CE288F8367e1Bb143E90bb3F0512,9,1000000,1,1,,,,,1,223946,292,2,1162,4648,32620,0,25648,198298,0,,,,,,4b8d4700d0bb0121d4e896a6797320d9ad6e3f3abc9743f61dc4c52d0daa34e4,0x16216e1463ac1f61f4f8060da7ecc655f005e66c8a1548aa3498dd89d6340fde,12,1203510017,bookkeeping_only
CSI-CHAIN-LOCAL-01,full-71a5854-20260925T115726Z-geth,full,L1-geth,Geth/v1.16.9-stable-95665d57/linux-arm64/go1.24.13,osaka,1337,primary,primary-groth16-d15,groth16,15,5,12,verify_credential,tx,G16-d15-p6,6,26624,A0,manager,CredentialManagerGroth16,0xe7f1725E7734CE288F8367e1Bb143E90bb3F0512,10,1000000,1,1,,,,,1,223958,292,1,1165,4660,32650,0,25660,198298,0,,,,,,c78222b8f86cc480198574e141459b4aecf74592b5a1c8df77ac6d5cfaa50c4a,0xd44038cd796abf4c804b99a83eae19a4b8b738396133885ea5e4c95146d57129,13,1178261162,bookkeeping_only
CSI-CHAIN-LOCAL-01,full-71a5854-20260925T115726Z-geth,full,L1-geth,Geth/v1.16.9-stable-95665d57/linux-arm64/go1.24.13,osaka,1337,primary,primary-groth16-d15,groth16,15,5,13,verify_credential,tx,G16-d15-p7,7,30720,A0,manager,CredentialManagerGroth16,0xe7f1725E7734CE288F8367e1Bb143E90bb3F0512,11,1000000,1,1,,,,,1,223958,292,1,1165,4660,32650,0,25660,198298,0,,,,,,0939ed3af2b91f3f33792cb3e6506f1e25c8e4c8e96276543fb527ab44c08632,0x2bd16085d6db58df3548fb1b9c1511c8958a8b67acc9f84edffec58f13336c0d,14,1156144863,bookkeeping_only
CSI-CHAIN-LOCAL-01,full-71a5854-20260925T115726Z-geth,full,L1-geth,Geth/v1.16.9-stable-95665d57/linux-arm64/go1.24.13,osaka,1337,primary,primary-groth16-d15,groth16,15,5,14,verify_proof_call,call,G16-d15-p0,0,2048,A0,verifier,Groth16LegacyVerifierDepth15,0x5FbDB2315678afecb367f032d93F642f64180aa3,,,call,call,,,true,true,1,,292,0,1168,,,,,,,,,,,,c1fa14b5797405497200d6957b5158faa30002873d39b43b4fd1ea982ca39ae2,,,,bookkeeping_only
CSI-CHAIN-LOCAL-01,full-71a5854-20260925T115726Z-geth,full,L1-geth,Geth/v1.16.9-stable-95665d57/linux-arm64/go1.24.13,osaka,1337,primary,primary-groth16-d15,groth16,15,5,15,verify_proof_call,call,G16-d15-p1,1,6144,A0,verifier,Groth16LegacyVerifierDepth15,0x5FbDB2315678afecb367f032d93F642f64180aa3,,,call,call,,,true,true,1,,292,1,1165,,,,,,,,,,,,9a69908c11b9d604d07eeeb7aa75afd25faa2970a09fad8fe1226b6108a691f7,,,,bookkeeping_only
CSI-CHAIN-LOCAL-01,full-71a5854-20260925T115726Z-geth,full,L1-geth,Geth/v1.16.9-stable-95665d57/linux-arm64/go1.24.13,osaka,1337,primary,primary-groth16-d15,groth16,15,5,16,verify_proof_call,call,G16-d15-p2,2,10240,A0,verifier,Groth16LegacyVerifierDepth15,0x5FbDB2315678afecb367f032d93F642f64180aa3,,,call,call,,,true,true,1,,292,2,1162,,,,,,,,,,,,ffa426a227502e520b215cbad8054ba8c89f180fc933010c3d58b8205d5eaa0e,,,,bookkeeping_only
CSI-CHAIN-LOCAL-01,full-71a5854-20260925T115726Z-geth,full,L1-geth,Geth/v1.16.9-stable-95665d57/linux-arm64/go1.24.13,osaka,1337,primary,primary-groth16-d15,groth16,15,5,17,verify_proof_call,call,G16-d15-p3,3,14336,A0,verifier,Groth16LegacyVerifierDepth15,0x5FbDB2315678afecb367f032d93F642f64180aa3,,,call,call,,,true,true,1,,292,1,1165,,,,,,,,,,,,353c4bf788dd3eea11cad07d0eee3159b83e1600578b4dbefa6fe480a037a61b,,,,bookkeeping_only
CSI-CHAIN-LOCAL-01,full-71a5854-20260925T115726Z-geth,full,L1-geth,Geth/v1.16.9-stable-95665d57/linux-arm64/go1.24.13,osaka,1337,primary,primary-groth16-d15,groth16,15,5,18,verify_proof_call,call,G16-d15-p4,4,18432,A0,verifier,Groth16LegacyVerifierDepth15,0x5FbDB2315678afecb367f032d93F642f64180aa3,,,call,call,,,true,true,1,,292,0,1168,,,,,,,,,,,,0275540c48b6aadc24187f726a135babd7acf2161a082d7eb14a4c20bdacc4c5,,,,bookkeeping_only
CSI-CHAIN-LOCAL-01,full-71a5854-20260925T115726Z-geth,full,L1-geth,Geth/v1.16.9-stable-95665d57/linux-arm64/go1.24.13,osaka,1337,primary,primary-groth16-d15,groth16,15,5,19,verify_proof_call,call,G16-d15-p5,5,22528,A0,verifier,Groth16LegacyVerifierDepth15,0x5FbDB2315678afecb367f032d93F642f64180aa3,,,call,call,,,true,true,1,,292,2,1162,,,,,,,,,,,,0e3a31470df088a45ddf346b4ebae6ef688c42c6473017d52829f93f2e126363,,,,bookkeeping_only
CSI-CHAIN-LOCAL-01,full-71a5854-20260925T115726Z-geth,full,L1-geth,Geth/v1.16.9-stable-95665d57/linux-arm64/go1.24.13,osaka,1337,primary,primary-groth16-d15,groth16,15,5,20,verify_proof_call,call,G16-d15-p6,6,26624,A0,verifier,Groth16LegacyVerifierDepth15,0x5FbDB2315678afecb367f032d93F642f64180aa3,,,call,call,,,true,true,1,,292,1,1165,,,,,,,,,,,,068b52d1b0b961e5b1d34659e007396c3564365df391b9c79a52500e2d10202b,,,,bookkeeping_only
CSI-CHAIN-LOCAL-01,full-71a5854-20260925T115726Z-geth,full,L1-geth,Geth/v1.16.9-stable-95665d57/linux-arm64/go1.24.13,osaka,1337,primary,primary-groth16-d15,groth16,15,5,21,verify_proof_call,call,G16-d15-p7,7,30720,A0,verifier,Groth16LegacyVerifierDepth15,0x5FbDB2315678afecb367f032d93F642f64180aa3,,,call,call,,,true,true,1,,292,1,1165,,,,,,,,,,,,613402477dba87fc3cf8902e3beabb20992e3af063701ebc06397c5554ef618f,,,,bookkeeping_only
CSI-CHAIN-LOCAL-01,full-71a5854-20260925T115726Z-geth,full,L1-geth,Geth/v1.16.9-stable-95665d57/linux-arm64/go1.24.13,osaka,1337,primary,primary-groth16-d15,groth16,15,5,22,verify_proof_direct,tx,G16-d15-p0,0,2048,A0,verifier,Groth16LegacyVerifierDepth15,0x5FbDB2315678afecb367f032d93F642f64180aa3,12,1000000,1,1,,,,,1,214609,292,0,1168,4672,32680,0,25672,188937,0,,,,,,c1fa14b5797405497200d6957b5158faa30002873d39b43b4fd1ea982ca39ae2,0xbd2d0e20b26eb52b9c0253f9417fdb5fe1c6657bb612ffb4d66c3830eca059fe,15,1136772464,bookkeeping_only
CSI-CHAIN-LOCAL-01,full-71a5854-20260925T115726Z-geth,full,L1-geth,Geth/v1.16.9-stable-95665d57/linux-arm64/go1.24.13,osaka,1337,primary,primary-groth16-d15,groth16,15,5,23,verify_proof_direct,tx,G16-d15-p1,1,6144,A0,verifier,Groth16LegacyVerifierDepth15,0x5FbDB2315678afecb367f032d93F642f64180aa3,13,1000000,1,1,,,,,1,214597,292,1,1165,4660,32650,0,25660,188937,0,,,,,,9a69908c11b9d604d07eeeb7aa75afd25faa2970a09fad8fe1226b6108a691f7,0x2b6a448fc04af292624fe189419cd1b28418e149ba5a2bce93e099db905c5d56,16,1119798209,bookkeeping_only
CSI-CHAIN-LOCAL-01,full-71a5854-20260925T115726Z-geth,full,L1-geth,Geth/v1.16.9-stable-95665d57/linux-arm64/go1.24.13,osaka,1337,primary,primary-groth16-d15,groth16,15,5,24,verify_proof_direct,tx,G16-d15-p2,2,10240,A0,verifier,Groth16LegacyVerifierDepth15,0x5FbDB2315678afecb367f032d93F642f64180aa3,14,1000000,1,1,,,,,1,214585,292,2,1162,4648,32620,0,25648,188937,0,,,,,,ffa426a227502e520b215cbad8054ba8c89f180fc933010c3d58b8205d5eaa0e,0x5ff506d9e8fe1c7e65e3ec0cd85d97b3e4c3daefc8292fa57d55209606ecee44,17,1104930551,bookkeeping_only
CSI-CHAIN-LOCAL-01,full-71a5854-20260925T115726Z-geth,full,L1-geth,Geth/v1.16.9-stable-95665d57/linux-arm64/go1.24.13,osaka,1337,primary,primary-groth16-d15,groth16,15,5,25,verify_proof_direct,tx,G16-d15-p3,3,14336,A0,verifier,Groth16LegacyVerifierDepth15,0x5FbDB2315678afecb367f032d93F642f64180aa3,15,1000000,1,1,,,,,1,214597,292,1,1165,4660,32650,0,25660,188937,0,,,,,,353c4bf788dd3eea11cad07d0eee3159b83e1600578b4dbefa6fe480a037a61b,0xf23aa21e03db8c465133eb8c30a590fac5c11b1d3b57ff9a1f31e089295ff855,18,1091908051,bookkeeping_only
CSI-CHAIN-LOCAL-01,full-71a5854-20260925T115726Z-geth,full,L1-geth,Geth/v1.16.9-stable-95665d57/linux-arm64/go1.24.13,osaka,1337,primary,primary-groth16-d15,groth16,15,5,26,verify_proof_direct,tx,G16-d15-p4,4,18432,A0,verifier,Groth16LegacyVerifierDepth15,0x5FbDB2315678afecb367f032d93F642f64180aa3,16,1000000,1,1,,,,,1,214609,292,0,1168,4672,32680,0,25672,188937,0,,,,,,0275540c48b6aadc24187f726a135babd7acf2161a082d7eb14a4c20bdacc4c5,0x1663abcc3c79d51b3e7ab14acfa87efb598d88a2d030c549ab99e065596835b6,19,1080501725,bookkeeping_only
CSI-CHAIN-LOCAL-01,full-71a5854-20260925T115726Z-geth,full,L1-geth,Geth/v1.16.9-stable-95665d57/linux-arm64/go1.24.13,osaka,1337,primary,primary-groth16-d15,groth16,15,5,27,verify_proof_direct,tx,G16-d15-p5,5,22528,A0,verifier,Groth16LegacyVerifierDepth15,0x5FbDB2315678afecb367f032d93F642f64180aa3,17,1000000,1,1,,,,,1,214585,292,2,1162,4648,32620,0,25648,188937,0,,,,,,0e3a31470df088a45ddf346b4ebae6ef688c42c6473017d52829f93f2e126363,0x5ad171b20c8d58d4a3afe9f3de7b0ace1f695ad02eddf5a18cd625e5390dacb6,20,1070510995,bookkeeping_only
CSI-CHAIN-LOCAL-01,full-71a5854-20260925T115726Z-geth,full,L1-geth,Geth/v1.16.9-stable-95665d57/linux-arm64/go1.24.13,osaka,1337,primary,primary-groth16-d15,groth16,15,5,28,verify_proof_direct,tx,G16-d15-p6,6,26624,A0,verifier,Groth16LegacyVerifierDepth15,0x5FbDB2315678afecb367f032d93F642f64180aa3,18,1000000,1,1,,,,,1,214597,292,1,1165,4660,32650,0,25660,188937,0,,,,,,068b52d1b0b961e5b1d34659e007396c3564365df391b9c79a52500e2d10202b,0x5f910548eba62224490b4ba07fd61e9c3b825efba8e7182d7fd2e88a635e90fc,21,1061760165,bookkeeping_only
CSI-CHAIN-LOCAL-01,full-71a5854-20260925T115726Z-geth,full,L1-geth,Geth/v1.16.9-stable-95665d57/linux-arm64/go1.24.13,osaka,1337,primary,primary-groth16-d15,groth16,15,5,29,verify_proof_direct,tx,G16-d15-p7,7,30720,A0,verifier,Groth16LegacyVerifierDepth15,0x5FbDB2315678afecb367f032d93F642f64180aa3,19,1000000,1,1,,,,,1,214597,292,1,1165,4660,32650,0,25660,188937,0,,,,,,613402477dba87fc3cf8902e3beabb20992e3af063701ebc06397c5554ef618f,0xda32a85c07e37faa82c2c502ec8052446ff056ac5f886bbfe2b790e35b3b4d16,22,1054095368,bookkeeping_only
CSI-CHAIN-LOCAL-01,full-71a5854-20260925T115726Z-geth,full,L1-geth,Geth/v1.16.9-stable-95665d57/linux-arm64/go1.24.13,osaka,1337,primary,primary-groth16-d15,groth16,15,5,30,neg_unknown_root,tx,G16-d5-p0,0,2,A0,manager,CredentialManagerGroth16,0xe7f1725E7734CE288F8367e1Bb143E90bb3F0512,20,3000000,0,0,Invalid root,Invalid root,,,1,32650,292,1,1165,4660,32650,0,25660,6990,1,,,,,,5837cb8f85853d1b4c5630e24fd145aeeb696d2dcc92dcf8c0220201ca5ef8a8,0x5a344b5eabdde48bb8b28aa41d9c0c9c79def759a7c48e940b371e4e596b2eda,23,1047381817,bookkeeping_only
CSI-CHAIN-LOCAL-01,full-71a5854-20260925T115726Z-geth,full,L1-geth,Geth/v1.16.9-stable-95665d57/linux-arm64/go1.24.13,osaka,1337,primary,primary-groth16-d15,groth16,15,5,31,neg_tampered_call,call,G16-d15-p0,0,2048,A0,verifier,Groth16LegacyVerifierDepth15,0x5FbDB2315678afecb367f032d93F642f64180aa3,,,call,call,,,false,false,1,,292,0,1168,,,,,,,,,,,,bf67d87904261a032b70ac066fdaff8562305fb0f29df05a09c45733af71f86a,,,,bookkeeping_only
CSI-CHAIN-LOCAL-01,full-71a5854-20260925T115726Z-geth,full,L1-geth,Geth/v1.16.9-stable-95665d57/linux-arm64/go1.24.13,osaka,1337,primary,primary-groth16-d15,groth16,15,5,32,neg_tampered,tx,G16-d15-p0,0,2048,A0,manager,CredentialManagerGroth16,0xe7f1725E7734CE288F8367e1Bb143E90bb3F0512,21,3000000,0,0,Invalid proof,Invalid proof,,,1,2908559,292,0,1168,4672,32680,0,25672,2882887,0,,,,,,efe670202ea345c867563e45ee90e49bf8d879ab5cda61a381456e8ab2616e6c,0x741fa14c50a57028c68a45ea1951adfd507259995298acd097081a3d9c7ea040,24,1041465536,bookkeeping_only
CSI-CHAIN-LOCAL-01,full-71a5854-20260925T115726Z-geth,full,L1-geth,Geth/v1.16.9-stable-95665d57/linux-arm64/go1.24.13,osaka,1337,primary,primary-groth16-d15,groth16,15,5,33,neg_cross_depth_setup,tx,G16-d5-p0,0,2,A0,manager,CredentialManagerGroth16,0xe7f1725E7734CE288F8367e1Bb143E90bb3F0512,22,300000,1,1,,,,,1,47334,36,1,141,564,22410,0,21564,25770,0,,,,,,b91c4cff980f8874fb8d0fca3dd2b3046defc125bb26b20f9f41f40dec3d44ad,0x092b22a544e85a908c4b7a2fd1416dc64a12ad06c2bc03f4a8aed3e5687a3b78,25,1036784865,bookkeeping_only
CSI-CHAIN-LOCAL-01,full-71a5854-20260925T115726Z-geth,full,L1-geth,Geth/v1.16.9-stable-95665d57/linux-arm64/go1.24.13,osaka,1337,primary,primary-groth16-d15,groth16,15,5,34,neg_cross_depth_call,call,G16-d5-p0,0,2,A0,verifier,Groth16LegacyVerifierDepth15,0x5FbDB2315678afecb367f032d93F642f64180aa3,,,call,call,,,false,false,1,,292,1,1165,,,,,,,,,,,,38f356f938ae3972d0d16abf8b3d053f411f73f5e13f61d42c5093a3e09bf3e3,,,,bookkeeping_only
CSI-CHAIN-LOCAL-01,full-71a5854-20260925T115726Z-geth,full,L1-geth,Geth/v1.16.9-stable-95665d57/linux-arm64/go1.24.13,osaka,1337,primary,primary-groth16-d15,groth16,15,5,35,neg_cross_depth,tx,G16-d5-p0,0,2,A0,manager,CredentialManagerGroth16,0xe7f1725E7734CE288F8367e1Bb143E90bb3F0512,23,3000000,0,0,Invalid proof,Invalid proof,,,1,222924,292,1,1165,4660,32650,0,25660,197264,0,,,,,,5837cb8f85853d1b4c5630e24fd145aeeb696d2dcc92dcf8c0220201ca5ef8a8,0x351da6c054e088891a28f408a8a3513beba01cfa3790ba5a1d5f8014d00eeddc,26,1032194012,bookkeeping_only
CSI-CHAIN-LOCAL-01,full-71a5854-20260925T115726Z-geth,full,L1-geth,Geth/v1.16.9-stable-95665d57/linux-arm64/go1.24.13,osaka,1337,primary,primary-groth16-d15,groth16,15,5,36,neg_non_issuer,tx,G16-d15-p0,0,2048,A1,manager,CredentialManagerGroth16,0xe7f1725E7734CE288F8367e1Bb143E90bb3F0512,0,300000,0,0,CredentialManager: not issuer,CredentialManager: not issuer,,,1,24183,36,0,144,576,22440,0,21576,2607,0,,,,,,f2931f0aaf26f5d51c33dadce13833370940a08948160921859c7fe776ca5aa8,0x9482d3e1ff1101a0e7a9289b8ceb5b3d8045f684c946b391ead227269c910831,27,1028199664,bookkeeping_only
CSI-CHAIN-LOCAL-01,full-71a5854-20260925T115726Z-geth,full,L1-geth,Geth/v1.16.9-stable-95665d57/linux-arm64/go1.24.13,osaka,1337,primary,primary-plonk-d5,plonk,5,10,1,deploy_verifier,tx,,,,A0,,PlonkVerifierDepth5,0x5FbDB2315678afecb367f032d93F642f64180aa3,0,6000000,1,1,,,,,1,1222665,5447,163,21299,85196,233990,32342,138538,1084127,0,1083000,5447,5415,0x81bd2193cc19102868c8c8e61cf5999441a2925fabdaac763111cf7322ed082d,1,72a8ad6d40abccfee2f54b05c75339a73db6a005629eba516deb0f1baa4777f3,0x3539c9db2d523d648ae93a3e6dd6e5a564334db84e72056b74b4ea6789e62ce1,3,1670055867,bookkeeping_only
CSI-CHAIN-LOCAL-01,full-71a5854-20260925T115726Z-geth,full,L1-geth,Geth/v1.16.9-stable-95665d57/linux-arm64/go1.24.13,osaka,1337,primary,primary-plonk-d5,plonk,5,10,2,deploy_manager,tx,,,,A0,,CredentialManagerPlonk,0xe7f1725E7734CE288F8367e1Bb143E90bb3F0512,1,6000000,1,1,,,,,1,541930,2302,81,8965,35860,110650,32144,89004,452926,0,406400,2302,2032,0x81cfa580fc010d5bf437f4e25120ed772a570f64d5503726e6beb874892ec653,1,bd7d37aac5445da7be132e8d32c481e19c8340c0c76eebdf81a7dbf12c9c4d18,0x2e879a553162538a979ab023c4ed7dd2a2de18e8e2e18cff35705d985406aeed,4,1589712442,bookkeeping_only
CSI-CHAIN-LOCAL-01,full-71a5854-20260925T115726Z-geth,full,L1-geth,Geth/v1.16.9-stable-95665d57/linux-arm64/go1.24.13,osaka,1337,primary,primary-plonk-d5,plonk,5,10,3,set_issuer,tx,,,,A0,manager,CredentialManagerPlonk,0xe7f1725E7734CE288F8367e1Bb143E90bb3F0512,2,300000,1,1,,,,,1,47900,68,43,143,572,22430,0,21572,26328,0,,,,,,727fd06686258f939093f54b4f3c375b0f3052da4ba7867e73d6f93a90702a06,0x501ae8be8fa71731b8e6f009057e6eda6a9beb71ae54aca9f8edbb0ff5e2ba0a,5,1517329983,bookkeeping_only
CSI-CHAIN-LOCAL-01,full-71a5854-20260925T115726Z-geth,full,L1-geth,Geth/v1.16.9-stable-95665d57/linux-arm64/go1.24.13,osaka,1337,primary,primary-plonk-d5,plonk,5,10,4,add_root,tx,,,,A0,manager,CredentialManagerPlonk,0xe7f1725E7734CE288F8367e1Bb143E90bb3F0512,3,300000,1,1,,,,,1,47334,36,1,141,564,22410,0,21564,25770,0,,,,,,b91c4cff980f8874fb8d0fca3dd2b3046defc125bb26b20f9f41f40dec3d44ad,0x8db13f89658aa13b07885f8726d136e0558a127b127717730bb6fbc6821a2924,6,1452766986,bookkeeping_only
CSI-CHAIN-LOCAL-01,full-71a5854-20260925T115726Z-geth,full,L1-geth,Geth/v1.16.9-stable-95665d57/linux-arm64/go1.24.13,osaka,1337,primary,primary-plonk-d5,plonk,5,10,5,precheck_call,call,PLK-d5-p0,0,2,A0,manager,CredentialManagerPlonk,0xe7f1725E7734CE288F8367e1Bb143E90bb3F0512,,,call,call,,,true,true,1,,804,4,3204,,,,,,,,,,,,43edca5dc105fc7a2008617ce100ed5d4b4dfcfbb283d718f619c9c958c213d5,,,,bookkeeping_only
CSI-CHAIN-LOCAL-01,full-71a5854-20260925T115726Z-geth,full,L1-geth,Geth/v1.16.9-stable-95665d57/linux-arm64/go1.24.13,osaka,1337,primary,primary-plonk-d5,plonk,5,10,6,verify_credential,tx,PLK-d5-p0,0,2,A0,manager,CredentialManagerPlonk,0xe7f1725E7734CE288F8367e1Bb143E90bb3F0512,4,1000000,1,1,,,,,1,300167,804,4,3204,12816,53040,0,33816,266351,0,,,,,,43edca5dc105fc7a2008617ce100ed5d4b4dfcfbb283d718f619c9c958c213d5,0xa6dbd6e513e930946451760f1bf06becbfc81875c748075e18679cb9dafddcc9,7,1396260410,bookkeeping_only
CSI-CHAIN-LOCAL-01,full-71a5854-20260925T115726Z-geth,full,L1-geth,Geth/v1.16.9-stable-95665d57/linux-arm64/go1.24.13,osaka,1337,primary,primary-plonk-d5,plonk,5,10,7,verify_credential,tx,PLK-d5-p1,1,6,A0,manager,CredentialManagerPlonk,0xe7f1725E7734CE288F8367e1Bb143E90bb3F0512,5,1000000,1,1,,,,,1,300779,804,5,3201,12804,53010,0,33804,266975,0,,,,,,86f8b64f77f59cee77380b829d5b3fb4afa133bac3c198b78e66853bf8c4b119,0xcd7276faa2145d18fd76628367deebfad39ce932d53826b64a3f033f9dc7c5a6,8,1347223460,bookkeeping_only
CSI-CHAIN-LOCAL-01,full-71a5854-20260925T115726Z-geth,full,L1-geth,Geth/v1.16.9-stable-95665d57/linux-arm64/go1.24.13,osaka,1337,primary,primary-plonk-d5,plonk,5,10,8,verify_credential,tx,PLK-d5-p2,2,10,A0,manager,CredentialManagerPlonk,0xe7f1725E7734CE288F8367e1Bb143E90bb3F0512,6,1000000,1,1,,,,,1,300583,804,4,3204,12816,53040,0,33816,266767,0,,,,,,ffdd5ae292f5b9ded76d21e7c3fda21840aa05bd2c0e8db005e0d95e4bb96f46,0xf6bb7fc36960e45233761491d23142d360356431f664de0094fbfa68d7706123,9,1304255684,bookkeeping_only
CSI-CHAIN-LOCAL-01,full-71a5854-20260925T115726Z-geth,full,L1-geth,Geth/v1.16.9-stable-95665d57/linux-arm64/go1.24.13,osaka,1337,primary,primary-plonk-d5,plonk,5,10,9,verify_credential,tx,PLK-d5-p3,3,14,A0,manager,CredentialManagerPlonk,0xe7f1725E7734CE288F8367e1Bb143E90bb3F0512,7,1000000,1,1,,,,,1,299641,804,4,3204,12816,53040,0,33816,265825,0,,,,,,7100c4ceb7d3eac1a386d382445e8c82573a93504ce95775938d7ee860489fb1,0x475e272cf0801ae502a0146fac45306c34fcf73f277adcc4f6174c9893d31ca4,10,1266604783,bookkeeping_only
CSI-CHAIN-LOCAL-01,full-71a5854-20260925T115726Z-geth,full,L1-geth,Geth/v1.16.9-stable-95665d57/linux-arm64/go1.24.13,osaka,1337,primary,primary-plonk-d5,plonk,5,10,10,verify_credential,tx,PLK-d5-p4,4,18,A0,manager,CredentialManagerPlonk,0xe7f1725E7734CE288F8367e1Bb143E90bb3F0512,8,1000000,1,1,,,,,1,299397,804,7,3195,12780,52950,0,33780,265617,0,,,,,,b3d581ac9073e9ecef7aa2b165d9ab56e3e007d1e27a6b30ea0d0c7fe7507ef8,0x1930ef6055508c4c6745d5cd7f6a69e1e378bda6187352bdcddfd4d9f7b1980f,11,1233612043,bookkeeping_only
CSI-CHAIN-LOCAL-01,full-71a5854-20260925T115726Z-geth,full,L1-geth,Geth/v1.16.9-stable-95665d57/linux-arm64/go1.24.13,osaka,1337,primary,primary-plonk-d5,plonk,5,10,11,verify_credential,tx,PLK-d5-p5,5,22,A0,manager,CredentialManagerPlonk,0xe7f1725E7734CE288F8367e1Bb143E90bb3F0512,9,1000000,1,1,,,,,1,301023,804,2,3210,12840,53100,0,33840,267183,0,,,,,,b8ab9406f5505391e667b4eb1f090783eafb3ba6083f0902b73cbc9eb4771fc5,0x416801725d2380c2a16d3ded51596dcebc242095cc6bec89339562219e4e4041,12,1204701966,bookkeeping_only
CSI-CHAIN-LOCAL-01,full-71a5854-20260925T115726Z-geth,full,L1-geth,Geth/v1.16.9-stable-95665d57/linux-arm64/go1.24.13,osaka,1337,primary,primary-plonk-d5,plonk,5,10,12,verify_credential,tx,PLK-d5-p6,6,26,A0,manager,CredentialManagerPlonk,0xe7f1725E7734CE288F8367e1Bb143E90bb3F0512,10,1000000,1,1,,,,,1,299971,804,3,3207,12828,53070,0,33828,266143,0,,,,,,9bbdcf2a8a9d4ac362cef928b0566c8810bbac0ba270528d8e44ca15c64c34f6,0xd955c185da079a1bea42553c0b52d6e4ce78e0cce51f770466e01f96461ebcea,13,1179370971,bookkeeping_only
CSI-CHAIN-LOCAL-01,full-71a5854-20260925T115726Z-geth,full,L1-geth,Geth/v1.16.9-stable-95665d57/linux-arm64/go1.24.13,osaka,1337,primary,primary-plonk-d5,plonk,5,10,13,verify_credential,tx,PLK-d5-p7,7,30,A0,manager,CredentialManagerPlonk,0xe7f1725E7734CE288F8367e1Bb143E90bb3F0512,11,1000000,1,1,,,,,1,300057,804,4,3204,12816,53040,0,33816,266241,0,,,,,,a7ba63f536e220919d55362f6d0cbb38e3fd3ecc97e630595bcf4e3cee5c1613,0x6b22e5c6f62c82840964ae1df670a08f9b7221cbb5872feb4f3f6a3567535626,14,1157173792,bookkeeping_only
CSI-CHAIN-LOCAL-01,full-71a5854-20260925T115726Z-geth,full,L1-geth,Geth/v1.16.9-stable-95665d57/linux-arm64/go1.24.13,osaka,1337,primary,primary-plonk-d5,plonk,5,10,14,verify_proof_call,call,PLK-d5-p0,0,2,A0,verifier,PlonkVerifierDepth5,0x5FbDB2315678afecb367f032d93F642f64180aa3,,,call,call,,,true,true,1,,804,4,3204,,,,,,,,,,,,315d3ac17962361c7786a0a69b96507826e7200eb0f41d726d0c5b3e60c1664f,,,,bookkeeping_only
CSI-CHAIN-LOCAL-01,full-71a5854-20260925T115726Z-geth,full,L1-geth,Geth/v1.16.9-stable-95665d57/linux-arm64/go1.24.13,osaka,1337,primary,primary-plonk-d5,plonk,5,10,15,verify_proof_call,call,PLK-d5-p1,1,6,A0,verifier,PlonkVerifierDepth5,0x5FbDB2315678afecb367f032d93F642f64180aa3,,,call,call,,,true,true,1,,804,5,3201,,,,,,,,,,,,adf8fc4951542c7e77aee9b94bfd4decbe39c77e994f1fc8643af1de194144c4,,,,bookkeeping_only
CSI-CHAIN-LOCAL-01,full-71a5854-20260925T115726Z-geth,full,L1-geth,Geth/v1.16.9-stable-95665d57/linux-arm64/go1.24.13,osaka,1337,primary,primary-plonk-d5,plonk,5,10,16,verify_proof_call,call,PLK-d5-p2,2,10,A0,verifier,PlonkVerifierDepth5,0x5FbDB2315678afecb367f032d93F642f64180aa3,,,call,call,,,true,true,1,,804,4,3204,,,,,,,,,,,,75791ed8effde38cdc62ae3343c5d8a5c8abdb768baebba56b256a481395f051,,,,bookkeeping_only
CSI-CHAIN-LOCAL-01,full-71a5854-20260925T115726Z-geth,full,L1-geth,Geth/v1.16.9-stable-95665d57/linux-arm64/go1.24.13,osaka,1337,primary,primary-plonk-d5,plonk,5,10,17,verify_proof_call,call,PLK-d5-p3,3,14,A0,verifier,PlonkVerifierDepth5,0x5FbDB2315678afecb367f032d93F642f64180aa3,,,call,call,,,true,true,1,,804,4,3204,,,,,,,,,,,,d89fad3824540a62becd6c05314a55640a623d891fc0dd345737c5a96088ae96,,,,bookkeeping_only
CSI-CHAIN-LOCAL-01,full-71a5854-20260925T115726Z-geth,full,L1-geth,Geth/v1.16.9-stable-95665d57/linux-arm64/go1.24.13,osaka,1337,primary,primary-plonk-d5,plonk,5,10,18,verify_proof_call,call,PLK-d5-p4,4,18,A0,verifier,PlonkVerifierDepth5,0x5FbDB2315678afecb367f032d93F642f64180aa3,,,call,call,,,true,true,1,,804,7,3195,,,,,,,,,,,,00a412fdd50ed0579794986f6fec492b9d8a73fa4fbff3de4ad2ff142c573714,,,,bookkeeping_only
CSI-CHAIN-LOCAL-01,full-71a5854-20260925T115726Z-geth,full,L1-geth,Geth/v1.16.9-stable-95665d57/linux-arm64/go1.24.13,osaka,1337,primary,primary-plonk-d5,plonk,5,10,19,verify_proof_call,call,PLK-d5-p5,5,22,A0,verifier,PlonkVerifierDepth5,0x5FbDB2315678afecb367f032d93F642f64180aa3,,,call,call,,,true,true,1,,804,2,3210,,,,,,,,,,,,da686518d90d12cea4470c4496b189453d759e65073074844727bed97b936bf1,,,,bookkeeping_only
CSI-CHAIN-LOCAL-01,full-71a5854-20260925T115726Z-geth,full,L1-geth,Geth/v1.16.9-stable-95665d57/linux-arm64/go1.24.13,osaka,1337,primary,primary-plonk-d5,plonk,5,10,20,verify_proof_call,call,PLK-d5-p6,6,26,A0,verifier,PlonkVerifierDepth5,0x5FbDB2315678afecb367f032d93F642f64180aa3,,,call,call,,,true,true,1,,804,3,3207,,,,,,,,,,,,6f8665c0eafdc54e9771572f703364897b0e02f2638c398a460ba104e5e07367,,,,bookkeeping_only
CSI-CHAIN-LOCAL-01,full-71a5854-20260925T115726Z-geth,full,L1-geth,Geth/v1.16.9-stable-95665d57/linux-arm64/go1.24.13,osaka,1337,primary,primary-plonk-d5,plonk,5,10,21,verify_proof_call,call,PLK-d5-p7,7,30,A0,verifier,PlonkVerifierDepth5,0x5FbDB2315678afecb367f032d93F642f64180aa3,,,call,call,,,true,true,1,,804,4,3204,,,,,,,,,,,,18bce2fab0677dfe4ebf0987795ba0ab36e3e0baa7c4d9252de01d38cbcfb14d,,,,bookkeeping_only
CSI-CHAIN-LOCAL-01,full-71a5854-20260925T115726Z-geth,full,L1-geth,Geth/v1.16.9-stable-95665d57/linux-arm64/go1.24.13,osaka,1337,primary,primary-plonk-d5,plonk,5,10,22,verify_proof_direct,tx,PLK-d5-p0,0,2,A0,verifier,PlonkVerifierDepth5,0x5FbDB2315678afecb367f032d93F642f64180aa3,12,1000000,1,1,,,,,1,291168,804,4,3204,12816,53040,0,33816,257352,0,,,,,,315d3ac17962361c7786a0a69b96507826e7200eb0f41d726d0c5b3e60c1664f,0x6acda65d05df1ed7ee3b099d9737039215de947fd5cd83b3985c1d9453cad99f,15,1137723573,bookkeeping_only
CSI-CHAIN-LOCAL-01,full-71a5854-20260925T115726Z-geth,full,L1-geth,Geth/v1.16.9-stable-95665d57/linux-arm64/go1.24.13,osaka,1337,primary,primary-plonk-d5,plonk,5,10,23,verify_proof_direct,tx,PLK-d5-p1,1,6,A0,verifier,PlonkVerifierDepth5,0x5FbDB2315678afecb367f032d93F642f64180aa3,13,1000000,1,1,,,,,1,291780,804,5,3201,12804,53010,0,33804,257976,0,,,,,,adf8fc4951542c7e77aee9b94bfd4decbe39c77e994f1fc8643af1de194144c4,0x17bc9c7aac4a90ed45162d365f851e55243876a2812be93e06695f23b4ca9530,16,1120675213,bookkeeping_only
CSI-CHAIN-LOCAL-01,full-71a5854-20260925T115726Z-geth,full,L1-geth,Geth/v1.16.9-stable-95665d57/linux-arm64/go1.24.13,osaka,1337,primary,primary-plonk-d5,plonk,5,10,24,verify_proof_direct,tx,PLK-d5-p2,2,10,A0,verifier,PlonkVerifierDepth5,0x5FbDB2315678afecb367f032d93F642f64180aa3,14,1000000,1,1,,,,,1,291584,804,4,3204,12816,53040,0,33816,257768,0,,,,,,75791ed8effde38cdc62ae3343c5d8a5c8abdb768baebba56b256a481395f051,0x0586427f5af82fdad81fa80f0d93b0858599fb1f7370e54116c5237f4c9a5039,17,1105737523,bookkeeping_only
CSI-CHAIN-LOCAL-01,full-71a5854-20260925T115726Z-geth,full,L1-geth,Geth/v1.16.9-stable-95665d57/linux-arm64/go1.24.13,osaka,1337,primary,primary-plonk-d5,plonk,5,10,25,verify_proof_direct,tx,PLK-d5-p3,3,14,A0,verifier,PlonkVerifierDepth5,0x5FbDB2315678afecb367f032d93F642f64180aa3,15,1000000,1,1,,,,,1,290642,804,4,3204,12816,53040,0,33816,256826,0,,,,,,d89fad3824540a62becd6c05314a55640a623d891fc0dd345737c5a96088ae96,0xec0a8f5caa654740a9d0d1c942ec1fad56fd0d99ba8858d7dbdfd613ee413b5d,18,1092648797,bookkeeping_only
CSI-CHAIN-LOCAL-01,full-71a5854-20260925T115726Z-geth,full,L1-geth,Geth/v1.16.9-stable-95665d57/linux-arm64/go1.24.13,osaka,1337,primary,primary-plonk-d5,plonk,5,10,26,verify_proof_direct,tx,PLK-d5-p4,4,18,A0,verifier,PlonkVerifierDepth5,0x5FbDB2315678afecb367f032d93F642f64180aa3,16,1000000,1,1,,,,,1,290398,804,7,3195,12780,52950,0,33780,256618,0,,,,,,00a412fdd50ed0579794986f6fec492b9d8a73fa4fbff3de4ad2ff142c573714,0x0402f330d741def001a4955c901eff7df5c25a8b04cdf8259e5a28f4a2250ef5,19,1081179896,bookkeeping_only
CSI-CHAIN-LOCAL-01,full-71a5854-20260925T115726Z-geth,full,L1-geth,Geth/v1.16.9-stable-95665d57/linux-arm64/go1.24.13,osaka,1337,primary,primary-plonk-d5,plonk,5,10,27,verify_proof_direct,tx,PLK-d5-p5,5,22,A0,verifier,PlonkVerifierDepth5,0x5FbDB2315678afecb367f032d93F642f64180aa3,17,1000000,1,1,,,,,1,292024,804,2,3210,12840,53100,0,33840,258184,0,,,,,,da686518d90d12cea4470c4496b189453d759e65073074844727bed97b936bf1,0x5933b6b64cabae83ac82760acb639de2380b3673891be1fb0cb0f9512fd4685c,20,1071130636,bookkeeping_only
CSI-CHAIN-LOCAL-01,full-71a5854-20260925T115726Z-geth,full,L1-geth,Geth/v1.16.9-stable-95665d57/linux-arm64/go1.24.13,osaka,1337,primary,primary-plonk-d5,plonk,5,10,28,verify_proof_direct,tx,PLK-d5-p6,6,26,A0,verifier,PlonkVerifierDepth5,0x5FbDB2315678afecb367f032d93F642f64180aa3,18,1000000,1,1,,,,,1,290972,804,3,3207,12828,53070,0,33828,257144,0,,,,,,6f8665c0eafdc54e9771572f703364897b0e02f2638c398a460ba104e5e07367,0x0c507d3630f20989a85fb6527c20a29d73dd3df9bef08b14135d55035a5261e9,21,1062325856,bookkeeping_only
CSI-CHAIN-LOCAL-01,full-71a5854-20260925T115726Z-geth,full,L1-geth,Geth/v1.16.9-stable-95665d57/linux-arm64/go1.24.13,osaka,1337,primary,primary-plonk-d5,plonk,5,10,29,verify_proof_direct,tx,PLK-d5-p7,7,30,A0,verifier,PlonkVerifierDepth5,0x5FbDB2315678afecb367f032d93F642f64180aa3,19,1000000,1,1,,,,,1,291058,804,4,3204,12816,53040,0,33816,257242,0,,,,,,18bce2fab0677dfe4ebf0987795ba0ab36e3e0baa7c4d9252de01d38cbcfb14d,0xe139ffa042e5abec2b23053788a618cd60ec261f2bf52b6d72572f885b4bfdc3,22,1054610687,bookkeeping_only
CSI-CHAIN-LOCAL-01,full-71a5854-20260925T115726Z-geth,full,L1-geth,Geth/v1.16.9-stable-95665d57/linux-arm64/go1.24.13,osaka,1337,primary,primary-plonk-d5,plonk,5,10,30,neg_unknown_root,tx,PLK-d10-p0,0,64,A0,manager,CredentialManagerPlonk,0xe7f1725E7734CE288F8367e1Bb143E90bb3F0512,20,3000000,0,0,Invalid root,Invalid root,,,1,53040,804,4,3204,12816,53040,0,33816,19224,1,,,,,,6bf3a0d41decfc4fef1c2d1b8f63a8e574b03afc39ee5228c6ae46acbaf08690,0x1dd17f673924b3ab14992b66720792f81c4f33f4d34c1638bffb24b1dc974b69,23,1047850580,bookkeeping_only
CSI-CHAIN-LOCAL-01,full-71a5854-20260925T115726Z-geth,full,L1-geth,Geth/v1.16.9-stable-95665d57/linux-arm64/go1.24.13,osaka,1337,primary,primary-plonk-d5,plonk,5,10,31,neg_tampered_call,call,PLK-d5-p0,0,2,A0,verifier,PlonkVerifierDepth5,0x5FbDB2315678afecb367f032d93F642f64180aa3,,,call,call,,,false,false,1,,804,4,3204,,,,,,,,,,,,b11e07f711e5e9da2fb7a45bd7af0acbaff903d0af96396c62397206cbfa61f7,,,,bookkeeping_only
CSI-CHAIN-LOCAL-01,full-71a5854-20260925T115726Z-geth,full,L1-geth,Geth/v1.16.9-stable-95665d57/linux-arm64/go1.24.13,osaka,1337,primary,primary-plonk-d5,plonk,5,10,32,neg_tampered,tx,PLK-d5-p0,0,2,A0,manager,CredentialManagerPlonk,0xe7f1725E7734CE288F8367e1Bb143E90bb3F0512,21,3000000,0,0,Invalid proof,Invalid proof,,,1,299137,804,4,3204,12816,53040,0,33816,265321,0,,,,,,ed2b76749cae6ee859546569ede982b69378a052327e7f57caed0f7975f32c0b,0xac4c1a22c7fde07b6082611ebf5606b1d539ab65435f6f221a9be14507bdf301,24,1041879833,bookkeeping_only
CSI-CHAIN-LOCAL-01,full-71a5854-20260925T115726Z-geth,full,L1-geth,Geth/v1.16.9-stable-95665d57/linux-arm64/go1.24.13,osaka,1337,primary,primary-plonk-d5,plonk,5,10,33,neg_cross_depth_setup,tx,PLK-d10-p0,0,64,A0,manager,CredentialManagerPlonk,0xe7f1725E7734CE288F8367e1Bb143E90bb3F0512,22,300000,1,1,,,,,1,47346,36,0,144,576,22440,0,21576,25770,0,,,,,,c70e0fc0dcce1b144b1b3352307a21f93a93f2fce4e70bc9dec9627a6e721205,0xd8fa29a1edf6eee45d01ae10fe40d61868bd0afa59a6219335bed695b7650745,25,1036697054,bookkeeping_only
CSI-CHAIN-LOCAL-01,full-71a5854-20260925T115726Z-geth,full,L1-geth,Geth/v1.16.9-stable-95665d57/linux-arm64/go1.24.13,osaka,1337,primary,primary-plonk-d5,plonk,5,10,34,neg_cross_depth_call,call,PLK-d10-p0,0,64,A0,verifier,PlonkVerifierDepth5,0x5FbDB2315678afecb367f032d93F642f64180aa3,,,call,call,,,false,false,1,,804,4,3204,,,,,,,,,,,,90dd66bcd72c6143529772c40d979cb44dfc9cc4e0b417de520a01bb3ca89f57,,,,bookkeeping_only
CSI-CHAIN-LOCAL-01,full-71a5854-20260925T115726Z-geth,full,L1-geth,Geth/v1.16.9-stable-95665d57/linux-arm64/go1.24.13,osaka,1337,primary,primary-plonk-d5,plonk,5,10,35,neg_cross_depth,tx,PLK-d10-p0,0,64,A0,manager,CredentialManagerPlonk,0xe7f1725E7734CE288F8367e1Bb143E90bb3F0512,23,3000000,0,0,Invalid proof,Invalid proof,,,1,299235,804,4,3204,12816,53040,0,33816,265419,0,,,,,,6bf3a0d41decfc4fef1c2d1b8f63a8e574b03afc39ee5228c6ae46acbaf08690,0x1376413236ba63c299959b7a9ad6178c2be54638b55e117241b371f5898854fd,26,1032117162,bookkeeping_only
CSI-CHAIN-LOCAL-01,full-71a5854-20260925T115726Z-geth,full,L1-geth,Geth/v1.16.9-stable-95665d57/linux-arm64/go1.24.13,osaka,1337,primary,primary-plonk-d5,plonk,5,10,36,neg_non_issuer,tx,PLK-d5-p0,0,2,A1,manager,CredentialManagerPlonk,0xe7f1725E7734CE288F8367e1Bb143E90bb3F0512,0,300000,0,0,CredentialManager: not issuer,CredentialManager: not issuer,,,1,24171,36,1,141,564,22410,0,21564,2607,0,,,,,,b91c4cff980f8874fb8d0fca3dd2b3046defc125bb26b20f9f41f40dec3d44ad,0x49ae0a0cbc4d4416d6ff0ee69dc163c0bd942c5720c02d6f3b790b4180da3326,27,1028142561,bookkeeping_only
CSI-CHAIN-LOCAL-01,full-71a5854-20260925T115726Z-geth,full,L1-geth,Geth/v1.16.9-stable-95665d57/linux-arm64/go1.24.13,osaka,1337,primary,primary-plonk-d10,plonk,10,11,1,deploy_verifier,tx,,,,A0,,PlonkVerifierDepth10,0x5FbDB2315678afecb367f032d93F642f64180aa3,0,6000000,1,1,,,,,1,1222173,5445,168,21276,85104,233760,32342,138446,1083727,0,1082600,5445,5413,0x0f9e4e6a75f74410329f14fbc186bf6a563c32c6ade9bb87c537b598001df46a,1,f5cab2d9465094fdad6b7a9d25f16fb8568bc3dadeffeae49ee20605d3da96d4,0x6f4c4ee946ff8bd54df9274d856dece46d6343b8b930726f325ff4c958ad8b01,3,1670055867,bookkeeping_only
CSI-CHAIN-LOCAL-01,full-71a5854-20260925T115726Z-geth,full,L1-geth,Geth/v1.16.9-stable-95665d57/linux-arm64/go1.24.13,osaka,1337,primary,primary-plonk-d10,plonk,10,11,2,deploy_manager,tx,,,,A0,,CredentialManagerPlonk,0xe7f1725E7734CE288F8367e1Bb143E90bb3F0512,1,6000000,1,1,,,,,1,541930,2302,81,8965,35860,110650,32144,89004,452926,0,406400,2302,2032,0x81cfa580fc010d5bf437f4e25120ed772a570f64d5503726e6beb874892ec653,1,bd7d37aac5445da7be132e8d32c481e19c8340c0c76eebdf81a7dbf12c9c4d18,0x2e879a553162538a979ab023c4ed7dd2a2de18e8e2e18cff35705d985406aeed,4,1589711068,bookkeeping_only
CSI-CHAIN-LOCAL-01,full-71a5854-20260925T115726Z-geth,full,L1-geth,Geth/v1.16.9-stable-95665d57/linux-arm64/go1.24.13,osaka,1337,primary,primary-plonk-d10,plonk,10,11,3,set_issuer,tx,,,,A0,manager,CredentialManagerPlonk,0xe7f1725E7734CE288F8367e1Bb143E90bb3F0512,2,300000,1,1,,,,,1,47900,68,43,143,572,22430,0,21572,26328,0,,,,,,727fd06686258f939093f54b4f3c375b0f3052da4ba7867e73d6f93a90702a06,0x501ae8be8fa71731b8e6f009057e6eda6a9beb71ae54aca9f8edbb0ff5e2ba0a,5,1517328777,bookkeeping_only
CSI-CHAIN-LOCAL-01,full-71a5854-20260925T115726Z-geth,full,L1-geth,Geth/v1.16.9-stable-95665d57/linux-arm64/go1.24.13,osaka,1337,primary,primary-plonk-d10,plonk,10,11,4,add_root,tx,,,,A0,manager,CredentialManagerPlonk,0xe7f1725E7734CE288F8367e1Bb143E90bb3F0512,3,300000,1,1,,,,,1,47346,36,0,144,576,22440,0,21576,25770,0,,,,,,c70e0fc0dcce1b144b1b3352307a21f93a93f2fce4e70bc9dec9627a6e721205,0xb9856beb651cd3ed8adf29883595190f54181b76a3624a00ad881aa204ad5210,6,1452765931,bookkeeping_only
CSI-CHAIN-LOCAL-01,full-71a5854-20260925T115726Z-geth,full,L1-geth,Geth/v1.16.9-stable-95665d57/linux-arm64/go1.24.13,osaka,1337,primary,primary-plonk-d10,plonk,10,11,5,precheck_call,call,PLK-d10-p0,0,64,A0,manager,CredentialManagerPlonk,0xe7f1725E7734CE288F8367e1Bb143E90bb3F0512,,,call,call,,,true,true,1,,804,4,3204,,,,,,,,,,,,6bf3a0d41decfc4fef1c2d1b8f63a8e574b03afc39ee5228c6ae46acbaf08690,,,,bookkeeping_only
CSI-CHAIN-LOCAL-01,full-71a5854-20260925T115726Z-geth,full,L1-geth,Geth/v1.16.9-stable-95665d57/linux-arm64/go1.24.13,osaka,1337,primary,primary-plonk-d10,plonk,10,11,6,verify_credential,tx,PLK-d10-p0,0,64,A0,manager,CredentialManagerPlonk,0xe7f1725E7734CE288F8367e1Bb143E90bb3F0512,4,1000000,1,1,,,,,1,300791,804,4,3204,12816,53040,0,33816,266975,0,,,,,,6bf3a0d41decfc4fef1c2d1b8f63a8e574b03afc39ee5228c6ae46acbaf08690,0x30ac5616e8d81898ae4400ac98896bdbbe1fa17bfe73185fc6722fd2c07819e9,7,1396259510,bookkeeping_only
CSI-CHAIN-LOCAL-01,full-71a5854-20260925T115726Z-geth,full,L1-geth,Geth/v1.16.9-stable-95665d57/linux-arm64/go1.24.13,osaka,1337,primary,primary-plonk-d10,plonk,10,11,7,verify_credential,tx,PLK-d10-p1,1,192,A0,manager,CredentialManagerPlonk,0xe7f1725E7734CE288F8367e1Bb143E90bb3F0512,5,1000000,1,1,,,,,1,298613,804,3,3207,12828,53070,0,33828,264785,0,,,,,,48d3ccc9c82c2a89033ba5d1bc6d1775a061f3dc42c1d3f3f49d5cbe4c5c6a7d,0x820f5a8bfe97f35b2bf3e237eedd24cf1a2d69039cf85e68bddd66caadbe1399,8,1347223702,bookkeeping_only
CSI-CHAIN-LOCAL-01,full-71a5854-20260925T115726Z-geth,full,L1-geth,Geth/v1.16.9-stable-95665d57/linux-arm64/go1.24.13,osaka,1337,primary,primary-plonk-d10,plonk,10,11,8,verify_credential,tx,PLK-d10-p2,2,320,A0,manager,CredentialManagerPlonk,0xe7f1725E7734CE288F8367e1Bb143E90bb3F0512,6,1000000,1,1,,,,,1,299359,804,2,3210,12840,53100,0,33840,265519,0,,,,,,3a8cc9ccc552302b184ba711e587cf078ca48402ea4e2c2cd1011c069967dbff,0xd2167b258137d630b48ca544396b8f6d7120e8588a96c3eefc5a1274cadadcca,9,1304252763,bookkeeping_only
CSI-CHAIN-LOCAL-01,full-71a5854-20260925T115726Z-geth,full,L1-geth,Geth/v1.16.9-stable-95665d57/linux-arm64/go1.24.13,osaka,1337,primary,primary-plonk-d10,plonk,10,11,9,verify_credential,tx,PLK-d10-p3,3,448,A0,manager,CredentialManagerPlonk,0xe7f1725E7734CE288F8367e1Bb143E90bb3F0512,7,1000000,1,1,,,,,1,299763,804,3,3207,12828,53070,0,33828,265935,0,,,,,,6faeb34a87b2eee3cbbb926b1f20fa123551a531e211b025e5ef185fdaa63d88,0x3240fe8fabf2ce195eaba3259d9f4d857dff7847f56e382853fb709f026e239f,10,1266600671,bookkeeping_only
CSI-CHAIN-LOCAL-01,full-71a5854-20260925T115726Z-geth,full,L1-geth,Geth/v1.16.9-stable-95665d57/linux-arm64/go1.24.13,osaka,1337,primary,primary-plonk-d10,plonk,10,11,10,verify_credential,tx,PLK-d10-p4,4,576,A0,manager,CredentialManagerPlonk,0xe7f1725E7734CE288F8367e1Bb143E90bb3F0512,8,1000000,1,1,,,,,1,300901,804,3,3207,12828,53070,0,33828,267073,0,,,,,,889ad5536b6db7e8df862fb041bdc5035d9ac81e1e99e82fe695630642ec0377,0x4ee94efa5f58cf19b1f120ae0e9f182af63debe4cb87707fa993acf732f7179c,11,1233608575,bookkeeping_only
CSI-CHAIN-LOCAL-01,full-71a5854-20260925T115726Z-geth,full,L1-geth,Geth/v1.16.9-stable-95665d57/linux-arm64/go1.24.13,osaka,1337,primary,primary-plonk-d10,plonk,10,11,11,verify_credential,tx,PLK-d10-p5,5,704,A0,manager,CredentialManagerPlonk,0xe7f1725E7734CE288F8367e1Bb143E90bb3F0512,9,1000000,1,1,,,,,1,299885,804,1,3213,12852,53130,0,33852,266033,0,,,,,,7571976dd0ba2db2c85c6ca056ba8f0645133d72e9a6073fb97c5ceabf6baad4,0x3498ee79269dada3bb16330df11f62bd2a013b872cf867b0fa4c233e08d23aab,12,1204700391,bookkeeping_only
CSI-CHAIN-LOCAL-01,full-71a5854-20260925T115726Z-geth,full,L1-geth,Geth/v1.16.9-stable-95665d57/linux-arm64/go1.24.13,osaka,1337,primary,primary-plonk-d10,plonk,10,11,12,verify_credential,tx,PLK-d10-p6,6,832,A0,manager,CredentialManagerPlonk,0xe7f1725E7734CE288F8367e1Bb143E90bb3F0512,10,1000000,1,1,,,,,1,302063,804,2,3210,12840,53100,0,33840,268223,0,,,,,,448a66178c8e0f4abe44e1af57943a95f564075d60cd1f94e9ea6cedd278440f,0x3279bea24b888a93e1e7044df7a35de30f97ac85760e686b6c055e212500e79f,13,1179368620,bookkeeping_only
CSI-CHAIN-LOCAL-01,full-71a5854-20260925T115726Z-geth,full,L1-geth,Geth/v1.16.9-stable-95665d57/linux-arm64/go1.24.13,osaka,1337,primary,primary-plonk-d10,plonk,10,11,13,verify_credential,tx,PLK-d10-p7,7,960,A0,manager,CredentialManagerPlonk,0xe7f1725E7734CE288F8367e1Bb143E90bb3F0512,11,1000000,1,1,,,,,1,300387,804,3,3207,12828,53070,0,33828,266559,0,,,,,,3462c47b8d50baac32f85d0648dfcbb6fb3289d0caeab7d76dd92fc72acd00f8,0xda9097b252cb859a290c52cbab3bec9316a7cc858d159b11c0f1bab88c0f8b88,14,1157173296,bookkeeping_only
CSI-CHAIN-LOCAL-01,full-71a5854-20260925T115726Z-geth,full,L1-geth,Geth/v1.16.9-stable-95665d57/linux-arm64/go1.24.13,osaka,1337,primary,primary-plonk-d10,plonk,10,11,14,verify_proof_call,call,PLK-d10-p0,0,64,A0,verifier,PlonkVerifierDepth10,0x5FbDB2315678afecb367f032d93F642f64180aa3,,,call,call,,,true,true,1,,804,4,3204,,,,,,,,,,,,90dd66bcd72c6143529772c40d979cb44dfc9cc4e0b417de520a01bb3ca89f57,,,,bookkeeping_only
CSI-CHAIN-LOCAL-01,full-71a5854-20260925T115726Z-geth,full,L1-geth,Geth/v1.16.9-stable-95665d57/linux-arm64/go1.24.13,osaka,1337,primary,primary-plonk-d10,plonk,10,11,15,verify_proof_call,call,PLK-d10-p1,1,192,A0,verifier,PlonkVerifierDepth10,0x5FbDB2315678afecb367f032d93F642f64180aa3,,,call,call,,,true,true,1,,804,3,3207,,,,,,,,,,,,be29702cb43a234f6f6cafe96c5672fa43157bade51186b68b7af165a00e33f0,,,,bookkeeping_only
CSI-CHAIN-LOCAL-01,full-71a5854-20260925T115726Z-geth,full,L1-geth,Geth/v1.16.9-stable-95665d57/linux-arm64/go1.24.13,osaka,1337,primary,primary-plonk-d10,plonk,10,11,16,verify_proof_call,call,PLK-d10-p2,2,320,A0,verifier,PlonkVerifierDepth10,0x5FbDB2315678afecb367f032d93F642f64180aa3,,,call,call,,,true,true,1,,804,2,3210,,,,,,,,,,,,d5fb1114574b096ff2131276de98b05d57ecf3a97845bee91a42ea623fe8bfad,,,,bookkeeping_only
CSI-CHAIN-LOCAL-01,full-71a5854-20260925T115726Z-geth,full,L1-geth,Geth/v1.16.9-stable-95665d57/linux-arm64/go1.24.13,osaka,1337,primary,primary-plonk-d10,plonk,10,11,17,verify_proof_call,call,PLK-d10-p3,3,448,A0,verifier,PlonkVerifierDepth10,0x5FbDB2315678afecb367f032d93F642f64180aa3,,,call,call,,,true,true,1,,804,3,3207,,,,,,,,,,,,078a513e4ae3f61c071d9ae80416e979e4e62f03ee180acff9deb51e295f21b8,,,,bookkeeping_only
CSI-CHAIN-LOCAL-01,full-71a5854-20260925T115726Z-geth,full,L1-geth,Geth/v1.16.9-stable-95665d57/linux-arm64/go1.24.13,osaka,1337,primary,primary-plonk-d10,plonk,10,11,18,verify_proof_call,call,PLK-d10-p4,4,576,A0,verifier,PlonkVerifierDepth10,0x5FbDB2315678afecb367f032d93F642f64180aa3,,,call,call,,,true,true,1,,804,3,3207,,,,,,,,,,,,76d65539e61c545609ba5af72922b30ade666eeae682dc30975aa5247920c81d,,,,bookkeeping_only
CSI-CHAIN-LOCAL-01,full-71a5854-20260925T115726Z-geth,full,L1-geth,Geth/v1.16.9-stable-95665d57/linux-arm64/go1.24.13,osaka,1337,primary,primary-plonk-d10,plonk,10,11,19,verify_proof_call,call,PLK-d10-p5,5,704,A0,verifier,PlonkVerifierDepth10,0x5FbDB2315678afecb367f032d93F642f64180aa3,,,call,call,,,true,true,1,,804,1,3213,,,,,,,,,,,,0088ccc137dfb53be3591ae61947f08006230750ae4609f9e6d319ff72cf6360,,,,bookkeeping_only
CSI-CHAIN-LOCAL-01,full-71a5854-20260925T115726Z-geth,full,L1-geth,Geth/v1.16.9-stable-95665d57/linux-arm64/go1.24.13,osaka,1337,primary,primary-plonk-d10,plonk,10,11,20,verify_proof_call,call,PLK-d10-p6,6,832,A0,verifier,PlonkVerifierDepth10,0x5FbDB2315678afecb367f032d93F642f64180aa3,,,call,call,,,true,true,1,,804,2,3210,,,,,,,,,,,,8090b93942453a0f926ec8f8383270939c8234a595f27d3cf0c1a631fe4a0b80,,,,bookkeeping_only
CSI-CHAIN-LOCAL-01,full-71a5854-20260925T115726Z-geth,full,L1-geth,Geth/v1.16.9-stable-95665d57/linux-arm64/go1.24.13,osaka,1337,primary,primary-plonk-d10,plonk,10,11,21,verify_proof_call,call,PLK-d10-p7,7,960,A0,verifier,PlonkVerifierDepth10,0x5FbDB2315678afecb367f032d93F642f64180aa3,,,call,call,,,true,true,1,,804,3,3207,,,,,,,,,,,,702de57ff9ff14ff9e0f404d47d32ca925c2a6614557a7236149f723214dc909,,,,bookkeeping_only
CSI-CHAIN-LOCAL-01,full-71a5854-20260925T115726Z-geth,full,L1-geth,Geth/v1.16.9-stable-95665d57/linux-arm64/go1.24.13,osaka,1337,primary,primary-plonk-d10,plonk,10,11,22,verify_proof_direct,tx,PLK-d10-p0,0,64,A0,verifier,PlonkVerifierDepth10,0x5FbDB2315678afecb367f032d93F642f64180aa3,12,1000000,1,1,,,,,1,291792,804,4,3204,12816,53040,0,33816,257976,0,,,,,,90dd66bcd72c6143529772c40d979cb44dfc9cc4e0b417de520a01bb3ca89f57,0x9eb4f778e4ee1f46ff4502a1a4558f008e7c763808e6d1d941057600df586789,15,1137723355,bookkeeping_only
CSI-CHAIN-LOCAL-01,full-71a5854-20260925T115726Z-geth,full,L1-geth,Geth/v1.16.9-stable-95665d57/linux-arm64/go1.24.13,osaka,1337,primary,primary-plonk-d10,plonk,10,11,23,verify_proof_direct,tx,PLK-d10-p1,1,192,A0,verifier,PlonkVerifierDepth10,0x5FbDB2315678afecb367f032d93F642f64180aa3,13,1000000,1,1,,,,,1,289614,804,3,3207,12828,53070,0,33828,255786,0,,,,,,be29702cb43a234f6f6cafe96c5672fa43157bade51186b68b7af165a00e33f0,0x3fd203ead6bea07d86cf074763eda8424cb942aa634dbd1945676ade8a53502d,16,1120675380,bookkeeping_only
CSI-CHAIN-LOCAL-01,full-71a5854-20260925T115726Z-geth,full,L1-geth,Geth/v1.16.9-stable-95665d57/linux-arm64/go1.24.13,osaka,1337,primary,primary-plonk-d10,plonk,10,11,24,verify_proof_direct,tx,PLK-d10-p2,2,320,A0,verifier,PlonkVerifierDepth10,0x5FbDB2315678afecb367f032d93F642f64180aa3,14,1000000,1,1,,,,,1,290360,804,2,3210,12840,53100,0,33840,256520,0,,,,,,d5fb1114574b096ff2131276de98b05d57ecf3a97845bee91a42ea623fe8bfad,0x615b8a03b58ab0f11bf6822742f7d4f04354a881f36c47c44930bcecf731ed5d,17,1105736580,bookkeeping_only
CSI-CHAIN-LOCAL-01,full-71a5854-20260925T115726Z-geth,full,L1-geth,Geth/v1.16.9-stable-95665d57/linux-arm64/go1.24.13,osaka,1337,primary,primary-plonk-d10,plonk,10,11,25,verify_proof_direct,tx,PLK-d10-p3,3,448,A0,verifier,PlonkVerifierDepth10,0x5FbDB2315678afecb367f032d93F642f64180aa3,15,1000000,1,1,,,,,1,290764,804,3,3207,12828,53070,0,33828,256936,0,,,,,,078a513e4ae3f61c071d9ae80416e979e4e62f03ee180acff9deb51e295f21b8,0x0242fab64ffd54de8efddbf0bd894828c28fe2cb692e40d08bab59eaf9feaae9,18,1092647432,bookkeeping_only
CSI-CHAIN-LOCAL-01,full-71a5854-20260925T115726Z-geth,full,L1-geth,Geth/v1.16.9-stable-95665d57/linux-arm64/go1.24.13,osaka,1337,primary,primary-plonk-d10,plonk,10,11,26,verify_proof_direct,tx,PLK-d10-p4,4,576,A0,verifier,PlonkVerifierDepth10,0x5FbDB2315678afecb367f032d93F642f64180aa3,16,1000000,1,1,,,,,1,291902,804,3,3207,12828,53070,0,33828,258074,0,,,,,,76d65539e61c545609ba5af72922b30ade666eeae682dc30975aa5247920c81d,0x506ccd71f1beb1aafb6594e2ce418ac64ccd862531364b853b53ce51b20af5a3,19,1081178747,bookkeeping_only
CSI-CHAIN-LOCAL-01,full-71a5854-20260925T115726Z-geth,full,L1-geth,Geth/v1.16.9-stable-95665d57/linux-arm64/go1.24.13,osaka,1337,primary,primary-plonk-d10,plonk,10,11,27,verify_proof_direct,tx,PLK-d10-p5,5,704,A0,verifier,PlonkVerifierDepth10,0x5FbDB2315678afecb367f032d93F642f64180aa3,17,1000000,1,1,,,,,1,290886,804,1,3213,12852,53130,0,33852,257034,0,,,,,,0088ccc137dfb53be3591ae61947f08006230750ae4609f9e6d319ff72cf6360,0x923006b8b0b67f8d8313e207ebb95532817b9749a081b87ddce792de5a9bdf0a,20,1071130138,bookkeeping_only
CSI-CHAIN-LOCAL-01,full-71a5854-20260925T115726Z-geth,full,L1-geth,Geth/v1.16.9-stable-95665d57/linux-arm64/go1.24.13,osaka,1337,primary,primary-plonk-d10,plonk,10,11,28,verify_proof_direct,tx,PLK-d10-p6,6,832,A0,verifier,PlonkVerifierDepth10,0x5FbDB2315678afecb367f032d93F642f64180aa3,18,1000000,1,1,,,,,1,293064,804,2,3210,12840,53100,0,33840,259224,0,,,,,,8090b93942453a0f926ec8f8383270939c8234a595f27d3cf0c1a631fe4a0b80,0xb829853e9053f1eb63bf5d9b79c0041d53170ed016bc47564927592a0f9ce74d,21,1062325083,bookkeeping_only
CSI-CHAIN-LOCAL-01,full-71a5854-20260925T115726Z-geth,full,L1-geth,Geth/v1.16.9-stable-95665d57/linux-arm64/go1.24.13,osaka,1337,primary,primary-plonk-d10,plonk,10,11,29,verify_proof_direct,tx,PLK-d10-p7,7,960,A0,verifier,PlonkVerifierDepth10,0x5FbDB2315678afecb367f032d93F642f64180aa3,19,1000000,1,1,,,,,1,291388,804,3,3207,12828,53070,0,33828,257560,0,,,,,,702de57ff9ff14ff9e0f404d47d32ca925c2a6614557a7236149f723214dc909,0xe50f8a0cfba1fbad5d39c17b1246d100eb32d1380682a5cd85ef2bd034877db4,22,1054610553,bookkeeping_only
CSI-CHAIN-LOCAL-01,full-71a5854-20260925T115726Z-geth,full,L1-geth,Geth/v1.16.9-stable-95665d57/linux-arm64/go1.24.13,osaka,1337,primary,primary-plonk-d10,plonk,10,11,30,neg_unknown_root,tx,PLK-d11-p0,0,128,A0,manager,CredentialManagerPlonk,0xe7f1725E7734CE288F8367e1Bb143E90bb3F0512,20,3000000,0,0,Invalid root,Invalid root,,,1,53070,804,3,3207,12828,53070,0,33828,19242,1,,,,,,2b47235792217a37372089e141f1674bb5844d874e984fef7f6c13e2fa66e3e7,0xe09832d5ccc98c92dc331aacb14fee75bb246ff607bfd76dfedcebc61636504e,23,1047850538,bookkeeping_only
CSI-CHAIN-LOCAL-01,full-71a5854-20260925T115726Z-geth,full,L1-geth,Geth/v1.16.9-stable-95665d57/linux-arm64/go1.24.13,osaka,1337,primary,primary-plonk-d10,plonk,10,11,31,neg_tampered_call,call,PLK-d10-p0,0,64,A0,verifier,PlonkVerifierDepth10,0x5FbDB2315678afecb367f032d93F642f64180aa3,,,call,call,,,false,false,1,,804,4,3204,,,,,,,,,,,,7298d00100b91f13f56ed67d511c63cab017f9347f6ea0983816ceee97736554,,,,bookkeeping_only
CSI-CHAIN-LOCAL-01,full-71a5854-20260925T115726Z-geth,full,L1-geth,Geth/v1.16.9-stable-95665d57/linux-arm64/go1.24.13,osaka,1337,primary,primary-plonk-d10,plonk,10,11,32,neg_tampered,tx,PLK-d10-p0,0,64,A0,manager,CredentialManagerPlonk,0xe7f1725E7734CE288F8367e1Bb143E90bb3F0512,21,3000000,0,0,Invalid proof,Invalid proof,,,1,299761,804,4,3204,12816,53040,0,33816,265945,0,,,,,,6c6dee1d12c1395c4899f84403f155966011720bfc990c6f2dd8bd041da1cf33,0x4ca7d4ef381fdac0c1316f7b240da8eae03a4fd5d610f9b86a9fb24af96e98cc,24,1041879802,bookkeeping_only
CSI-CHAIN-LOCAL-01,full-71a5854-20260925T115726Z-geth,full,L1-geth,Geth/v1.16.9-stable-95665d57/linux-arm64/go1.24.13,osaka,1337,primary,primary-plonk-d10,plonk,10,11,33,neg_cross_depth_setup,tx,PLK-d11-p0,0,128,A0,manager,CredentialManagerPlonk,0xe7f1725E7734CE288F8367e1Bb143E90bb3F0512,22,300000,1,1,,,,,1,47334,36,1,141,564,22410,0,21564,25770,0,,,,,,d02fee54c295d1b5cc2948d9c79837ece40c0013835e3b9bb349e94ae744e758,0x03997103368559a20225d94a710b6909c2a5629cef15dea7041e9128c2a8e88c,25,1036697135,bookkeeping_only
CSI-CHAIN-LOCAL-01,full-71a5854-20260925T115726Z-geth,full,L1-geth,Geth/v1.16.9-stable-95665d57/linux-arm64/go1.24.13,osaka,1337,primary,primary-plonk-d10,plonk,10,11,34,neg_cross_depth_call,call,PLK-d11-p0,0,128,A0,verifier,PlonkVerifierDepth10,0x5FbDB2315678afecb367f032d93F642f64180aa3,,,call,call,,,false,false,1,,804,3,3207,,,,,,,,,,,,42d9b2d20d72d206abba5097ac76532b8062090f8cea9f4e0c2a8d9b6861d838,,,,bookkeeping_only
CSI-CHAIN-LOCAL-01,full-71a5854-20260925T115726Z-geth,full,L1-geth,Geth/v1.16.9-stable-95665d57/linux-arm64/go1.24.13,osaka,1337,primary,primary-plonk-d10,plonk,10,11,35,neg_cross_depth,tx,PLK-d11-p0,0,128,A0,manager,CredentialManagerPlonk,0xe7f1725E7734CE288F8367e1Bb143E90bb3F0512,23,3000000,0,0,Invalid proof,Invalid proof,,,1,299149,804,3,3207,12828,53070,0,33828,265321,0,,,,,,2b47235792217a37372089e141f1674bb5844d874e984fef7f6c13e2fa66e3e7,0x746e3922ae4c5b66c5e85cb4ed2e861c013d485669a35b2dcd1d251102f22620,26,1032117231,bookkeeping_only
CSI-CHAIN-LOCAL-01,full-71a5854-20260925T115726Z-geth,full,L1-geth,Geth/v1.16.9-stable-95665d57/linux-arm64/go1.24.13,osaka,1337,primary,primary-plonk-d10,plonk,10,11,36,neg_non_issuer,tx,PLK-d10-p0,0,64,A1,manager,CredentialManagerPlonk,0xe7f1725E7734CE288F8367e1Bb143E90bb3F0512,0,300000,0,0,CredentialManager: not issuer,CredentialManager: not issuer,,,1,24183,36,0,144,576,22440,0,21576,2607,0,,,,,,c70e0fc0dcce1b144b1b3352307a21f93a93f2fce4e70bc9dec9627a6e721205,0xf90c4b4ff1021a01af7a5aca9feef7626794b15bed1ee78d20e55d739cf726e5,27,1028142610,bookkeeping_only
CSI-CHAIN-LOCAL-01,full-71a5854-20260925T115726Z-geth,full,L1-geth,Geth/v1.16.9-stable-95665d57/linux-arm64/go1.24.13,osaka,1337,primary,primary-plonk-d11,plonk,11,15,1,deploy_verifier,tx,,,,A0,,PlonkVerifierDepth11,0x5FbDB2315678afecb367f032d93F642f64180aa3,0,6000000,1,1,,,,,1,1226937,5467,167,21367,85468,234670,32342,138810,1088127,0,1087000,5467,5435,0xb1839425094b9d5cc3e24cf8a9c779b46cb934c81145bd3eb8bace410ac95e03,1,3875ab1e234901f2c1af2262f5650c30ffcf0567175947e5562ac229cd2d5f88,0x9c508f6db73230c465d6265111d8f81018275e6079f4ec17f04483a365d6a8bc,3,1670055867,bookkeeping_only
CSI-CHAIN-LOCAL-01,full-71a5854-20260925T115726Z-geth,full,L1-geth,Geth/v1.16.9-stable-95665d57/linux-arm64/go1.24.13,osaka,1337,primary,primary-plonk-d11,plonk,11,15,2,deploy_manager,tx,,,,A0,,CredentialManagerPlonk,0xe7f1725E7734CE288F8367e1Bb143E90bb3F0512,1,6000000,1,1,,,,,1,541930,2302,81,8965,35860,110650,32144,89004,452926,0,406400,2302,2032,0x81cfa580fc010d5bf437f4e25120ed772a570f64d5503726e6beb874892ec653,1,bd7d37aac5445da7be132e8d32c481e19c8340c0c76eebdf81a7dbf12c9c4d18,0x2e879a553162538a979ab023c4ed7dd2a2de18e8e2e18cff35705d985406aeed,4,1589724369,bookkeeping_only
CSI-CHAIN-LOCAL-01,full-71a5854-20260925T115726Z-geth,full,L1-geth,Geth/v1.16.9-stable-95665d57/linux-arm64/go1.24.13,osaka,1337,primary,primary-plonk-d11,plonk,11,15,3,set_issuer,tx,,,,A0,manager,CredentialManagerPlonk,0xe7f1725E7734CE288F8367e1Bb143E90bb3F0512,2,300000,1,1,,,,,1,47900,68,43,143,572,22430,0,21572,26328,0,,,,,,727fd06686258f939093f54b4f3c375b0f3052da4ba7867e73d6f93a90702a06,0x501ae8be8fa71731b8e6f009057e6eda6a9beb71ae54aca9f8edbb0ff5e2ba0a,5,1517340446,bookkeeping_only
CSI-CHAIN-LOCAL-01,full-71a5854-20260925T115726Z-geth,full,L1-geth,Geth/v1.16.9-stable-95665d57/linux-arm64/go1.24.13,osaka,1337,primary,primary-plonk-d11,plonk,11,15,4,add_root,tx,,,,A0,manager,CredentialManagerPlonk,0xe7f1725E7734CE288F8367e1Bb143E90bb3F0512,3,300000,1,1,,,,,1,47334,36,1,141,564,22410,0,21564,25770,0,,,,,,d02fee54c295d1b5cc2948d9c79837ece40c0013835e3b9bb349e94ae744e758,0xd446ce3395ba412e867668b603c355b39a9d0289bf94f0286a795f4dff71f823,6,1452776143,bookkeeping_only
CSI-CHAIN-LOCAL-01,full-71a5854-20260925T115726Z-geth,full,L1-geth,Geth/v1.16.9-stable-95665d57/linux-arm64/go1.24.13,osaka,1337,primary,primary-plonk-d11,plonk,11,15,5,precheck_call,call,PLK-d11-p0,0,128,A0,manager,CredentialManagerPlonk,0xe7f1725E7734CE288F8367e1Bb143E90bb3F0512,,,call,call,,,true,true,1,,804,3,3207,,,,,,,,,,,,2b47235792217a37372089e141f1674bb5844d874e984fef7f6c13e2fa66e3e7,,,,bookkeeping_only
CSI-CHAIN-LOCAL-01,full-71a5854-20260925T115726Z-geth,full,L1-geth,Geth/v1.16.9-stable-95665d57/linux-arm64/go1.24.13,osaka,1337,primary,primary-plonk-d11,plonk,11,15,6,verify_credential,tx,PLK-d11-p0,0,128,A0,manager,CredentialManagerPlonk,0xe7f1725E7734CE288F8367e1Bb143E90bb3F0512,4,1000000,1,1,,,,,1,300026,804,3,3207,12828,53070,0,33828,266198,0,,,,,,2b47235792217a37372089e141f1674bb5844d874e984fef7f6c13e2fa66e3e7,0xeed74b9ceccbbb9951249f97ad22e18da423e6b28d1ba8d17b7d72bef84ce1df,7,1396268424,bookkeeping_only
CSI-CHAIN-LOCAL-01,full-71a5854-20260925T115726Z-geth,full,L1-geth,Geth/v1.16.9-stable-95665d57/linux-arm64/go1.24.13,osaka,1337,primary,primary-plonk-d11,plonk,11,15,7,verify_credential,tx,PLK-d11-p1,1,384,A0,manager,CredentialManagerPlonk,0xe7f1725E7734CE288F8367e1Bb143E90bb3F0512,5,1000000,1,1,,,,,1,299880,804,6,3198,12792,52980,0,33792,266088,0,,,,,,a298ee5b1ea8679aadf74fcb657d46d87472c6f0fdc20c3fb76317acbb8dc10b,0x3af7053434f20b231e00e265bb216709ca05e7130c8e51b5048430d2f579ff9b,8,1347230250,bookkeeping_only
CSI-CHAIN-LOCAL-01,full-71a5854-20260925T115726Z-geth,full,L1-geth,Geth/v1.16.9-stable-95665d57/linux-arm64/go1.24.13,osaka,1337,primary,primary-plonk-d11,plonk,11,15,8,verify_credential,tx,PLK-d11-p2,2,640,A0,manager,CredentialManagerPlonk,0xe7f1725E7734CE288F8367e1Bb143E90bb3F0512,6,1000000,1,1,,,,,1,300650,804,3,3207,12828,53070,0,33828,266822,0,,,,,,2ee29d5501094520458c929b644ce4a0a0f45ca0b480b92576af41b30be4edda,0x94bb2ab970ff44c016534b25865d71c2061136112bca267feaf2437a5b9e8ece,9,1304260333,bookkeeping_only
CSI-CHAIN-LOCAL-01,full-71a5854-20260925T115726Z-geth,full,L1-geth,Geth/v1.16.9-stable-95665d57/linux-arm64/go1.24.13,osaka,1337,primary,primary-plonk-d11,plonk,11,15,9,verify_credential,tx,PLK-d11-p3,3,896,A0,manager,CredentialManagerPlonk,0xe7f1725E7734CE288F8367e1Bb143E90bb3F0512,7,1000000,1,1,,,,,1,298644,804,5,3201,12804,53010,0,33804,264840,0,,,,,,c25bc9bbede2b2df8aea1cdfd23e995df398f72a494a1e2f6469052cbb90f86d,0xada45d02ef10c63368b62894d4a01a085351d43868b7d186f3034dc7f654ac2a,10,1266608941,bookkeeping_only
CSI-CHAIN-LOCAL-01,full-71a5854-20260925T115726Z-geth,full,L1-geth,Geth/v1.16.9-stable-95665d57/linux-arm64/go1.24.13,osaka,1337,primary,primary-plonk-d11,plonk,11,15,10,verify_credential,tx,PLK-d11-p4,4,1152,A0,manager,CredentialManagerPlonk,0xe7f1725E7734CE288F8367e1Bb143E90bb3F0512,8,1000000,1,1,,,,,1,299476,804,5,3201,12804,53010,0,33804,265672,0,,,,,,f4253711bd5cdd10940a540f32b8326b2eb5055392e87f0978383a126dc354c0,0xc25c2923ef70634c1c380d615c0f49769bb81a37c8535784f0038e22b9a29308,11,1233614579,bookkeeping_only
CSI-CHAIN-LOCAL-01,full-71a5854-20260925T115726Z-geth,full,L1-geth,Geth/v1.16.9-stable-95665d57/linux-arm64/go1.24.13,osaka,1337,primary,primary-plonk-d11,plonk,11,15,11,verify_credential,tx,PLK-d11-p5,5,1408,A0,manager,CredentialManagerPlonk,0xe7f1725E7734CE288F8367e1Bb143E90bb3F0512,9,1000000,1,1,,,,,1,300516,804,5,3201,12804,53010,0,33804,266712,0,,,,,,38d75d228bf268c3365f0b76b425971c57ff8bc0a8673ec4afc7f992b9ef7588,0x2345fd07bdbf5a8e0040e5e38a2c83219ecc57fe5037597e276d369fa8f9ddd4,12,1204704265,bookkeeping_only
CSI-CHAIN-LOCAL-01,full-71a5854-20260925T115726Z-geth,full,L1-geth,Geth/v1.16.9-stable-95665d57/linux-arm64/go1.24.13,osaka,1337,primary,primary-plonk-d11,plonk,11,15,12,verify_credential,tx,PLK-d11-p6,6,1664,A0,manager,CredentialManagerPlonk,0xe7f1725E7734CE288F8367e1Bb143E90bb3F0512,10,1000000,1,1,,,,,1,298766,804,4,3204,12816,53040,0,33816,264950,0,,,,,,8013e7d0f3f9b048b05f0cfc703586560dbdd141d56197f16c77583f3887a360,0x7b8b97525d7f8d496fbf104030943d96bb1f76e32679bb0c9411b1da19d1e958,13,1179372553,bookkeeping_only
CSI-CHAIN-LOCAL-01,full-71a5854-20260925T115726Z-geth,full,L1-geth,Geth/v1.16.9-stable-95665d57/linux-arm64/go1.24.13,osaka,1337,primary,primary-plonk-d11,plonk,11,15,13,verify_credential,tx,PLK-d11-p7,7,1920,A0,manager,CredentialManagerPlonk,0xe7f1725E7734CE288F8367e1Bb143E90bb3F0512,11,1000000,1,1,,,,,1,299598,804,4,3204,12816,53040,0,33816,265782,0,,,,,,8d42c7c17e96fffb22e1b6031c6c3b715f19ec05a67f995ee09e430a9c4fe047,0x05f24f52907e1df1f96754a18be1f4ec627eff23198860b5540707ca7f5ac19f,14,1157174278,bookkeeping_only
CSI-CHAIN-LOCAL-01,full-71a5854-20260925T115726Z-geth,full,L1-geth,Geth/v1.16.9-stable-95665d57/linux-arm64/go1.24.13,osaka,1337,primary,primary-plonk-d11,plonk,11,15,14,verify_proof_call,call,PLK-d11-p0,0,128,A0,verifier,PlonkVerifierDepth11,0x5FbDB2315678afecb367f032d93F642f64180aa3,,,call,call,,,true,true,1,,804,3,3207,,,,,,,,,,,,42d9b2d20d72d206abba5097ac76532b8062090f8cea9f4e0c2a8d9b6861d838,,,,bookkeeping_only
CSI-CHAIN-LOCAL-01,full-71a5854-20260925T115726Z-geth,full,L1-geth,Geth/v1.16.9-stable-95665d57/linux-arm64/go1.24.13,osaka,1337,primary,primary-plonk-d11,plonk,11,15,15,verify_proof_call,call,PLK-d11-p1,1,384,A0,verifier,PlonkVerifierDepth11,0x5FbDB2315678afecb367f032d93F642f64180aa3,,,call,call,,,true,true,1,,804,6,3198,,,,,,,,,,,,9ccd9e77846daea08f1035a0ef08df84286cb7e5d8daa28d5197c5f4a5ce9668,,,,bookkeeping_only
CSI-CHAIN-LOCAL-01,full-71a5854-20260925T115726Z-geth,full,L1-geth,Geth/v1.16.9-stable-95665d57/linux-arm64/go1.24.13,osaka,1337,primary,primary-plonk-d11,plonk,11,15,16,verify_proof_call,call,PLK-d11-p2,2,640,A0,verifier,PlonkVerifierDepth11,0x5FbDB2315678afecb367f032d93F642f64180aa3,,,call,call,,,true,true,1,,804,3,3207,,,,,,,,,,,,30ad1663cc0bd8295fc1ed381ea363968872a5f6431e9acc48eabd56b343bc1a,,,,bookkeeping_only
CSI-CHAIN-LOCAL-01,full-71a5854-20260925T115726Z-geth,full,L1-geth,Geth/v1.16.9-stable-95665d57/linux-arm64/go1.24.13,osaka,1337,primary,primary-plonk-d11,plonk,11,15,17,verify_proof_call,call,PLK-d11-p3,3,896,A0,verifier,PlonkVerifierDepth11,0x5FbDB2315678afecb367f032d93F642f64180aa3,,,call,call,,,true,true,1,,804,5,3201,,,,,,,,,,,,c8ba1266c4dbceb5dcfd7be60c3b1f0cea3873f4a4c56e8fda87a23eff5ebff1,,,,bookkeeping_only
CSI-CHAIN-LOCAL-01,full-71a5854-20260925T115726Z-geth,full,L1-geth,Geth/v1.16.9-stable-95665d57/linux-arm64/go1.24.13,osaka,1337,primary,primary-plonk-d11,plonk,11,15,18,verify_proof_call,call,PLK-d11-p4,4,1152,A0,verifier,PlonkVerifierDepth11,0x5FbDB2315678afecb367f032d93F642f64180aa3,,,call,call,,,true,true,1,,804,5,3201,,,,,,,,,,,,a76915548dcf5d23d868669660ef71e3877221f3d7e55c8c3ccbfbb662416929,,,,bookkeeping_only
CSI-CHAIN-LOCAL-01,full-71a5854-20260925T115726Z-geth,full,L1-geth,Geth/v1.16.9-stable-95665d57/linux-arm64/go1.24.13,osaka,1337,primary,primary-plonk-d11,plonk,11,15,19,verify_proof_call,call,PLK-d11-p5,5,1408,A0,verifier,PlonkVerifierDepth11,0x5FbDB2315678afecb367f032d93F642f64180aa3,,,call,call,,,true,true,1,,804,5,3201,,,,,,,,,,,,ec5335a123dd6d326a8722727ea79ede70e0f6757e964ccb6a941cf4bb4d0311,,,,bookkeeping_only
CSI-CHAIN-LOCAL-01,full-71a5854-20260925T115726Z-geth,full,L1-geth,Geth/v1.16.9-stable-95665d57/linux-arm64/go1.24.13,osaka,1337,primary,primary-plonk-d11,plonk,11,15,20,verify_proof_call,call,PLK-d11-p6,6,1664,A0,verifier,PlonkVerifierDepth11,0x5FbDB2315678afecb367f032d93F642f64180aa3,,,call,call,,,true,true,1,,804,4,3204,,,,,,,,,,,,ffa02f5588c6d722592d3723231e4f2a6a7e9122492e90ba0493b935fb7be2ae,,,,bookkeeping_only
CSI-CHAIN-LOCAL-01,full-71a5854-20260925T115726Z-geth,full,L1-geth,Geth/v1.16.9-stable-95665d57/linux-arm64/go1.24.13,osaka,1337,primary,primary-plonk-d11,plonk,11,15,21,verify_proof_call,call,PLK-d11-p7,7,1920,A0,verifier,PlonkVerifierDepth11,0x5FbDB2315678afecb367f032d93F642f64180aa3,,,call,call,,,true,true,1,,804,4,3204,,,,,,,,,,,,01c3d0e0a3b82f2e099442cb58044628b271cf30c0789dcd58194a08aa1fd0fd,,,,bookkeeping_only
CSI-CHAIN-LOCAL-01,full-71a5854-20260925T115726Z-geth,full,L1-geth,Geth/v1.16.9-stable-95665d57/linux-arm64/go1.24.13,osaka,1337,primary,primary-plonk-d11,plonk,11,15,22,verify_proof_direct,tx,PLK-d11-p0,0,128,A0,verifier,PlonkVerifierDepth11,0x5FbDB2315678afecb367f032d93F642f64180aa3,12,1000000,1,1,,,,,1,291027,804,3,3207,12828,53070,0,33828,257199,0,,,,,,42d9b2d20d72d206abba5097ac76532b8062090f8cea9f4e0c2a8d9b6861d838,0x791f2f5acd1ba83fd836e88c7d365f5ad3a7ad9ee5899de1afdf20f7c7d7bd2a,15,1137723698,bookkeeping_only
CSI-CHAIN-LOCAL-01,full-71a5854-20260925T115726Z-geth,full,L1-geth,Geth/v1.16.9-stable-95665d57/linux-arm64/go1.24.13,osaka,1337,primary,primary-plonk-d11,plonk,11,15,23,verify_proof_direct,tx,PLK-d11-p1,1,384,A0,verifier,PlonkVerifierDepth11,0x5FbDB2315678afecb367f032d93F642f64180aa3,13,1000000,1,1,,,,,1,290881,804,6,3198,12792,52980,0,33792,257089,0,,,,,,9ccd9e77846daea08f1035a0ef08df84286cb7e5d8daa28d5197c5f4a5ce9668,0xbab86a25b565597d4522f4bd6f814ef9906c172b5d3ca3c2dbf6f25e9ea970bf,16,1120675242,bookkeeping_only
CSI-CHAIN-LOCAL-01,full-71a5854-20260925T115726Z-geth,full,L1-geth,Geth/v1.16.9-stable-95665d57/linux-arm64/go1.24.13,osaka,1337,primary,primary-plonk-d11,plonk,11,15,24,verify_proof_direct,tx,PLK-d11-p2,2,640,A0,verifier,PlonkVerifierDepth11,0x5FbDB2315678afecb367f032d93F642f64180aa3,14,1000000,1,1,,,,,1,291651,804,3,3207,12828,53070,0,33828,257823,0,,,,,,30ad1663cc0bd8295fc1ed381ea363968872a5f6431e9acc48eabd56b343bc1a,0xbf2444d1494ee18c18de8926638a5d030a9f70fb8b9a6823b4b6df232105dc83,17,1105737096,bookkeeping_only
CSI-CHAIN-LOCAL-01,full-71a5854-20260925T115726Z-geth,full,L1-geth,Geth/v1.16.9-stable-95665d57/linux-arm64/go1.24.13,osaka,1337,primary,primary-plonk-d11,plonk,11,15,25,verify_proof_direct,tx,PLK-d11-p3,3,896,A0,verifier,PlonkVerifierDepth11,0x5FbDB2315678afecb367f032d93F642f64180aa3,15,1000000,1,1,,,,,1,289645,804,5,3201,12804,53010,0,33804,255841,0,,,,,,c8ba1266c4dbceb5dcfd7be60c3b1f0cea3873f4a4c56e8fda87a23eff5ebff1,0x804b3f0b5353ed17c1ae99b63ec4ca0cd0f73df193712d893c4edb35590f4ca9,18,1092648453,bookkeeping_only
CSI-CHAIN-LOCAL-01,full-71a5854-20260925T115726Z-geth,full,L1-geth,Geth/v1.16.9-stable-95665d57/linux-arm64/go1.24.13,osaka,1337,primary,primary-plonk-d11,plonk,11,15,26,verify_proof_direct,tx,PLK-d11-p4,4,1152,A0,verifier,PlonkVerifierDepth11,0x5FbDB2315678afecb367f032d93F642f64180aa3,16,1000000,1,1,,,,,1,290477,804,5,3201,12804,53010,0,33804,256673,0,,,,,,a76915548dcf5d23d868669660ef71e3877221f3d7e55c8c3ccbfbb662416929,0xfbb3445ef196a639dfc7197f45d743458b06dd5fe2c1b05ffbad51769d90af10,19,1081179210,bookkeeping_only
CSI-CHAIN-LOCAL-01,full-71a5854-20260925T115726Z-geth,full,L1-geth,Geth/v1.16.9-stable-95665d57/linux-arm64/go1.24.13,osaka,1337,primary,primary-plonk-d11,plonk,11,15,27,verify_proof_direct,tx,PLK-d11-p5,5,1408,A0,verifier,PlonkVerifierDepth11,0x5FbDB2315678afecb367f032d93F642f64180aa3,17,1000000,1,1,,,,,1,291517,804,5,3201,12804,53010,0,33804,257713,0,,,,,,ec5335a123dd6d326a8722727ea79ede70e0f6757e964ccb6a941cf4bb4d0311,0x2872d9faa4531acd801c305db21590dec7ea5cdc4cb222653a73cf974b8ada38,20,1071130062,bookkeeping_only
CSI-CHAIN-LOCAL-01,full-71a5854-20260925T115726Z-geth,full,L1-geth,Geth/v1.16.9-stable-95665d57/linux-arm64/go1.24.13,osaka,1337,primary,primary-plonk-d11,plonk,11,15,28,verify_proof_direct,tx,PLK-d11-p6,6,1664,A0,verifier,PlonkVerifierDepth11,0x5FbDB2315678afecb367f032d93F642f64180aa3,18,1000000,1,1,,,,,1,289767,804,4,3204,12816,53040,0,33816,255951,0,,,,,,ffa02f5588c6d722592d3723231e4f2a6a7e9122492e90ba0493b935fb7be2ae,0x3c79706ca8caca98f4a94c52d5bc1a3315194cb55ca79ce8431966f141a8d4c8,21,1062325203,bookkeeping_only
CSI-CHAIN-LOCAL-01,full-71a5854-20260925T115726Z-geth,full,L1-geth,Geth/v1.16.9-stable-95665d57/linux-arm64/go1.24.13,osaka,1337,primary,primary-plonk-d11,plonk,11,15,29,verify_proof_direct,tx,PLK-d11-p7,7,1920,A0,verifier,PlonkVerifierDepth11,0x5FbDB2315678afecb367f032d93F642f64180aa3,19,1000000,1,1,,,,,1,290599,804,4,3204,12816,53040,0,33816,256783,0,,,,,,01c3d0e0a3b82f2e099442cb58044628b271cf30c0789dcd58194a08aa1fd0fd,0x70ffab3eec17ef3185c30a2ea618c5dba142fccd050e5c39fd292fbcca421d2c,22,1054609802,bookkeeping_only
CSI-CHAIN-LOCAL-01,full-71a5854-20260925T115726Z-geth,full,L1-geth,Geth/v1.16.9-stable-95665d57/linux-arm64/go1.24.13,osaka,1337,primary,primary-plonk-d11,plonk,11,15,30,neg_unknown_root,tx,PLK-d15-p0,0,2048,A0,manager,CredentialManagerPlonk,0xe7f1725E7734CE288F8367e1Bb143E90bb3F0512,20,3000000,0,0,Invalid root,Invalid root,,,1,53010,804,5,3201,12804,53010,0,33804,19206,1,,,,,,731e2753d2394287d3395e9ffe5e9434a5740b4f1d8464c12866368e5854c36b,0x230f746c9eefc62355e4262283a4c67240098f4932f3e025aef9d3056ea4584f,23,1047849700,bookkeeping_only
CSI-CHAIN-LOCAL-01,full-71a5854-20260925T115726Z-geth,full,L1-geth,Geth/v1.16.9-stable-95665d57/linux-arm64/go1.24.13,osaka,1337,primary,primary-plonk-d11,plonk,11,15,31,neg_tampered_call,call,PLK-d11-p0,0,128,A0,verifier,PlonkVerifierDepth11,0x5FbDB2315678afecb367f032d93F642f64180aa3,,,call,call,,,false,false,1,,804,3,3207,,,,,,,,,,,,fbad9cd0928acf67791ce161cac8e570bd576dd5b3da1d9bbec54d592181121a,,,,bookkeeping_only
CSI-CHAIN-LOCAL-01,full-71a5854-20260925T115726Z-geth,full,L1-geth,Geth/v1.16.9-stable-95665d57/linux-arm64/go1.24.13,osaka,1337,primary,primary-plonk-d11,plonk,11,15,32,neg_tampered,tx,PLK-d11-p0,0,128,A0,manager,CredentialManagerPlonk,0xe7f1725E7734CE288F8367e1Bb143E90bb3F0512,21,3000000,0,0,Invalid proof,Invalid proof,,,1,298996,804,3,3207,12828,53070,0,33828,265168,0,,,,,,79ce7d8b09af7b21b66c65c3893d8558bcbbbae70ae5191211102a595b145ab5,0xe6589ef5f4d28fb6dfc50fded212b579b1222f123d189fa0e61114dd36dc8f1a,24,1041879057,bookkeeping_only
CSI-CHAIN-LOCAL-01,full-71a5854-20260925T115726Z-geth,full,L1-geth,Geth/v1.16.9-stable-95665d57/linux-arm64/go1.24.13,osaka,1337,primary,primary-plonk-d11,plonk,11,15,33,neg_cross_depth_setup,tx,PLK-d15-p0,0,2048,A0,manager,CredentialManagerPlonk,0xe7f1725E7734CE288F8367e1Bb143E90bb3F0512,22,300000,1,1,,,,,1,47346,36,0,144,576,22440,0,21576,25770,0,,,,,,f2931f0aaf26f5d51c33dadce13833370940a08948160921859c7fe776ca5aa8,0x6e1f35f874cf52d8ea1b077aca8886c9b28e9f8885a88686db2d03da5efd5306,25,1036696349,bookkeeping_only
CSI-CHAIN-LOCAL-01,full-71a5854-20260925T115726Z-geth,full,L1-geth,Geth/v1.16.9-stable-95665d57/linux-arm64/go1.24.13,osaka,1337,primary,primary-plonk-d11,plonk,11,15,34,neg_cross_depth_call,call,PLK-d15-p0,0,2048,A0,verifier,PlonkVerifierDepth11,0x5FbDB2315678afecb367f032d93F642f64180aa3,,,call,call,,,false,false,1,,804,5,3201,,,,,,,,,,,,c4b8e8f2a232c6173469d9623585996bc0fd8bd56327a2a75ac2c9f88179d5e5,,,,bookkeeping_only
CSI-CHAIN-LOCAL-01,full-71a5854-20260925T115726Z-geth,full,L1-geth,Geth/v1.16.9-stable-95665d57/linux-arm64/go1.24.13,osaka,1337,primary,primary-plonk-d11,plonk,11,15,35,neg_cross_depth,tx,PLK-d15-p0,0,2048,A0,manager,CredentialManagerPlonk,0xe7f1725E7734CE288F8367e1Bb143E90bb3F0512,23,3000000,0,0,Invalid proof,Invalid proof,,,1,298140,804,5,3201,12804,53010,0,33804,264336,0,,,,,,731e2753d2394287d3395e9ffe5e9434a5740b4f1d8464c12866368e5854c36b,0x0b0a9bfd76d2a3f95a805a5bb8a744d05c680fc19287883fa57a00f9bcf6c23d,26,1032116545,bookkeeping_only
CSI-CHAIN-LOCAL-01,full-71a5854-20260925T115726Z-geth,full,L1-geth,Geth/v1.16.9-stable-95665d57/linux-arm64/go1.24.13,osaka,1337,primary,primary-plonk-d11,plonk,11,15,36,neg_non_issuer,tx,PLK-d11-p0,0,128,A1,manager,CredentialManagerPlonk,0xe7f1725E7734CE288F8367e1Bb143E90bb3F0512,0,300000,0,0,CredentialManager: not issuer,CredentialManager: not issuer,,,1,24171,36,1,141,564,22410,0,21564,2607,0,,,,,,d02fee54c295d1b5cc2948d9c79837ece40c0013835e3b9bb349e94ae744e758,0x71b76560e2dbd34abd72711d3c56ae1cab54d9bc1cae78badc127c9156b1e584,27,1028141874,bookkeeping_only
CSI-CHAIN-LOCAL-01,full-71a5854-20260925T115726Z-geth,full,L1-geth,Geth/v1.16.9-stable-95665d57/linux-arm64/go1.24.13,osaka,1337,primary,primary-plonk-d15,plonk,15,5,1,deploy_verifier,tx,,,,A0,,PlonkVerifierDepth15,0x5FbDB2315678afecb367f032d93F642f64180aa3,0,6000000,1,1,,,,,1,1226937,5467,167,21367,85468,234670,32342,138810,1088127,0,1087000,5467,5435,0x9c067b2716d3bbe23dc32dc49ae4e785252bf62b7543147a64bbb2da0be8fec9,1,76bf43bcb55cb26f9487fd749e29b1f284385f0f2313df5303580ee4fae153d8,0x7b9a567b1194a61f280bc04f8a55de87a63f2a1c44559ae27a2ebc9812ccbbfb,3,1670055867,bookkeeping_only
CSI-CHAIN-LOCAL-01,full-71a5854-20260925T115726Z-geth,full,L1-geth,Geth/v1.16.9-stable-95665d57/linux-arm64/go1.24.13,osaka,1337,primary,primary-plonk-d15,plonk,15,5,2,deploy_manager,tx,,,,A0,,CredentialManagerPlonk,0xe7f1725E7734CE288F8367e1Bb143E90bb3F0512,1,6000000,1,1,,,,,1,541930,2302,81,8965,35860,110650,32144,89004,452926,0,406400,2302,2032,0x81cfa580fc010d5bf437f4e25120ed772a570f64d5503726e6beb874892ec653,1,bd7d37aac5445da7be132e8d32c481e19c8340c0c76eebdf81a7dbf12c9c4d18,0x2e879a553162538a979ab023c4ed7dd2a2de18e8e2e18cff35705d985406aeed,4,1589724369,bookkeeping_only
CSI-CHAIN-LOCAL-01,full-71a5854-20260925T115726Z-geth,full,L1-geth,Geth/v1.16.9-stable-95665d57/linux-arm64/go1.24.13,osaka,1337,primary,primary-plonk-d15,plonk,15,5,3,set_issuer,tx,,,,A0,manager,CredentialManagerPlonk,0xe7f1725E7734CE288F8367e1Bb143E90bb3F0512,2,300000,1,1,,,,,1,47900,68,43,143,572,22430,0,21572,26328,0,,,,,,727fd06686258f939093f54b4f3c375b0f3052da4ba7867e73d6f93a90702a06,0x501ae8be8fa71731b8e6f009057e6eda6a9beb71ae54aca9f8edbb0ff5e2ba0a,5,1517340446,bookkeeping_only
CSI-CHAIN-LOCAL-01,full-71a5854-20260925T115726Z-geth,full,L1-geth,Geth/v1.16.9-stable-95665d57/linux-arm64/go1.24.13,osaka,1337,primary,primary-plonk-d15,plonk,15,5,4,add_root,tx,,,,A0,manager,CredentialManagerPlonk,0xe7f1725E7734CE288F8367e1Bb143E90bb3F0512,3,300000,1,1,,,,,1,47346,36,0,144,576,22440,0,21576,25770,0,,,,,,f2931f0aaf26f5d51c33dadce13833370940a08948160921859c7fe776ca5aa8,0x987d7dcb0c6122ce80b9f07348aaa4c092c3676db8a399fa5e940530c7bf6231,6,1452776143,bookkeeping_only
CSI-CHAIN-LOCAL-01,full-71a5854-20260925T115726Z-geth,full,L1-geth,Geth/v1.16.9-stable-95665d57/linux-arm64/go1.24.13,osaka,1337,primary,primary-plonk-d15,plonk,15,5,5,precheck_call,call,PLK-d15-p0,0,2048,A0,manager,CredentialManagerPlonk,0xe7f1725E7734CE288F8367e1Bb143E90bb3F0512,,,call,call,,,true,true,1,,804,5,3201,,,,,,,,,,,,731e2753d2394287d3395e9ffe5e9434a5740b4f1d8464c12866368e5854c36b,,,,bookkeeping_only
CSI-CHAIN-LOCAL-01,full-71a5854-20260925T115726Z-geth,full,L1-geth,Geth/v1.16.9-stable-95665d57/linux-arm64/go1.24.13,osaka,1337,primary,primary-plonk-d15,plonk,15,5,6,verify_credential,tx,PLK-d15-p0,0,2048,A0,manager,CredentialManagerPlonk,0xe7f1725E7734CE288F8367e1Bb143E90bb3F0512,4,1000000,1,1,,,,,1,299476,804,5,3201,12804,53010,0,33804,265672,0,,,,,,731e2753d2394287d3395e9ffe5e9434a5740b4f1d8464c12866368e5854c36b,0x11789d64bcf6f533851755e22d79ce5a9426ada0eddd25d03788d0c59ce50980,7,1396268447,bookkeeping_only
CSI-CHAIN-LOCAL-01,full-71a5854-20260925T115726Z-geth,full,L1-geth,Geth/v1.16.9-stable-95665d57/linux-arm64/go1.24.13,osaka,1337,primary,primary-plonk-d15,plonk,15,5,7,verify_credential,tx,PLK-d15-p1,1,6144,A0,manager,CredentialManagerPlonk,0xe7f1725E7734CE288F8367e1Bb143E90bb3F0512,5,1000000,1,1,,,,,1,299818,804,3,3207,12828,53070,0,33828,265990,0,,,,,,921eb65ed69700aeb78942204842c6c9d607a30bf58f9e599db65e2d6b40740c,0x7831aca139d2b4399992b932d91855b8da1e7c1a3937f2004cced120d56348a7,8,1347229362,bookkeeping_only
CSI-CHAIN-LOCAL-01,full-71a5854-20260925T115726Z-geth,full,L1-geth,Geth/v1.16.9-stable-95665d57/linux-arm64/go1.24.13,osaka,1337,primary,primary-plonk-d15,plonk,15,5,8,verify_credential,tx,PLK-d15-p2,2,10240,A0,manager,CredentialManagerPlonk,0xe7f1725E7734CE288F8367e1Bb143E90bb3F0512,6,1000000,1,1,,,,,1,299732,804,1,3213,12852,53130,0,33852,265880,0,,,,,,05e668185cd5c4df5f68a070936fe32cf9131f263fc331d9f80573261e6867f5,0xb762fe0300ca3bb433ef6d0575bee8017506fb3b22c192e5bd5cb02cc7739fa3,9,1304259466,bookkeeping_only
CSI-CHAIN-LOCAL-01,full-71a5854-20260925T115726Z-geth,full,L1-geth,Geth/v1.16.9-stable-95665d57/linux-arm64/go1.24.13,osaka,1337,primary,primary-plonk-d15,plonk,15,5,9,verify_credential,tx,PLK-d15-p3,3,14336,A0,manager,CredentialManagerPlonk,0xe7f1725E7734CE288F8367e1Bb143E90bb3F0512,7,1000000,1,1,,,,,1,300870,804,2,3210,12840,53100,0,33840,267030,0,,,,,,85394d2b54416a9d59da90888e434547590fde57649806673207a3d6d24d9337,0xac2f8195b352a958568a38e628ec5b0f3733011967244d2973ef76557c28eade,10,1266607018,bookkeeping_only
CSI-CHAIN-LOCAL-01,full-71a5854-20260925T115726Z-geth,full,L1-geth,Geth/v1.16.9-stable-95665d57/linux-arm64/go1.24.13,osaka,1337,primary,primary-plonk-d15,plonk,15,5,10,verify_credential,tx,PLK-d15-p4,4,18432,A0,manager,CredentialManagerPlonk,0xe7f1725E7734CE288F8367e1Bb143E90bb3F0512,8,1000000,1,1,,,,,1,300234,804,3,3207,12828,53070,0,33828,266406,0,,,,,,dc32b9d7d9a6b3186d14da864d29e3eabc700cb38a2ac0d95947ebb028b22f04,0x0ce332ab9bb6f15cb83e3e7d9a6a29438297c241c73f509b8707d78bc3c0dc05,11,1233615366,bookkeeping_only
CSI-CHAIN-LOCAL-01,full-71a5854-20260925T115726Z-geth,full,L1-geth,Geth/v1.16.9-stable-95665d57/linux-arm64/go1.24.13,osaka,1337,primary,primary-plonk-d15,plonk,15,5,11,verify_credential,tx,PLK-d15-p5,5,22528,A0,manager,CredentialManagerPlonk,0xe7f1725E7734CE288F8367e1Bb143E90bb3F0512,9,1000000,1,1,,,,,1,299904,804,4,3204,12816,53040,0,33816,266088,0,,,,,,f8f7a457b648faf9c34bd923990e5c0d6b89b76971e41378f9982e3f4602ea67,0x0939f9174de57180cb8f2a18fde0eb09378dbfc52b79324b86a37a4c9b019d5b,12,1204705693,bookkeeping_only
CSI-CHAIN-LOCAL-01,full-71a5854-20260925T115726Z-geth,full,L1-geth,Geth/v1.16.9-stable-95665d57/linux-arm64/go1.24.13,osaka,1337,primary,primary-plonk-d15,plonk,15,5,12,verify_credential,tx,PLK-d15-p6,6,26624,A0,manager,CredentialManagerPlonk,0xe7f1725E7734CE288F8367e1Bb143E90bb3F0512,10,1000000,1,1,,,,,1,300540,804,3,3207,12828,53070,0,33828,266712,0,,,,,,c0e5d3e573002d9966204049c494012b9918f5ae54734327f972fcb7745505ff,0x94029811a034a1a549829e880106b4ca95078c7faedbbf92c19ad9ebd7406db8,13,1179373282,bookkeeping_only
CSI-CHAIN-LOCAL-01,full-71a5854-20260925T115726Z-geth,full,L1-geth,Geth/v1.16.9-stable-95665d57/linux-arm64/go1.24.13,osaka,1337,primary,primary-plonk-d15,plonk,15,5,13,verify_credential,tx,PLK-d15-p7,7,30720,A0,manager,CredentialManagerPlonk,0xe7f1725E7734CE288F8367e1Bb143E90bb3F0512,11,1000000,1,1,,,,,1,300650,804,3,3207,12828,53070,0,33828,266822,0,,,,,,e61e673219ade001c92a75c0e1507cc595c463087d9d292d1bbe88e55098f287,0x0b6f5e4cd3eec54c8e8a47084fd2af7e0f18d2019e9a168b4df3242d3ca74e82,14,1157176242,bookkeeping_only
CSI-CHAIN-LOCAL-01,full-71a5854-20260925T115726Z-geth,full,L1-geth,Geth/v1.16.9-stable-95665d57/linux-arm64/go1.24.13,osaka,1337,primary,primary-plonk-d15,plonk,15,5,14,verify_proof_call,call,PLK-d15-p0,0,2048,A0,verifier,PlonkVerifierDepth15,0x5FbDB2315678afecb367f032d93F642f64180aa3,,,call,call,,,true,true,1,,804,5,3201,,,,,,,,,,,,c4b8e8f2a232c6173469d9623585996bc0fd8bd56327a2a75ac2c9f88179d5e5,,,,bookkeeping_only
CSI-CHAIN-LOCAL-01,full-71a5854-20260925T115726Z-geth,full,L1-geth,Geth/v1.16.9-stable-95665d57/linux-arm64/go1.24.13,osaka,1337,primary,primary-plonk-d15,plonk,15,5,15,verify_proof_call,call,PLK-d15-p1,1,6144,A0,verifier,PlonkVerifierDepth15,0x5FbDB2315678afecb367f032d93F642f64180aa3,,,call,call,,,true,true,1,,804,3,3207,,,,,,,,,,,,5bb724d46328e6d974a0fd22f3582fb611f88e5bfd7c201771bd6a8a231def5e,,,,bookkeeping_only
CSI-CHAIN-LOCAL-01,full-71a5854-20260925T115726Z-geth,full,L1-geth,Geth/v1.16.9-stable-95665d57/linux-arm64/go1.24.13,osaka,1337,primary,primary-plonk-d15,plonk,15,5,16,verify_proof_call,call,PLK-d15-p2,2,10240,A0,verifier,PlonkVerifierDepth15,0x5FbDB2315678afecb367f032d93F642f64180aa3,,,call,call,,,true,true,1,,804,1,3213,,,,,,,,,,,,48081f6dde67f024bc5f447cc8e86d4ea1ca339ca6bff5c9212809db2e5934a0,,,,bookkeeping_only
CSI-CHAIN-LOCAL-01,full-71a5854-20260925T115726Z-geth,full,L1-geth,Geth/v1.16.9-stable-95665d57/linux-arm64/go1.24.13,osaka,1337,primary,primary-plonk-d15,plonk,15,5,17,verify_proof_call,call,PLK-d15-p3,3,14336,A0,verifier,PlonkVerifierDepth15,0x5FbDB2315678afecb367f032d93F642f64180aa3,,,call,call,,,true,true,1,,804,2,3210,,,,,,,,,,,,81635e1c61e985a8dd2799a9ab6587d59d2148b3792298760b4429e5cbba272a,,,,bookkeeping_only
CSI-CHAIN-LOCAL-01,full-71a5854-20260925T115726Z-geth,full,L1-geth,Geth/v1.16.9-stable-95665d57/linux-arm64/go1.24.13,osaka,1337,primary,primary-plonk-d15,plonk,15,5,18,verify_proof_call,call,PLK-d15-p4,4,18432,A0,verifier,PlonkVerifierDepth15,0x5FbDB2315678afecb367f032d93F642f64180aa3,,,call,call,,,true,true,1,,804,3,3207,,,,,,,,,,,,e3bea8912047f3b90f8ddc5735ebf4506a7ee99793194ca0ba004e5f9da453bd,,,,bookkeeping_only
CSI-CHAIN-LOCAL-01,full-71a5854-20260925T115726Z-geth,full,L1-geth,Geth/v1.16.9-stable-95665d57/linux-arm64/go1.24.13,osaka,1337,primary,primary-plonk-d15,plonk,15,5,19,verify_proof_call,call,PLK-d15-p5,5,22528,A0,verifier,PlonkVerifierDepth15,0x5FbDB2315678afecb367f032d93F642f64180aa3,,,call,call,,,true,true,1,,804,4,3204,,,,,,,,,,,,56a87f3134bf974cea820e4d10b2a97d9525e2270aa448a31cd773befd847fc9,,,,bookkeeping_only
CSI-CHAIN-LOCAL-01,full-71a5854-20260925T115726Z-geth,full,L1-geth,Geth/v1.16.9-stable-95665d57/linux-arm64/go1.24.13,osaka,1337,primary,primary-plonk-d15,plonk,15,5,20,verify_proof_call,call,PLK-d15-p6,6,26624,A0,verifier,PlonkVerifierDepth15,0x5FbDB2315678afecb367f032d93F642f64180aa3,,,call,call,,,true,true,1,,804,3,3207,,,,,,,,,,,,1ef3d5200151bed3af70aa8b056242abd5aea670466a0f7996c83b417a459079,,,,bookkeeping_only
CSI-CHAIN-LOCAL-01,full-71a5854-20260925T115726Z-geth,full,L1-geth,Geth/v1.16.9-stable-95665d57/linux-arm64/go1.24.13,osaka,1337,primary,primary-plonk-d15,plonk,15,5,21,verify_proof_call,call,PLK-d15-p7,7,30720,A0,verifier,PlonkVerifierDepth15,0x5FbDB2315678afecb367f032d93F642f64180aa3,,,call,call,,,true,true,1,,804,3,3207,,,,,,,,,,,,7f3024b86b76d419a8050a8bef69f971f0faaea495f1d48b77f46bc9008e0ba3,,,,bookkeeping_only
CSI-CHAIN-LOCAL-01,full-71a5854-20260925T115726Z-geth,full,L1-geth,Geth/v1.16.9-stable-95665d57/linux-arm64/go1.24.13,osaka,1337,primary,primary-plonk-d15,plonk,15,5,22,verify_proof_direct,tx,PLK-d15-p0,0,2048,A0,verifier,PlonkVerifierDepth15,0x5FbDB2315678afecb367f032d93F642f64180aa3,12,1000000,1,1,,,,,1,290477,804,5,3201,12804,53010,0,33804,256673,0,,,,,,c4b8e8f2a232c6173469d9623585996bc0fd8bd56327a2a75ac2c9f88179d5e5,0x36afec7e26fa3a9ca58a0234153a5d3cf09789062a24f69c80028a006859e188,15,1137726108,bookkeeping_only
CSI-CHAIN-LOCAL-01,full-71a5854-20260925T115726Z-geth,full,L1-geth,Geth/v1.16.9-stable-95665d57/linux-arm64/go1.24.13,osaka,1337,primary,primary-plonk-d15,plonk,15,5,23,verify_proof_direct,tx,PLK-d15-p1,1,6144,A0,verifier,PlonkVerifierDepth15,0x5FbDB2315678afecb367f032d93F642f64180aa3,13,1000000,1,1,,,,,1,290819,804,3,3207,12828,53070,0,33828,256991,0,,,,,,5bb724d46328e6d974a0fd22f3582fb611f88e5bfd7c201771bd6a8a231def5e,0x234e8016a2b0f11f7ddec6b11aef3a05b727f84d343e0fd3bc31b86deb587e38,16,1120677038,bookkeeping_only
CSI-CHAIN-LOCAL-01,full-71a5854-20260925T115726Z-geth,full,L1-geth,Geth/v1.16.9-stable-95665d57/linux-arm64/go1.24.13,osaka,1337,primary,primary-plonk-d15,plonk,15,5,24,verify_proof_direct,tx,PLK-d15-p2,2,10240,A0,verifier,PlonkVerifierDepth15,0x5FbDB2315678afecb367f032d93F642f64180aa3,14,1000000,1,1,,,,,1,290733,804,1,3213,12852,53130,0,33852,256881,0,,,,,,48081f6dde67f024bc5f447cc8e86d4ea1ca339ca6bff5c9212809db2e5934a0,0xda948899d88e712322ae2f4924b9b76aaf8576e387a5a1a40051fb9785c87661,17,1105738639,bookkeeping_only
CSI-CHAIN-LOCAL-01,full-71a5854-20260925T115726Z-geth,full,L1-geth,Geth/v1.16.9-stable-95665d57/linux-arm64/go1.24.13,osaka,1337,primary,primary-plonk-d15,plonk,15,5,25,verify_proof_direct,tx,PLK-d15-p3,3,14336,A0,verifier,PlonkVerifierDepth15,0x5FbDB2315678afecb367f032d93F642f64180aa3,15,1000000,1,1,,,,,1,291871,804,2,3210,12840,53100,0,33840,258031,0,,,,,,81635e1c61e985a8dd2799a9ab6587d59d2148b3792298760b4429e5cbba272a,0x81a051a659d3e586c968f17c28952f013e9004b771275ce5de19e62ed5797d4d,18,1092649400,bookkeeping_only
CSI-CHAIN-LOCAL-01,full-71a5854-20260925T115726Z-geth,full,L1-geth,Geth/v1.16.9-stable-95665d57/linux-arm64/go1.24.13,osaka,1337,primary,primary-plonk-d15,plonk,15,5,26,verify_proof_direct,tx,PLK-d15-p4,4,18432,A0,verifier,PlonkVerifierDepth15,0x5FbDB2315678afecb367f032d93F642f64180aa3,16,1000000,1,1,,,,,1,291235,804,3,3207,12828,53070,0,33828,257407,0,,,,,,e3bea8912047f3b90f8ddc5735ebf4506a7ee99793194ca0ba004e5f9da453bd,0x27ca187aa25d1f4346810121593477fe0cd821fb8506eedc71f52ff88e75eae9,19,1081180899,bookkeeping_only
CSI-CHAIN-LOCAL-01,full-71a5854-20260925T115726Z-geth,full,L1-geth,Geth/v1.16.9-stable-95665d57/linux-arm64/go1.24.13,osaka,1337,primary,primary-plonk-d15,plonk,15,5,27,verify_proof_direct,tx,PLK-d15-p5,5,22528,A0,verifier,PlonkVerifierDepth15,0x5FbDB2315678afecb367f032d93F642f64180aa3,17,1000000,1,1,,,,,1,290905,804,4,3204,12816,53040,0,33816,257089,0,,,,,,56a87f3134bf974cea820e4d10b2a97d9525e2270aa448a31cd773befd847fc9,0xf6d4359555ab6bfd30245adebbf7e226b8d01cde5a5e2d86896e8b496c3306e4,20,1071131798,bookkeeping_only
CSI-CHAIN-LOCAL-01,full-71a5854-20260925T115726Z-geth,full,L1-geth,Geth/v1.16.9-stable-95665d57/linux-arm64/go1.24.13,osaka,1337,primary,primary-plonk-d15,plonk,15,5,28,verify_proof_direct,tx,PLK-d15-p6,6,26624,A0,verifier,PlonkVerifierDepth15,0x5FbDB2315678afecb367f032d93F642f64180aa3,18,1000000,1,1,,,,,1,291541,804,3,3207,12828,53070,0,33828,257713,0,,,,,,1ef3d5200151bed3af70aa8b056242abd5aea670466a0f7996c83b417a459079,0x18e66d0b39a0887057918c4fa0d759f0a5343378d93281687615b0f4143b94ad,21,1062326543,bookkeeping_only
CSI-CHAIN-LOCAL-01,full-71a5854-20260925T115726Z-geth,full,L1-geth,Geth/v1.16.9-stable-95665d57/linux-arm64/go1.24.13,osaka,1337,primary,primary-plonk-d15,plonk,15,5,29,verify_proof_direct,tx,PLK-d15-p7,7,30720,A0,verifier,PlonkVerifierDepth15,0x5FbDB2315678afecb367f032d93F642f64180aa3,19,1000000,1,1,,,,,1,291651,804,3,3207,12828,53070,0,33828,257823,0,,,,,,7f3024b86b76d419a8050a8bef69f971f0faaea495f1d48b77f46bc9008e0ba3,0xda4f957f4e90ecab324e610d3df197738f9d8067aa13117e29e4436b905f1143,22,1054611437,bookkeeping_only
CSI-CHAIN-LOCAL-01,full-71a5854-20260925T115726Z-geth,full,L1-geth,Geth/v1.16.9-stable-95665d57/linux-arm64/go1.24.13,osaka,1337,primary,primary-plonk-d15,plonk,15,5,30,neg_unknown_root,tx,PLK-d5-p0,0,2,A0,manager,CredentialManagerPlonk,0xe7f1725E7734CE288F8367e1Bb143E90bb3F0512,20,3000000,0,0,Invalid root,Invalid root,,,1,53040,804,4,3204,12816,53040,0,33816,19224,1,,,,,,43edca5dc105fc7a2008617ce100ed5d4b4dfcfbb283d718f619c9c958c213d5,0x722e5bbba79ae3173fc9e4857e8c5001b635a3a76694ca7e307c021422d5fbf5,23,1047851372,bookkeeping_only
CSI-CHAIN-LOCAL-01,full-71a5854-20260925T115726Z-geth,full,L1-geth,Geth/v1.16.9-stable-95665d57/linux-arm64/go1.24.13,osaka,1337,primary,primary-plonk-d15,plonk,15,5,31,neg_tampered_call,call,PLK-d15-p0,0,2048,A0,verifier,PlonkVerifierDepth15,0x5FbDB2315678afecb367f032d93F642f64180aa3,,,call,call,,,false,false,1,,804,5,3201,,,,,,,,,,,,ffa4dedc4873eeb4451c105175a22d81f2f883276433c3774b768fd7a7fbe2cd,,,,bookkeeping_only
CSI-CHAIN-LOCAL-01,full-71a5854-20260925T115726Z-geth,full,L1-geth,Geth/v1.16.9-stable-95665d57/linux-arm64/go1.24.13,osaka,1337,primary,primary-plonk-d15,plonk,15,5,32,neg_tampered,tx,PLK-d15-p0,0,2048,A0,manager,CredentialManagerPlonk,0xe7f1725E7734CE288F8367e1Bb143E90bb3F0512,21,3000000,0,0,Invalid proof,Invalid proof,,,1,298446,804,5,3201,12804,53010,0,33804,264642,0,,,,,,1cf0ac1fa5805d47a889d376d9574a13791ad20890e234265c09b7ec0b6f473e,0x3ff268c1630631761e2da92265e4d5082fc4883485bc81ae34baadfb16abfc47,24,1041880526,bookkeeping_only
CSI-CHAIN-LOCAL-01,full-71a5854-20260925T115726Z-geth,full,L1-geth,Geth/v1.16.9-stable-95665d57/linux-arm64/go1.24.13,osaka,1337,primary,primary-plonk-d15,plonk,15,5,33,neg_cross_depth_setup,tx,PLK-d5-p0,0,2,A0,manager,CredentialManagerPlonk,0xe7f1725E7734CE288F8367e1Bb143E90bb3F0512,22,300000,1,1,,,,,1,47334,36,1,141,564,22410,0,21564,25770,0,,,,,,b91c4cff980f8874fb8d0fca3dd2b3046defc125bb26b20f9f41f40dec3d44ad,0x092b22a544e85a908c4b7a2fd1416dc64a12ad06c2bc03f4a8aed3e5687a3b78,25,1036697540,bookkeeping_only
CSI-CHAIN-LOCAL-01,full-71a5854-20260925T115726Z-geth,full,L1-geth,Geth/v1.16.9-stable-95665d57/linux-arm64/go1.24.13,osaka,1337,primary,primary-plonk-d15,plonk,15,5,34,neg_cross_depth_call,call,PLK-d5-p0,0,2,A0,verifier,PlonkVerifierDepth15,0x5FbDB2315678afecb367f032d93F642f64180aa3,,,call,call,,,false,false,1,,804,4,3204,,,,,,,,,,,,315d3ac17962361c7786a0a69b96507826e7200eb0f41d726d0c5b3e60c1664f,,,,bookkeeping_only
CSI-CHAIN-LOCAL-01,full-71a5854-20260925T115726Z-geth,full,L1-geth,Geth/v1.16.9-stable-95665d57/linux-arm64/go1.24.13,osaka,1337,primary,primary-plonk-d15,plonk,15,5,35,neg_cross_depth,tx,PLK-d5-p0,0,2,A0,manager,CredentialManagerPlonk,0xe7f1725E7734CE288F8367e1Bb143E90bb3F0512,23,3000000,0,0,Invalid proof,Invalid proof,,,1,298776,804,4,3204,12816,53040,0,33816,264960,0,,,,,,43edca5dc105fc7a2008617ce100ed5d4b4dfcfbb283d718f619c9c958c213d5,0x55d9970ded1fda2629b2999cb7f30a6e0af936b55ae082910cedc95f81192f89,26,1032117586,bookkeeping_only
CSI-CHAIN-LOCAL-01,full-71a5854-20260925T115726Z-geth,full,L1-geth,Geth/v1.16.9-stable-95665d57/linux-arm64/go1.24.13,osaka,1337,primary,primary-plonk-d15,plonk,15,5,36,neg_non_issuer,tx,PLK-d15-p0,0,2048,A1,manager,CredentialManagerPlonk,0xe7f1725E7734CE288F8367e1Bb143E90bb3F0512,0,300000,0,0,CredentialManager: not issuer,CredentialManager: not issuer,,,1,24183,36,0,144,576,22440,0,21576,2607,0,,,,,,f2931f0aaf26f5d51c33dadce13833370940a08948160921859c7fe776ca5aa8,0x9482d3e1ff1101a0e7a9289b8ceb5b3d8045f684c946b391ead227269c910831,27,1028142871,bookkeeping_only
CSI-CHAIN-LOCAL-01,full-71a5854-20260925T115726Z-geth,full,L1-geth,Geth/v1.16.9-stable-95665d57/linux-arm64/go1.24.13,osaka,1337,bridge,bridge-groth16-d11,groth16,11,15,1,deploy_verifier,tx,,,,A0,,Groth16LegacyVerifierDepth11,0x5FbDB2315678afecb367f032d93F642f64180aa3,0,6000000,1,1,,,,,1,384793,1567,60,6088,24352,81880,32098,77450,307343,0,307000,1567,1535,0x0e65d748105159ae8bfa14f6a206b40ce70b830c5d4a9980e07bb7b5bc43207c,1,0bb6c9cc23e5aeacef4be224d7c37d498cd56f6ea0522c1ae811147df65ab81b,0xb36e91b70e038e206865984bff0bbf470a836e77b79363a90b689fc05398bbf7,3,1670055867,bookkeeping_only
CSI-CHAIN-LOCAL-01,full-71a5854-20260925T115726Z-geth,full,L1-geth,Geth/v1.16.9-stable-95665d57/linux-arm64/go1.24.13,osaka,1337,bridge,bridge-groth16-d11,groth16,11,15,2,deploy_manager,tx,,,,A0,,CredentialManager,0xe7f1725E7734CE288F8367e1Bb143E90bb3F0512,1,6000000,1,1,,,,,1,1525514,7758,832,28536,114144,306360,32486,167630,1357884,0,1306200,7758,6531,0x7c4e7f1c7b93eeff11b761f6819809d75799cba4b166fcda2549a84730f211d6,1,a10bc866b0ef7a8b2e9b4d909860cbffe47932de06678a5783534e449226c942,0x5bcc355b53598e3d4f22774fb6f5405101a16231d4db17f9e23924c8ba3a3bf2,4,1587373187,bookkeeping_only
CSI-CHAIN-LOCAL-01,full-71a5854-20260925T115726Z-geth,full,L1-geth,Geth/v1.16.9-stable-95665d57/linux-arm64/go1.24.13,osaka,1337,bridge,bridge-groth16-d11,groth16,11,15,3,set_issuer,tx,,,,A0,manager,CredentialManager,0xe7f1725E7734CE288F8367e1Bb143E90bb3F0512,2,300000,1,1,,,,,1,48410,68,43,143,572,22430,0,21572,26838,0,,,,,,727fd06686258f939093f54b4f3c375b0f3052da4ba7867e73d6f93a90702a06,0x501ae8be8fa71731b8e6f009057e6eda6a9beb71ae54aca9f8edbb0ff5e2ba0a,5,1517685064,bookkeeping_only
CSI-CHAIN-LOCAL-01,full-71a5854-20260925T115726Z-geth,full,L1-geth,Geth/v1.16.9-stable-95665d57/linux-arm64/go1.24.13,osaka,1337,bridge,bridge-groth16-d11,groth16,11,15,4,add_root,tx,,,,A0,manager,CredentialManager,0xe7f1725E7734CE288F8367e1Bb143E90bb3F0512,3,300000,1,1,,,,,1,51326,36,1,141,564,22410,0,21564,29762,0,,,,,,d02fee54c295d1b5cc2948d9c79837ece40c0013835e3b9bb349e94ae744e758,0xd446ce3395ba412e867668b603c355b39a9d0289bf94f0286a795f4dff71f823,6,1453078853,bookkeeping_only
CSI-CHAIN-LOCAL-01,full-71a5854-20260925T115726Z-geth,full,L1-geth,Geth/v1.16.9-stable-95665d57/linux-arm64/go1.24.13,osaka,1337,bridge,bridge-groth16-d11,groth16,11,15,5,precheck_call,call,G16-d11-p0,0,128,A0,manager,CredentialManager,0xe7f1725E7734CE288F8367e1Bb143E90bb3F0512,,,call,call,,,true,true,1,,292,2,1162,,,,,,,,,,,,ca9621b912a5f11cbb8dd875c48c9971287be9dbbe4454fcd36230ca7d465efc,,,,bookkeeping_only
CSI-CHAIN-LOCAL-01,full-71a5854-20260925T115726Z-geth,full,L1-geth,Geth/v1.16.9-stable-95665d57/linux-arm64/go1.24.13,osaka,1337,bridge,bridge-groth16-d11,groth16,11,15,6,verify_credential,tx,G16-d11-p0,0,128,A0,manager,CredentialManager,0xe7f1725E7734CE288F8367e1Bb143E90bb3F0512,4,1000000,1,1,,,,,1,239229,292,2,1162,4648,32620,0,25648,213581,0,,,,,,ca9621b912a5f11cbb8dd875c48c9971287be9dbbe4454fcd36230ca7d465efc,0xa12fb956bf6fe0512f1d6cd60e67787f0c05986d8bce988f3268bb95e38bbbc1,7,1396540892,bookkeeping_only
CSI-CHAIN-LOCAL-01,full-71a5854-20260925T115726Z-geth,full,L1-geth,Geth/v1.16.9-stable-95665d57/linux-arm64/go1.24.13,osaka,1337,bridge,bridge-groth16-d11,groth16,11,15,7,verify_credential,tx,G16-d11-p1,1,384,A0,manager,CredentialManager,0xe7f1725E7734CE288F8367e1Bb143E90bb3F0512,5,1000000,1,1,,,,,1,239241,292,1,1165,4660,32650,0,25660,213581,0,,,,,,639c80471b559309e712f4c4ac80bdbc80d6df2460bd4c3bf55546677a3942c6,0x723d9fcab20516ec9d27d4825c060cb033fead4920f05672dc4e667697ebc32b,8,1347368548,bookkeeping_only
CSI-CHAIN-LOCAL-01,full-71a5854-20260925T115726Z-geth,full,L1-geth,Geth/v1.16.9-stable-95665d57/linux-arm64/go1.24.13,osaka,1337,bridge,bridge-groth16-d11,groth16,11,15,8,verify_credential,tx,G16-d11-p2,2,640,A0,manager,CredentialManager,0xe7f1725E7734CE288F8367e1Bb143E90bb3F0512,6,1000000,1,1,,,,,1,239241,292,1,1165,4660,32650,0,25660,213581,0,,,,,,a0d019788870875208b17503c52382242ecc7ef389c425030689cc5878f2facd,0xe7bc4a3e01a7a12937a34e0e239ad9374cee4f0335de5c61f761621edf177afb,9,1304293750,bookkeeping_only
CSI-CHAIN-LOCAL-01,full-71a5854-20260925T115726Z-geth,full,L1-geth,Geth/v1.16.9-stable-95665d57/linux-arm64/go1.24.13,osaka,1337,bridge,bridge-groth16-d11,groth16,11,15,9,verify_credential,tx,G16-d11-p3,3,896,A0,manager,CredentialManager,0xe7f1725E7734CE288F8367e1Bb143E90bb3F0512,7,1000000,1,1,,,,,1,239229,292,2,1162,4648,32620,0,25648,213581,0,,,,,,44d222ad348d08cbb4c15c476f3f9e766c7b457489111eea40cf8035a9d57bfc,0x3dbd6dac825261606b20a9a5dae21dffcac176de95056bc141c7fa580dea7680,10,1266560363,bookkeeping_only
CSI-CHAIN-LOCAL-01,full-71a5854-20260925T115726Z-geth,full,L1-geth,Geth/v1.16.9-stable-95665d57/linux-arm64/go1.24.13,osaka,1337,bridge,bridge-groth16-d11,groth16,11,15,10,verify_credential,tx,G16-d11-p4,4,1152,A0,manager,CredentialManager,0xe7f1725E7734CE288F8367e1Bb143E90bb3F0512,8,1000000,1,1,,,,,1,239217,292,3,1159,4636,32590,0,25636,213581,0,,,,,,64ac10112def869faad27edcff3a1f184b4d69c408dd4ef9ba2791e00fbf2f70,0x75e63bf9a3ca331edf3afc7a70a25a356f1ae92689e88904bc693b2b0f194ecb,11,1233506022,bookkeeping_only
CSI-CHAIN-LOCAL-01,full-71a5854-20260925T115726Z-geth,full,L1-geth,Geth/v1.16.9-stable-95665d57/linux-arm64/go1.24.13,osaka,1337,bridge,bridge-groth16-d11,groth16,11,15,11,verify_credential,tx,G16-d11-p5,5,1408,A0,manager,CredentialManager,0xe7f1725E7734CE288F8367e1Bb143E90bb3F0512,9,1000000,1,1,,,,,1,239217,292,3,1159,4636,32590,0,25636,213581,0,,,,,,0848907a05b5de2619814ca98c726689da9e07fb5de876c5f73602f5aecac8d5,0x077a789036a5eb674e60057f664ba2405289378641ef278083d24c6caf7128f9,12,1204550514,bookkeeping_only
CSI-CHAIN-LOCAL-01,full-71a5854-20260925T115726Z-geth,full,L1-geth,Geth/v1.16.9-stable-95665d57/linux-arm64/go1.24.13,osaka,1337,bridge,bridge-groth16-d11,groth16,11,15,12,verify_credential,tx,G16-d11-p6,6,1664,A0,manager,CredentialManager,0xe7f1725E7734CE288F8367e1Bb143E90bb3F0512,10,1000000,1,1,,,,,1,239217,292,3,1159,4636,32590,0,25636,213581,0,,,,,,0b038845691778d5ecf554fbad7edc36d34019f4458610826c0f782c2979d705,0xe1bb3af60eb986d19c4166b575e456b535e69e5ccfa548ef5ad6d6bd89c1392d,13,1179185583,bookkeeping_only
CSI-CHAIN-LOCAL-01,full-71a5854-20260925T115726Z-geth,full,L1-geth,Geth/v1.16.9-stable-95665d57/linux-arm64/go1.24.13,osaka,1337,bridge,bridge-groth16-d11,groth16,11,15,13,verify_credential,tx,G16-d11-p7,7,1920,A0,manager,CredentialManager,0xe7f1725E7734CE288F8367e1Bb143E90bb3F0512,11,1000000,1,1,,,,,1,239241,292,1,1165,4660,32650,0,25660,213581,0,,,,,,d12dd5a363059bb0a0018565ad35b45baaed224644c5e64c88f49a6eccf031c3,0x9e9a2db03d6bbb3cc2c7721b98a1d941620eaa91edca991bb51ff343a4772b4b,14,1156965987,bookkeeping_only
CSI-CHAIN-LOCAL-01,full-71a5854-20260925T115726Z-geth,full,L1-geth,Geth/v1.16.9-stable-95665d57/linux-arm64/go1.24.13,osaka,1337,bridge,bridge-groth16-d11,groth16,11,15,14,verify_proof_call,call,G16-d11-p0,0,128,A0,verifier,Groth16LegacyVerifierDepth11,0x5FbDB2315678afecb367f032d93F642f64180aa3,,,call,call,,,true,true,1,,292,2,1162,,,,,,,,,,,,5bc6f0de4752c6450808a69e77e384f62a63422d6390520d86938db713353393,,,,bookkeeping_only
CSI-CHAIN-LOCAL-01,full-71a5854-20260925T115726Z-geth,full,L1-geth,Geth/v1.16.9-stable-95665d57/linux-arm64/go1.24.13,osaka,1337,bridge,bridge-groth16-d11,groth16,11,15,15,verify_proof_call,call,G16-d11-p1,1,384,A0,verifier,Groth16LegacyVerifierDepth11,0x5FbDB2315678afecb367f032d93F642f64180aa3,,,call,call,,,true,true,1,,292,1,1165,,,,,,,,,,,,efa885aac2e9479c43fe12f6847995b17d8af96513378cc2c1d26e9d055da7b6,,,,bookkeeping_only
CSI-CHAIN-LOCAL-01,full-71a5854-20260925T115726Z-geth,full,L1-geth,Geth/v1.16.9-stable-95665d57/linux-arm64/go1.24.13,osaka,1337,bridge,bridge-groth16-d11,groth16,11,15,16,verify_proof_call,call,G16-d11-p2,2,640,A0,verifier,Groth16LegacyVerifierDepth11,0x5FbDB2315678afecb367f032d93F642f64180aa3,,,call,call,,,true,true,1,,292,1,1165,,,,,,,,,,,,1c147d59cc572d343a1e8e2aa749baf09252f70a647b83a025998f089baf4314,,,,bookkeeping_only
CSI-CHAIN-LOCAL-01,full-71a5854-20260925T115726Z-geth,full,L1-geth,Geth/v1.16.9-stable-95665d57/linux-arm64/go1.24.13,osaka,1337,bridge,bridge-groth16-d11,groth16,11,15,17,verify_proof_call,call,G16-d11-p3,3,896,A0,verifier,Groth16LegacyVerifierDepth11,0x5FbDB2315678afecb367f032d93F642f64180aa3,,,call,call,,,true,true,1,,292,2,1162,,,,,,,,,,,,2fbdfdd45ebdc64fe7acb287054cddc5aaf6fe7ea8c957460799f49e7a023e66,,,,bookkeeping_only
CSI-CHAIN-LOCAL-01,full-71a5854-20260925T115726Z-geth,full,L1-geth,Geth/v1.16.9-stable-95665d57/linux-arm64/go1.24.13,osaka,1337,bridge,bridge-groth16-d11,groth16,11,15,18,verify_proof_call,call,G16-d11-p4,4,1152,A0,verifier,Groth16LegacyVerifierDepth11,0x5FbDB2315678afecb367f032d93F642f64180aa3,,,call,call,,,true,true,1,,292,3,1159,,,,,,,,,,,,8ee79a385961861f0584a8cc07e1ac2143ddddfb5aff9524d32bd25fa77eee7e,,,,bookkeeping_only
CSI-CHAIN-LOCAL-01,full-71a5854-20260925T115726Z-geth,full,L1-geth,Geth/v1.16.9-stable-95665d57/linux-arm64/go1.24.13,osaka,1337,bridge,bridge-groth16-d11,groth16,11,15,19,verify_proof_call,call,G16-d11-p5,5,1408,A0,verifier,Groth16LegacyVerifierDepth11,0x5FbDB2315678afecb367f032d93F642f64180aa3,,,call,call,,,true,true,1,,292,3,1159,,,,,,,,,,,,13313b6af35602ffa5ef1ea582e8157c92d0fa235c2451b2d167238a0d99b0db,,,,bookkeeping_only
CSI-CHAIN-LOCAL-01,full-71a5854-20260925T115726Z-geth,full,L1-geth,Geth/v1.16.9-stable-95665d57/linux-arm64/go1.24.13,osaka,1337,bridge,bridge-groth16-d11,groth16,11,15,20,verify_proof_call,call,G16-d11-p6,6,1664,A0,verifier,Groth16LegacyVerifierDepth11,0x5FbDB2315678afecb367f032d93F642f64180aa3,,,call,call,,,true,true,1,,292,3,1159,,,,,,,,,,,,97dcf0752aff5768c43511010524f8845e4a9b3d98d7209cb75d830bb8e5a8ec,,,,bookkeeping_only
CSI-CHAIN-LOCAL-01,full-71a5854-20260925T115726Z-geth,full,L1-geth,Geth/v1.16.9-stable-95665d57/linux-arm64/go1.24.13,osaka,1337,bridge,bridge-groth16-d11,groth16,11,15,21,verify_proof_call,call,G16-d11-p7,7,1920,A0,verifier,Groth16LegacyVerifierDepth11,0x5FbDB2315678afecb367f032d93F642f64180aa3,,,call,call,,,true,true,1,,292,1,1165,,,,,,,,,,,,72eebe6c87a27b1c9fd074143c7d39950e530a76e30b35c9a17507790d335537,,,,bookkeeping_only
CSI-CHAIN-LOCAL-01,full-71a5854-20260925T115726Z-geth,full,L1-geth,Geth/v1.16.9-stable-95665d57/linux-arm64/go1.24.13,osaka,1337,bridge,bridge-groth16-d11,groth16,11,15,22,verify_proof_direct,tx,G16-d11-p0,0,128,A0,verifier,Groth16LegacyVerifierDepth11,0x5FbDB2315678afecb367f032d93F642f64180aa3,12,1000000,1,1,,,,,1,214794,292,2,1162,4648,32620,0,25648,189146,0,,,,,,5bc6f0de4752c6450808a69e77e384f62a63422d6390520d86938db713353393,0x3a1dd5e7a8092babcff7e5932985007575fe032498cab7285c7bd1cd32fe2c58,15,1137501709,bookkeeping_only
CSI-CHAIN-LOCAL-01,full-71a5854-20260925T115726Z-geth,full,L1-geth,Geth/v1.16.9-stable-95665d57/linux-arm64/go1.24.13,osaka,1337,bridge,bridge-groth16-d11,groth16,11,15,23,verify_proof_direct,tx,G16-d11-p1,1,384,A0,verifier,Groth16LegacyVerifierDepth11,0x5FbDB2315678afecb367f032d93F642f64180aa3,13,1000000,1,1,,,,,1,214806,292,1,1165,4660,32650,0,25660,189146,0,,,,,,efa885aac2e9479c43fe12f6847995b17d8af96513378cc2c1d26e9d055da7b6,0x8071277d90085683fea47deac771f33a554bb658c5abc6b118728b03782e0031,16,1120437056,bookkeeping_only
CSI-CHAIN-LOCAL-01,full-71a5854-20260925T115726Z-geth,full,L1-geth,Geth/v1.16.9-stable-95665d57/linux-arm64/go1.24.13,osaka,1337,bridge,bridge-groth16-d11,groth16,11,15,24,verify_proof_direct,tx,G16-d11-p2,2,640,A0,verifier,Groth16LegacyVerifierDepth11,0x5FbDB2315678afecb367f032d93F642f64180aa3,14,1000000,1,1,,,,,1,214806,292,1,1165,4660,32650,0,25660,189146,0,,,,,,1c147d59cc572d343a1e8e2aa749baf09252f70a647b83a025998f089baf4314,0x2e01add6eb456302c5b73e7101b1ba4815316e91696c9c83d3b09e2478d719f1,17,1105490219,bookkeeping_only
CSI-CHAIN-LOCAL-01,full-71a5854-20260925T115726Z-geth,full,L1-geth,Geth/v1.16.9-stable-95665d57/linux-arm64/go1.24.13,osaka,1337,bridge,bridge-groth16-d11,groth16,11,15,25,verify_proof_direct,tx,G16-d11-p3,3,896,A0,verifier,Groth16LegacyVerifierDepth11,0x5FbDB2315678afecb367f032d93F642f64180aa3,15,1000000,1,1,,,,,1,214794,292,2,1162,4648,32620,0,25648,189146,0,,,,,,2fbdfdd45ebdc64fe7acb287054cddc5aaf6fe7ea8c957460799f49e7a023e66,0xa0bc32894fb3edb3ab4d9847e1a38060fc488c322dc9ba895ab9fa96dded8af4,18,1092398359,bookkeeping_only
CSI-CHAIN-LOCAL-01,full-71a5854-20260925T115726Z-geth,full,L1-geth,Geth/v1.16.9-stable-95665d57/linux-arm64/go1.24.13,osaka,1337,bridge,bridge-groth16-d11,groth16,11,15,26,verify_proof_direct,tx,G16-d11-p4,4,1152,A0,verifier,Groth16LegacyVerifierDepth11,0x5FbDB2315678afecb367f032d93F642f64180aa3,16,1000000,1,1,,,,,1,214782,292,3,1159,4636,32590,0,25636,189146,0,,,,,,8ee79a385961861f0584a8cc07e1ac2143ddddfb5aff9524d32bd25fa77eee7e,0x8ec76c477b655d01126e0fb8f871ecb650480b18f9474205c218541a5631b24a,19,1080931259,bookkeeping_only
CSI-CHAIN-LOCAL-01,full-71a5854-20260925T115726Z-geth,full,L1-geth,Geth/v1.16.9-stable-95665d57/linux-arm64/go1.24.13,osaka,1337,bridge,bridge-groth16-d11,groth16,11,15,27,verify_proof_direct,tx,G16-d11-p5,5,1408,A0,verifier,Groth16LegacyVerifierDepth11,0x5FbDB2315678afecb367f032d93F642f64180aa3,17,1000000,1,1,,,,,1,214782,292,3,1159,4636,32590,0,25636,189146,0,,,,,,13313b6af35602ffa5ef1ea582e8157c92d0fa235c2451b2d167238a0d99b0db,0xc8db88170fb4f9527ed8da0e7dcbe0647a4a440aae91e7274ff6e508f70829a7,20,1070887280,bookkeeping_only
CSI-CHAIN-LOCAL-01,full-71a5854-20260925T115726Z-geth,full,L1-geth,Geth/v1.16.9-stable-95665d57/linux-arm64/go1.24.13,osaka,1337,bridge,bridge-groth16-d11,groth16,11,15,28,verify_proof_direct,tx,G16-d11-p6,6,1664,A0,verifier,Groth16LegacyVerifierDepth11,0x5FbDB2315678afecb367f032d93F642f64180aa3,18,1000000,1,1,,,,,1,214782,292,3,1159,4636,32590,0,25636,189146,0,,,,,,97dcf0752aff5768c43511010524f8845e4a9b3d98d7209cb75d830bb8e5a8ec,0x4e56009aee2051ff9268caa7eefa3142105d49857e4b446cc9a245730203a184,21,1062089809,bookkeeping_only
CSI-CHAIN-LOCAL-01,full-71a5854-20260925T115726Z-geth,full,L1-geth,Geth/v1.16.9-stable-95665d57/linux-arm64/go1.24.13,osaka,1337,bridge,bridge-groth16-d11,groth16,11,15,29,verify_proof_direct,tx,G16-d11-p7,7,1920,A0,verifier,Groth16LegacyVerifierDepth11,0x5FbDB2315678afecb367f032d93F642f64180aa3,19,1000000,1,1,,,,,1,214806,292,1,1165,4660,32650,0,25660,189146,0,,,,,,72eebe6c87a27b1c9fd074143c7d39950e530a76e30b35c9a17507790d335537,0xfe86d5fb559d2b36fe47b731687216492145c858d4a2f1316ec19e18afba19b0,22,1054384149,bookkeeping_only
CSI-CHAIN-LOCAL-01,full-71a5854-20260925T115726Z-geth,full,L1-geth,Geth/v1.16.9-stable-95665d57/linux-arm64/go1.24.13,osaka,1337,bridge,bridge-groth16-d11,groth16,11,15,30,neg_unknown_root,tx,G16-d15-p0,0,2048,A0,manager,CredentialManager,0xe7f1725E7734CE288F8367e1Bb143E90bb3F0512,20,3000000,0,0,Invalid root,Invalid root,,,1,37630,292,0,1168,4672,32680,0,25672,11958,0,,,,,,1ce3baf053b44ac9c96d03a3ffb948677aa627e3073963fb9a5209d034620599,0x8a199d9d25c13b48cc7c3371a92a930aece0aa22e04491e0df60ed4e4652ac86,23,1047634806,bookkeeping_only
CSI-CHAIN-LOCAL-01,full-71a5854-20260925T115726Z-geth,full,L1-geth,Geth/v1.16.9-stable-95665d57/linux-arm64/go1.24.13,osaka,1337,bridge,bridge-groth16-d11,groth16,11,15,31,neg_tampered_call,call,G16-d11-p0,0,128,A0,verifier,Groth16LegacyVerifierDepth11,0x5FbDB2315678afecb367f032d93F642f64180aa3,,,call,call,,,false,false,1,,292,2,1162,,,,,,,,,,,,978167ce868bdde21a4e446ff192d661cfbe5e9a94cf2ab3bb651c1803218a1e,,,,bookkeeping_only
CSI-CHAIN-LOCAL-01,full-71a5854-20260925T115726Z-geth,full,L1-geth,Geth/v1.16.9-stable-95665d57/linux-arm64/go1.24.13,osaka,1337,bridge,bridge-groth16-d11,groth16,11,15,32,neg_tampered,tx,G16-d11-p0,0,128,A0,manager,CredentialManager,0xe7f1725E7734CE288F8367e1Bb143E90bb3F0512,21,3000000,0,0,Invalid proof,Invalid proof,,,1,2910308,292,2,1162,4648,32620,0,25648,2884660,0,,,,,,4600ea442b9dade6481bb2b6be2cf2ffc3335fa332050a02a4626b27822cfb63,0x8961726cfd9d3a5c00464a437d1df0693e5a6dc0379ac159ca4a61410a29370f,24,1041687924,bookkeeping_only
CSI-CHAIN-LOCAL-01,full-71a5854-20260925T115726Z-geth,full,L1-geth,Geth/v1.16.9-stable-95665d57/linux-arm64/go1.24.13,osaka,1337,bridge,bridge-groth16-d11,groth16,11,15,33,neg_cross_depth_setup,tx,G16-d15-p0,0,2048,A0,manager,CredentialManager,0xe7f1725E7734CE288F8367e1Bb143E90bb3F0512,22,300000,1,1,,,,,1,51338,36,0,144,576,22440,0,21576,29762,0,,,,,,f2931f0aaf26f5d51c33dadce13833370940a08948160921859c7fe776ca5aa8,0x6e1f35f874cf52d8ea1b077aca8886c9b28e9f8885a88686db2d03da5efd5306,25,1036982454,bookkeeping_only
CSI-CHAIN-LOCAL-01,full-71a5854-20260925T115726Z-geth,full,L1-geth,Geth/v1.16.9-stable-95665d57/linux-arm64/go1.24.13,osaka,1337,bridge,bridge-groth16-d11,groth16,11,15,34,neg_cross_depth_call,call,G16-d15-p0,0,2048,A0,verifier,Groth16LegacyVerifierDepth11,0x5FbDB2315678afecb367f032d93F642f64180aa3,,,call,call,,,false,false,1,,292,0,1168,,,,,,,,,,,,c1fa14b5797405497200d6957b5158faa30002873d39b43b4fd1ea982ca39ae2,,,,bookkeeping_only
CSI-CHAIN-LOCAL-01,full-71a5854-20260925T115726Z-geth,full,L1-geth,Geth/v1.16.9-stable-95665d57/linux-arm64/go1.24.13,osaka,1337,bridge,bridge-groth16-d11,groth16,11,15,35,neg_cross_depth,tx,G16-d15-p0,0,2048,A0,manager,CredentialManager,0xe7f1725E7734CE288F8367e1Bb143E90bb3F0512,23,3000000,0,0,Invalid proof,Invalid proof,,,1,238106,292,0,1168,4672,32680,0,25672,212434,0,,,,,,1ce3baf053b44ac9c96d03a3ffb948677aa627e3073963fb9a5209d034620599,0x9a0d2cd4b2e2d8d3b87b76ee544592dd391eacb94cc4ab85fcc4214acb776e0b,26,1032367559,bookkeeping_only
CSI-CHAIN-LOCAL-01,full-71a5854-20260925T115726Z-geth,full,L1-geth,Geth/v1.16.9-stable-95665d57/linux-arm64/go1.24.13,osaka,1337,bridge,bridge-groth16-d11,groth16,11,15,36,neg_non_issuer,tx,G16-d11-p0,0,128,A1,manager,CredentialManager,0xe7f1725E7734CE288F8367e1Bb143E90bb3F0512,0,300000,0,0,CredentialManager: not issuer,CredentialManager: not issuer,,,1,24630,36,1,141,564,22410,0,21564,3066,0,,,,,,d02fee54c295d1b5cc2948d9c79837ece40c0013835e3b9bb349e94ae744e758,0x71b76560e2dbd34abd72711d3c56ae1cab54d9bc1cae78badc127c9156b1e584,27,1028353727,bookkeeping_only
