campaign_id,run_id,plan,env,client_version,hardfork,chain_id,profile,cell_id,backend,depth,partner_depth,op_seq,op,kind,proof_id,proof_j,leaf_index,from_account,to_contract,contract_name,contract_address,nonce,gas_limit,expected_status,status,expected_revert,revert_reason,expected_return,return_value,check_pass,gas_used,calldata_bytes,calldata_zero_bytes,calldata_tokens,calldata_gas_standard,floor_gas_7623,create_gas,intrinsic_gas,exec_gas_derived,floor_binding,code_deposit_gas,initcode_bytes,runtime_bytes,runtime_keccak,runtime_matches_artifact,calldata_sha256,tx_hash,block_number,gas_price_wei,gas_price_semantics
CSI-CHAIN-LOCAL-01,full-71a5854-20260925T115726Z-edr-a,full,L1-EDR,HardhatNetwork/2.29.1/@nomicfoundation/edr/0.3.8,osaka,31337,primary,primary-groth16-d5,groth16,5,10,1,deploy_verifier,tx,,,,A0,,Groth16LegacyVerifierDepth5,0x5FbDB2315678afecb367f032d93F642f64180aa3,0,6000000,1,1,,,,,1,350084,1406,51,5471,21884,75710,32088,74972,275112,0,274800,1406,1374,0xd2265cf2fd416385d635f7e4516dc0426e34ab18c61d5bbfdd683902ab2760f7,1,5331d44244ef7c248c6fc11ad547f11a24bf93877a601995cfc1f6562e8998fd,0x9a2177d4b15da457dafc58d27012ae1d0536a895e1a5751d8f6a183f714b8ce2,1,0,bookkeeping_only
CSI-CHAIN-LOCAL-01,full-71a5854-20260925T115726Z-edr-a,full,L1-EDR,HardhatNetwork/2.29.1/@nomicfoundation/edr/0.3.8,osaka,31337,primary,primary-groth16-d5,groth16,5,10,2,deploy_manager,tx,,,,A0,,CredentialManagerGroth16,0xe7f1725E7734CE288F8367e1Bb143E90bb3F0512,1,6000000,1,1,,,,,1,565248,2410,84,9388,37552,114880,32152,90704,474544,0,428000,2410,2140,0x3fa88dab92b4daae5449537045ac5d6e143ea11f41fcdff2d37adb5523454ace,1,19ee042dbe867a3c02cb22e3913366b1c44d39bcad3099526989912ebfacd00a,0xac195ca20f3b45c28bba2ce309ed38acf4e7ddddbdced61cb4343e6a4c4a3970,2,0,bookkeeping_only
CSI-CHAIN-LOCAL-01,full-71a5854-20260925T115726Z-edr-a,full,L1-EDR,HardhatNetwork/2.29.1/@nomicfoundation/edr/0.3.8,osaka,31337,primary,primary-groth16-d5,groth16,5,10,3,set_issuer,tx,,,,A0,manager,CredentialManagerGroth16,0xe7f1725E7734CE288F8367e1Bb143E90bb3F0512,2,300000,1,1,,,,,1,47900,68,43,143,572,22430,0,21572,26328,0,,,,,,727fd06686258f939093f54b4f3c375b0f3052da4ba7867e73d6f93a90702a06,0xcde6d7bbbf9472da7ac2a0339705e4e7204cb790bd18af10b95107cde2a5cd23,3,0,bookkeeping_only
CSI-CHAIN-LOCAL-01,full-71a5854-20260925T115726Z-edr-a,full,L1-EDR,HardhatNetwork/2.29.1/@nomicfoundation/edr/0.3.8,osaka,31337,primary,primary-groth16-d5,groth16,5,10,4,add_root,tx,,,,A0,manager,CredentialManagerGroth16,0xe7f1725E7734CE288F8367e1Bb143E90bb3F0512,3,300000,1,1,,,,,1,47334,36,1,141,564,22410,0,21564,25770,0,,,,,,b91c4cff980f8874fb8d0fca3dd2b3046defc125bb26b20f9f41f40dec3d44ad,0xc89eb269b0325976d4a136bed22b6ea4e8d9588b951d7a5cf2df6daf48bd849a,4,0,bookkeeping_only
CSI-CHAIN-LOCAL-01,full-71a5854-20260925T115726Z-edr-a,full,L1-EDR,HardhatNetwork/2.29.1/@nomicfoundation/edr/0.3.8,osaka,31337,primary,primary-groth16-d5,groth16,5,10,5,precheck_call,call,G16-d5-p0,0,2,A0,manager,CredentialManagerGroth16,0xe7f1725E7734CE288F8367e1Bb143E90bb3F0512,,,call,call,,,true,true,1,,292,1,1165,,,,,,,,,,,,5837cb8f85853d1b4c5630e24fd145aeeb696d2dcc92dcf8c0220201ca5ef8a8,,,,bookkeeping_only
CSI-CHAIN-LOCAL-01,full-71a5854-20260925T115726Z-edr-a,full,L1-EDR,HardhatNetwork/2.29.1/@nomicfoundation/edr/0.3.8,osaka,31337,primary,primary-groth16-d5,groth16,5,10,6,verify_credential,tx,G16-d5-p0,0,2,A0,manager,CredentialManagerGroth16,0xe7f1725E7734CE288F8367e1Bb143E90bb3F0512,4,1000000,1,1,,,,,1,223958,292,1,1165,4660,32650,0,25660,198298,0,,,,,,5837cb8f85853d1b4c5630e24fd145aeeb696d2dcc92dcf8c0220201ca5ef8a8,0x902ae8544766a39f1549c02d325ea7e0aa35a85a08cb90f853f3c81c942959a4,5,0,bookkeeping_only
CSI-CHAIN-LOCAL-01,full-71a5854-20260925T115726Z-edr-a,full,L1-EDR,HardhatNetwork/2.29.1/@nomicfoundation/edr/0.3.8,osaka,31337,primary,primary-groth16-d5,groth16,5,10,7,verify_credential,tx,G16-d5-p1,1,6,A0,manager,CredentialManagerGroth16,0xe7f1725E7734CE288F8367e1Bb143E90bb3F0512,5,1000000,1,1,,,,,1,223946,292,2,1162,4648,32620,0,25648,198298,0,,,,,,77081f141b0a9545515f5634b68ce1c62baf696b804c1dca43a47a4c1315c347,0xd6bf896803cec79958ecec6173d9d509e871a0ace98afd901fae3457c12f2429,6,0,bookkeeping_only
CSI-CHAIN-LOCAL-01,full-71a5854-20260925T115726Z-edr-a,full,L1-EDR,HardhatNetwork/2.29.1/@nomicfoundation/edr/0.3.8,osaka,31337,primary,primary-groth16-d5,groth16,5,10,8,verify_credential,tx,G16-d5-p2,2,10,A0,manager,CredentialManagerGroth16,0xe7f1725E7734CE288F8367e1Bb143E90bb3F0512,6,1000000,1,1,,,,,1,223958,292,1,1165,4660,32650,0,25660,198298,0,,,,,,0eb8507a498849ef0b107b12dc37664043f43ccb264665284d857cbd6e9a9447,0x032a6be352e7bf877ae428345571be9167a5bef0179986ac008ffde39beff975,7,0,bookkeeping_only
CSI-CHAIN-LOCAL-01,full-71a5854-20260925T115726Z-edr-a,full,L1-EDR,HardhatNetwork/2.29.1/@nomicfoundation/edr/0.3.8,osaka,31337,primary,primary-groth16-d5,groth16,5,10,9,verify_credential,tx,G16-d5-p3,3,14,A0,manager,CredentialManagerGroth16,0xe7f1725E7734CE288F8367e1Bb143E90bb3F0512,7,1000000,1,1,,,,,1,223958,292,1,1165,4660,32650,0,25660,198298,0,,,,,,9989e21fd9b136f60c79b292cec0791d6024260adc3bfd6e58f367783c9579d6,0x8edecf02aaabe19c03311076cc4a7c702e189d89eb863d5e4d630301b3c07111,8,0,bookkeeping_only
CSI-CHAIN-LOCAL-01,full-71a5854-20260925T115726Z-edr-a,full,L1-EDR,HardhatNetwork/2.29.1/@nomicfoundation/edr/0.3.8,osaka,31337,primary,primary-groth16-d5,groth16,5,10,10,verify_credential,tx,G16-d5-p4,4,18,A0,manager,CredentialManagerGroth16,0xe7f1725E7734CE288F8367e1Bb143E90bb3F0512,8,1000000,1,1,,,,,1,223946,292,2,1162,4648,32620,0,25648,198298,0,,,,,,126cc5e35860522ddfe1ae9d3b0c5e9255612d37d259f6403d9aa1179529885e,0x3e534bf00ccf3e26f6233afb524f62164199b76dedb8ac30001f3fe1b7f759d9,9,0,bookkeeping_only
CSI-CHAIN-LOCAL-01,full-71a5854-20260925T115726Z-edr-a,full,L1-EDR,HardhatNetwork/2.29.1/@nomicfoundation/edr/0.3.8,osaka,31337,primary,primary-groth16-d5,groth16,5,10,11,verify_credential,tx,G16-d5-p5,5,22,A0,manager,CredentialManagerGroth16,0xe7f1725E7734CE288F8367e1Bb143E90bb3F0512,9,1000000,1,1,,,,,1,223958,292,1,1165,4660,32650,0,25660,198298,0,,,,,,ee37913f96e71bf93249ef1fa07b7424ce69eb921427126963d720ec2bff5e42,0xa22adc38252c48fcfab529a66d41996672f5c49a07051c7ca80f6f0d359623d9,10,0,bookkeeping_only
CSI-CHAIN-LOCAL-01,full-71a5854-20260925T115726Z-edr-a,full,L1-EDR,HardhatNetwork/2.29.1/@nomicfoundation/edr/0.3.8,osaka,31337,primary,primary-groth16-d5,groth16,5,10,12,verify_credential,tx,G16-d5-p6,6,26,A0,manager,CredentialManagerGroth16,0xe7f1725E7734CE288F8367e1Bb143E90bb3F0512,10,1000000,1,1,,,,,1,223946,292,2,1162,4648,32620,0,25648,198298,0,,,,,,043f856bdbe25ea270d02aa67d222e3005979fc789670f602334c12da69262c0,0x866ad5984af37933bba9dbcdb2d826df0239c5807586f3c11b131dba682386e5,11,0,bookkeeping_only
CSI-CHAIN-LOCAL-01,full-71a5854-20260925T115726Z-edr-a,full,L1-EDR,HardhatNetwork/2.29.1/@nomicfoundation/edr/0.3.8,osaka,31337,primary,primary-groth16-d5,groth16,5,10,13,verify_credential,tx,G16-d5-p7,7,30,A0,manager,CredentialManagerGroth16,0xe7f1725E7734CE288F8367e1Bb143E90bb3F0512,11,1000000,1,1,,,,,1,223934,292,3,1159,4636,32590,0,25636,198298,0,,,,,,72a370fd6c6e8ea0a64309d7537b70ba5dc4f3d3948713988b7c144211a78be9,0xb1df20f926a420eb78bb144f98b5f7464485eaf5f43e42da0b9368053ce1273b,12,0,bookkeeping_only
CSI-CHAIN-LOCAL-01,full-71a5854-20260925T115726Z-edr-a,full,L1-EDR,HardhatNetwork/2.29.1/@nomicfoundation/edr/0.3.8,osaka,31337,primary,primary-groth16-d5,groth16,5,10,14,verify_proof_call,call,G16-d5-p0,0,2,A0,verifier,Groth16LegacyVerifierDepth5,0x5FbDB2315678afecb367f032d93F642f64180aa3,,,call,call,,,true,true,1,,292,1,1165,,,,,,,,,,,,38f356f938ae3972d0d16abf8b3d053f411f73f5e13f61d42c5093a3e09bf3e3,,,,bookkeeping_only
CSI-CHAIN-LOCAL-01,full-71a5854-20260925T115726Z-edr-a,full,L1-EDR,HardhatNetwork/2.29.1/@nomicfoundation/edr/0.3.8,osaka,31337,primary,primary-groth16-d5,groth16,5,10,15,verify_proof_call,call,G16-d5-p1,1,6,A0,verifier,Groth16LegacyVerifierDepth5,0x5FbDB2315678afecb367f032d93F642f64180aa3,,,call,call,,,true,true,1,,292,2,1162,,,,,,,,,,,,a370a18d9c39377115545ba9af7615da222dc733a39c1b2c32fb2b9c4b33086f,,,,bookkeeping_only
CSI-CHAIN-LOCAL-01,full-71a5854-20260925T115726Z-edr-a,full,L1-EDR,HardhatNetwork/2.29.1/@nomicfoundation/edr/0.3.8,osaka,31337,primary,primary-groth16-d5,groth16,5,10,16,verify_proof_call,call,G16-d5-p2,2,10,A0,verifier,Groth16LegacyVerifierDepth5,0x5FbDB2315678afecb367f032d93F642f64180aa3,,,call,call,,,true,true,1,,292,1,1165,,,,,,,,,,,,0d2d7d3aa3af7b66c607f41e3d721b8b42df5a3c86cee0d579ed2b26d5fed439,,,,bookkeeping_only
CSI-CHAIN-LOCAL-01,full-71a5854-20260925T115726Z-edr-a,full,L1-EDR,HardhatNetwork/2.29.1/@nomicfoundation/edr/0.3.8,osaka,31337,primary,primary-groth16-d5,groth16,5,10,17,verify_proof_call,call,G16-d5-p3,3,14,A0,verifier,Groth16LegacyVerifierDepth5,0x5FbDB2315678afecb367f032d93F642f64180aa3,,,call,call,,,true,true,1,,292,1,1165,,,,,,,,,,,,0d788cabedc8faadf7f6192d7b7e3442591799b8d0f61f669d8e7044ff55b0d9,,,,bookkeeping_only
CSI-CHAIN-LOCAL-01,full-71a5854-20260925T115726Z-edr-a,full,L1-EDR,HardhatNetwork/2.29.1/@nomicfoundation/edr/0.3.8,osaka,31337,primary,primary-groth16-d5,groth16,5,10,18,verify_proof_call,call,G16-d5-p4,4,18,A0,verifier,Groth16LegacyVerifierDepth5,0x5FbDB2315678afecb367f032d93F642f64180aa3,,,call,call,,,true,true,1,,292,2,1162,,,,,,,,,,,,8591dd32989bc600ebb0687f8686fdfb4796e90641751cf75de255ad63d285cb,,,,bookkeeping_only
CSI-CHAIN-LOCAL-01,full-71a5854-20260925T115726Z-edr-a,full,L1-EDR,HardhatNetwork/2.29.1/@nomicfoundation/edr/0.3.8,osaka,31337,primary,primary-groth16-d5,groth16,5,10,19,verify_proof_call,call,G16-d5-p5,5,22,A0,verifier,Groth16LegacyVerifierDepth5,0x5FbDB2315678afecb367f032d93F642f64180aa3,,,call,call,,,true,true,1,,292,1,1165,,,,,,,,,,,,dde6e93a83ef8d8c28aaca9695ecffbc6f440d9d59cb4af669fcab2919339b70,,,,bookkeeping_only
CSI-CHAIN-LOCAL-01,full-71a5854-20260925T115726Z-edr-a,full,L1-EDR,HardhatNetwork/2.29.1/@nomicfoundation/edr/0.3.8,osaka,31337,primary,primary-groth16-d5,groth16,5,10,20,verify_proof_call,call,G16-d5-p6,6,26,A0,verifier,Groth16LegacyVerifierDepth5,0x5FbDB2315678afecb367f032d93F642f64180aa3,,,call,call,,,true,true,1,,292,2,1162,,,,,,,,,,,,134926e4c635b7604bf798d424277df349d6073939e82a9a7aef5eb94f449937,,,,bookkeeping_only
CSI-CHAIN-LOCAL-01,full-71a5854-20260925T115726Z-edr-a,full,L1-EDR,HardhatNetwork/2.29.1/@nomicfoundation/edr/0.3.8,osaka,31337,primary,primary-groth16-d5,groth16,5,10,21,verify_proof_call,call,G16-d5-p7,7,30,A0,verifier,Groth16LegacyVerifierDepth5,0x5FbDB2315678afecb367f032d93F642f64180aa3,,,call,call,,,true,true,1,,292,3,1159,,,,,,,,,,,,024d66f792d9241cd6ae6f266bc9afd2d46efc8121690d56662f47852300733d,,,,bookkeeping_only
CSI-CHAIN-LOCAL-01,full-71a5854-20260925T115726Z-edr-a,full,L1-EDR,HardhatNetwork/2.29.1/@nomicfoundation/edr/0.3.8,osaka,31337,primary,primary-groth16-d5,groth16,5,10,22,verify_proof_direct,tx,G16-d5-p0,0,2,A0,verifier,Groth16LegacyVerifierDepth5,0x5FbDB2315678afecb367f032d93F642f64180aa3,12,1000000,1,1,,,,,1,214597,292,1,1165,4660,32650,0,25660,188937,0,,,,,,38f356f938ae3972d0d16abf8b3d053f411f73f5e13f61d42c5093a3e09bf3e3,0x0272f1145059742b72007591e67a9619e607008afb026a9c4cc08f01257161bf,13,0,bookkeeping_only
CSI-CHAIN-LOCAL-01,full-71a5854-20260925T115726Z-edr-a,full,L1-EDR,HardhatNetwork/2.29.1/@nomicfoundation/edr/0.3.8,osaka,31337,primary,primary-groth16-d5,groth16,5,10,23,verify_proof_direct,tx,G16-d5-p1,1,6,A0,verifier,Groth16LegacyVerifierDepth5,0x5FbDB2315678afecb367f032d93F642f64180aa3,13,1000000,1,1,,,,,1,214585,292,2,1162,4648,32620,0,25648,188937,0,,,,,,a370a18d9c39377115545ba9af7615da222dc733a39c1b2c32fb2b9c4b33086f,0x1a9fa07b30b0b8c6241e36b01565c3d523d75d74a8eb15e35bf2530728083e79,14,0,bookkeeping_only
CSI-CHAIN-LOCAL-01,full-71a5854-20260925T115726Z-edr-a,full,L1-EDR,HardhatNetwork/2.29.1/@nomicfoundation/edr/0.3.8,osaka,31337,primary,primary-groth16-d5,groth16,5,10,24,verify_proof_direct,tx,G16-d5-p2,2,10,A0,verifier,Groth16LegacyVerifierDepth5,0x5FbDB2315678afecb367f032d93F642f64180aa3,14,1000000,1,1,,,,,1,214597,292,1,1165,4660,32650,0,25660,188937,0,,,,,,0d2d7d3aa3af7b66c607f41e3d721b8b42df5a3c86cee0d579ed2b26d5fed439,0x56693e699e3328ee830addc544cd8016a65ad8d303ef0454da6c3e51d3c22b13,15,0,bookkeeping_only
CSI-CHAIN-LOCAL-01,full-71a5854-20260925T115726Z-edr-a,full,L1-EDR,HardhatNetwork/2.29.1/@nomicfoundation/edr/0.3.8,osaka,31337,primary,primary-groth16-d5,groth16,5,10,25,verify_proof_direct,tx,G16-d5-p3,3,14,A0,verifier,Groth16LegacyVerifierDepth5,0x5FbDB2315678afecb367f032d93F642f64180aa3,15,1000000,1,1,,,,,1,214597,292,1,1165,4660,32650,0,25660,188937,0,,,,,,0d788cabedc8faadf7f6192d7b7e3442591799b8d0f61f669d8e7044ff55b0d9,0xd02bd0b5dc6d17c3b58592cd47ccc128c99e6c7e5e10d5c507e2ebe26a02c6b3,16,0,bookkeeping_only
CSI-CHAIN-LOCAL-01,full-71a5854-20260925T115726Z-edr-a,full,L1-EDR,HardhatNetwork/2.29.1/@nomicfoundation/edr/0.3.8,osaka,31337,primary,primary-groth16-d5,groth16,5,10,26,verify_proof_direct,tx,G16-d5-p4,4,18,A0,verifier,Groth16LegacyVerifierDepth5,0x5FbDB2315678afecb367f032d93F642f64180aa3,16,1000000,1,1,,,,,1,214585,292,2,1162,4648,32620,0,25648,188937,0,,,,,,8591dd32989bc600ebb0687f8686fdfb4796e90641751cf75de255ad63d285cb,0xd2816f589116aff0bc0fed96c1cf7256920cb067960c50974a3c09dc68e54c8c,17,0,bookkeeping_only
CSI-CHAIN-LOCAL-01,full-71a5854-20260925T115726Z-edr-a,full,L1-EDR,HardhatNetwork/2.29.1/@nomicfoundation/edr/0.3.8,osaka,31337,primary,primary-groth16-d5,groth16,5,10,27,verify_proof_direct,tx,G16-d5-p5,5,22,A0,verifier,Groth16LegacyVerifierDepth5,0x5FbDB2315678afecb367f032d93F642f64180aa3,17,1000000,1,1,,,,,1,214597,292,1,1165,4660,32650,0,25660,188937,0,,,,,,dde6e93a83ef8d8c28aaca9695ecffbc6f440d9d59cb4af669fcab2919339b70,0x0acda28faea7e969da2833ecbff476b02fa0f6b7ac68a8cd9398c1df1579a877,18,0,bookkeeping_only
CSI-CHAIN-LOCAL-01,full-71a5854-20260925T115726Z-edr-a,full,L1-EDR,HardhatNetwork/2.29.1/@nomicfoundation/edr/0.3.8,osaka,31337,primary,primary-groth16-d5,groth16,5,10,28,verify_proof_direct,tx,G16-d5-p6,6,26,A0,verifier,Groth16LegacyVerifierDepth5,0x5FbDB2315678afecb367f032d93F642f64180aa3,18,1000000,1,1,,,,,1,214585,292,2,1162,4648,32620,0,25648,188937,0,,,,,,134926e4c635b7604bf798d424277df349d6073939e82a9a7aef5eb94f449937,0x435253970c42f00c936a0326f2d9107f2ec5ae3e9dff71b3fd69df07bda03605,19,0,bookkeeping_only
CSI-CHAIN-LOCAL-01,full-71a5854-20260925T115726Z-edr-a,full,L1-EDR,HardhatNetwork/2.29.1/@nomicfoundation/edr/0.3.8,osaka,31337,primary,primary-groth16-d5,groth16,5,10,29,verify_proof_direct,tx,G16-d5-p7,7,30,A0,verifier,Groth16LegacyVerifierDepth5,0x5FbDB2315678afecb367f032d93F642f64180aa3,19,1000000,1,1,,,,,1,214573,292,3,1159,4636,32590,0,25636,188937,0,,,,,,024d66f792d9241cd6ae6f266bc9afd2d46efc8121690d56662f47852300733d,0xcd721ebbc93637507f39617f6f03f9b3fa050d0306b1e13ab5d7a5986e0f8498,20,0,bookkeeping_only
CSI-CHAIN-LOCAL-01,full-71a5854-20260925T115726Z-edr-a,full,L1-EDR,HardhatNetwork/2.29.1/@nomicfoundation/edr/0.3.8,osaka,31337,primary,primary-groth16-d5,groth16,5,10,30,neg_unknown_root,tx,G16-d10-p0,0,64,A0,manager,CredentialManagerGroth16,0xe7f1725E7734CE288F8367e1Bb143E90bb3F0512,20,3000000,0,0,Invalid root,Invalid root,,,1,32590,292,3,1159,4636,32590,0,25636,6954,1,,,,,,9730c9450f195fc730e64f4d7205cbf45b26ff9f17580d9d401e13400ba0e3aa,0xed567969ab1612bc3dc93871c00de6c6cfaab8e84f39c6c055703eb3aab4fa99,21,0,bookkeeping_only
CSI-CHAIN-LOCAL-01,full-71a5854-20260925T115726Z-edr-a,full,L1-EDR,HardhatNetwork/2.29.1/@nomicfoundation/edr/0.3.8,osaka,31337,primary,primary-groth16-d5,groth16,5,10,31,neg_tampered_call,call,G16-d5-p0,0,2,A0,verifier,Groth16LegacyVerifierDepth5,0x5FbDB2315678afecb367f032d93F642f64180aa3,,,call,call,,,false,false,1,,292,1,1165,,,,,,,,,,,,5169eaca91f388b9c453d6920bfc9ce86df4f28ac6f0c930b136dab1d05064cc,,,,bookkeeping_only
CSI-CHAIN-LOCAL-01,full-71a5854-20260925T115726Z-edr-a,full,L1-EDR,HardhatNetwork/2.29.1/@nomicfoundation/edr/0.3.8,osaka,31337,primary,primary-groth16-d5,groth16,5,10,32,neg_tampered,tx,G16-d5-p0,0,2,A0,manager,CredentialManagerGroth16,0xe7f1725E7734CE288F8367e1Bb143E90bb3F0512,21,3000000,0,0,Invalid proof,Invalid proof,,,1,2908558,292,1,1165,4660,32650,0,25660,2882898,0,,,,,,3706b086d0a5ec6b62119ecca236a168e121207ecd0d35c0be12cc6ee34c92c1,0xd994a6009408620f575a9488af9829fb0025dc0a3e641a3341b4b7b7b65a2f9c,22,0,bookkeeping_only
CSI-CHAIN-LOCAL-01,full-71a5854-20260925T115726Z-edr-a,full,L1-EDR,HardhatNetwork/2.29.1/@nomicfoundation/edr/0.3.8,osaka,31337,primary,primary-groth16-d5,groth16,5,10,33,neg_cross_depth_setup,tx,G16-d10-p0,0,64,A0,manager,CredentialManagerGroth16,0xe7f1725E7734CE288F8367e1Bb143E90bb3F0512,22,300000,1,1,,,,,1,47346,36,0,144,576,22440,0,21576,25770,0,,,,,,c70e0fc0dcce1b144b1b3352307a21f93a93f2fce4e70bc9dec9627a6e721205,0x2f21372d21e6df019c467a000898259cae6368a698b8ad9bbd1af0ee0d7314a9,23,0,bookkeeping_only
CSI-CHAIN-LOCAL-01,full-71a5854-20260925T115726Z-edr-a,full,L1-EDR,HardhatNetwork/2.29.1/@nomicfoundation/edr/0.3.8,osaka,31337,primary,primary-groth16-d5,groth16,5,10,34,neg_cross_depth_call,call,G16-d10-p0,0,64,A0,verifier,Groth16LegacyVerifierDepth5,0x5FbDB2315678afecb367f032d93F642f64180aa3,,,call,call,,,false,false,1,,292,3,1159,,,,,,,,,,,,00d891db3117c020bf1d8ac8aacda4825f46fbd4c9b717316cfac8afe0a258f1,,,,bookkeeping_only
CSI-CHAIN-LOCAL-01,full-71a5854-20260925T115726Z-edr-a,full,L1-EDR,HardhatNetwork/2.29.1/@nomicfoundation/edr/0.3.8,osaka,31337,primary,primary-groth16-d5,groth16,5,10,35,neg_cross_depth,tx,G16-d10-p0,0,64,A0,manager,CredentialManagerGroth16,0xe7f1725E7734CE288F8367e1Bb143E90bb3F0512,23,3000000,0,0,Invalid proof,Invalid proof,,,1,222900,292,3,1159,4636,32590,0,25636,197264,0,,,,,,9730c9450f195fc730e64f4d7205cbf45b26ff9f17580d9d401e13400ba0e3aa,0xe6dd3c7fda40fac3f1e3ba55cb0f6bf6941056cbae54095816ac7db8f13215db,24,0,bookkeeping_only
CSI-CHAIN-LOCAL-01,full-71a5854-20260925T115726Z-edr-a,full,L1-EDR,HardhatNetwork/2.29.1/@nomicfoundation/edr/0.3.8,osaka,31337,primary,primary-groth16-d5,groth16,5,10,36,neg_non_issuer,tx,G16-d5-p0,0,2,A1,manager,CredentialManagerGroth16,0xe7f1725E7734CE288F8367e1Bb143E90bb3F0512,0,300000,0,0,CredentialManager: not issuer,CredentialManager: not issuer,,,1,24171,36,1,141,564,22410,0,21564,2607,0,,,,,,b91c4cff980f8874fb8d0fca3dd2b3046defc125bb26b20f9f41f40dec3d44ad,0xee9e313f5d2acc00d611c4b934b83d5c64ba6935a907037ca539728530be850e,25,0,bookkeeping_only
CSI-CHAIN-LOCAL-01,full-71a5854-20260925T115726Z-edr-a,full,L1-EDR,HardhatNetwork/2.29.1/@nomicfoundation/edr/0.3.8,osaka,31337,primary,primary-groth16-d10,groth16,10,11,1,deploy_verifier,tx,,,,A0,,Groth16LegacyVerifierDepth10,0x5FbDB2315678afecb367f032d93F642f64180aa3,0,6000000,1,1,,,,,1,350072,1406,52,5468,21872,75680,32088,74960,275112,0,274800,1406,1374,0x0700d7a7bc18908790c68cd6f9a3800495db5899f2f6e28b8caf619f0315cd86,1,8b17fa53e7aaf7039bb4ad08aac38d5091723a2cd070bbc2c8cdad7c088fadf8,0x54501e86cd86c1c92607c2b22516429f0ac3047ab690fd4a7bc193049c6df9a1,1,0,bookkeeping_only
CSI-CHAIN-LOCAL-01,full-71a5854-20260925T115726Z-edr-a,full,L1-EDR,HardhatNetwork/2.29.1/@nomicfoundation/edr/0.3.8,osaka,31337,primary,primary-groth16-d10,groth16,10,11,2,deploy_manager,tx,,,,A0,,CredentialManagerGroth16,0xe7f1725E7734CE288F8367e1Bb143E90bb3F0512,1,6000000,1,1,,,,,1,565248,2410,84,9388,37552,114880,32152,90704,474544,0,428000,2410,2140,0x3fa88dab92b4daae5449537045ac5d6e143ea11f41fcdff2d37adb5523454ace,1,19ee042dbe867a3c02cb22e3913366b1c44d39bcad3099526989912ebfacd00a,0xac195ca20f3b45c28bba2ce309ed38acf4e7ddddbdced61cb4343e6a4c4a3970,2,0,bookkeeping_only
CSI-CHAIN-LOCAL-01,full-71a5854-20260925T115726Z-edr-a,full,L1-EDR,HardhatNetwork/2.29.1/@nomicfoundation/edr/0.3.8,osaka,31337,primary,primary-groth16-d10,groth16,10,11,3,set_issuer,tx,,,,A0,manager,CredentialManagerGroth16,0xe7f1725E7734CE288F8367e1Bb143E90bb3F0512,2,300000,1,1,,,,,1,47900,68,43,143,572,22430,0,21572,26328,0,,,,,,727fd06686258f939093f54b4f3c375b0f3052da4ba7867e73d6f93a90702a06,0xcde6d7bbbf9472da7ac2a0339705e4e7204cb790bd18af10b95107cde2a5cd23,3,0,bookkeeping_only
CSI-CHAIN-LOCAL-01,full-71a5854-20260925T115726Z-edr-a,full,L1-EDR,HardhatNetwork/2.29.1/@nomicfoundation/edr/0.3.8,osaka,31337,primary,primary-groth16-d10,groth16,10,11,4,add_root,tx,,,,A0,manager,CredentialManagerGroth16,0xe7f1725E7734CE288F8367e1Bb143E90bb3F0512,3,300000,1,1,,,,,1,47346,36,0,144,576,22440,0,21576,25770,0,,,,,,c70e0fc0dcce1b144b1b3352307a21f93a93f2fce4e70bc9dec9627a6e721205,0xd25854a79741902f46f09fd8334b7d4d4b4af4d35857c9a673e7d23bcff95f90,4,0,bookkeeping_only
CSI-CHAIN-LOCAL-01,full-71a5854-20260925T115726Z-edr-a,full,L1-EDR,HardhatNetwork/2.29.1/@nomicfoundation/edr/0.3.8,osaka,31337,primary,primary-groth16-d10,groth16,10,11,5,precheck_call,call,G16-d10-p0,0,64,A0,manager,CredentialManagerGroth16,0xe7f1725E7734CE288F8367e1Bb143E90bb3F0512,,,call,call,,,true,true,1,,292,3,1159,,,,,,,,,,,,9730c9450f195fc730e64f4d7205cbf45b26ff9f17580d9d401e13400ba0e3aa,,,,bookkeeping_only
CSI-CHAIN-LOCAL-01,full-71a5854-20260925T115726Z-edr-a,full,L1-EDR,HardhatNetwork/2.29.1/@nomicfoundation/edr/0.3.8,osaka,31337,primary,primary-groth16-d10,groth16,10,11,6,verify_credential,tx,G16-d10-p0,0,64,A0,manager,CredentialManagerGroth16,0xe7f1725E7734CE288F8367e1Bb143E90bb3F0512,4,1000000,1,1,,,,,1,223934,292,3,1159,4636,32590,0,25636,198298,0,,,,,,9730c9450f195fc730e64f4d7205cbf45b26ff9f17580d9d401e13400ba0e3aa,0x4f916c7efb60f7169bfef65351294515fd5a6c1a33a0940a812632498b1c362e,5,0,bookkeeping_only
CSI-CHAIN-LOCAL-01,full-71a5854-20260925T115726Z-edr-a,full,L1-EDR,HardhatNetwork/2.29.1/@nomicfoundation/edr/0.3.8,osaka,31337,primary,primary-groth16-d10,groth16,10,11,7,verify_credential,tx,G16-d10-p1,1,192,A0,manager,CredentialManagerGroth16,0xe7f1725E7734CE288F8367e1Bb143E90bb3F0512,5,1000000,1,1,,,,,1,223958,292,1,1165,4660,32650,0,25660,198298,0,,,,,,ce971fb7c04ab6242abe8dc45051c213fc5eb3f431718bc559102945e2f5ac7f,0xafbb96b787bb3ad8dca97a01d8c9b14ac43622714b473faa3777796ff068b8bd,6,0,bookkeeping_only
CSI-CHAIN-LOCAL-01,full-71a5854-20260925T115726Z-edr-a,full,L1-EDR,HardhatNetwork/2.29.1/@nomicfoundation/edr/0.3.8,osaka,31337,primary,primary-groth16-d10,groth16,10,11,8,verify_credential,tx,G16-d10-p2,2,320,A0,manager,CredentialManagerGroth16,0xe7f1725E7734CE288F8367e1Bb143E90bb3F0512,6,1000000,1,1,,,,,1,223958,292,1,1165,4660,32650,0,25660,198298,0,,,,,,05488c1efe57727918a2f30464f34ab7190a523470bb1e28b2cbf273b7bc9ff0,0x2dd7204d740df3c2e74a5cd0199ba05b2fa026e222081a87c97dcfdf672f5470,7,0,bookkeeping_only
CSI-CHAIN-LOCAL-01,full-71a5854-20260925T115726Z-edr-a,full,L1-EDR,HardhatNetwork/2.29.1/@nomicfoundation/edr/0.3.8,osaka,31337,primary,primary-groth16-d10,groth16,10,11,9,verify_credential,tx,G16-d10-p3,3,448,A0,manager,CredentialManagerGroth16,0xe7f1725E7734CE288F8367e1Bb143E90bb3F0512,7,1000000,1,1,,,,,1,223958,292,1,1165,4660,32650,0,25660,198298,0,,,,,,00e8073ce3e12ba5e382dcec248de28e00464a544418fc70d94f21d469d9db71,0x9e0db87c2e0fbb56d6938cdfc43962bd10b50834b7ec096ec0348d18a7e0702b,8,0,bookkeeping_only
CSI-CHAIN-LOCAL-01,full-71a5854-20260925T115726Z-edr-a,full,L1-EDR,HardhatNetwork/2.29.1/@nomicfoundation/edr/0.3.8,osaka,31337,primary,primary-groth16-d10,groth16,10,11,10,verify_credential,tx,G16-d10-p4,4,576,A0,manager,CredentialManagerGroth16,0xe7f1725E7734CE288F8367e1Bb143E90bb3F0512,8,1000000,1,1,,,,,1,223970,292,0,1168,4672,32680,0,25672,198298,0,,,,,,59543a919d53a5ad666c27785dd7c3076027cf96c68a969a47deb6c7f925dcd0,0xba09a2b209b5526efc0ab9386c143aa6340212ddd5d91dd80d1427a3568cbd88,9,0,bookkeeping_only
CSI-CHAIN-LOCAL-01,full-71a5854-20260925T115726Z-edr-a,full,L1-EDR,HardhatNetwork/2.29.1/@nomicfoundation/edr/0.3.8,osaka,31337,primary,primary-groth16-d10,groth16,10,11,11,verify_credential,tx,G16-d10-p5,5,704,A0,manager,CredentialManagerGroth16,0xe7f1725E7734CE288F8367e1Bb143E90bb3F0512,9,1000000,1,1,,,,,1,223946,292,2,1162,4648,32620,0,25648,198298,0,,,,,,b6543fce59c9a7c85ee23e7af8353b303b0e0abdce519dbbcab282ac17abc282,0x01334d02a5b2d7381712c6a8d3e59667425844f737687d46182e2a31e60fda2c,10,0,bookkeeping_only
CSI-CHAIN-LOCAL-01,full-71a5854-20260925T115726Z-edr-a,full,L1-EDR,HardhatNetwork/2.29.1/@nomicfoundation/edr/0.3.8,osaka,31337,primary,primary-groth16-d10,groth16,10,11,12,verify_credential,tx,G16-d10-p6,6,832,A0,manager,CredentialManagerGroth16,0xe7f1725E7734CE288F8367e1Bb143E90bb3F0512,10,1000000,1,1,,,,,1,223958,292,1,1165,4660,32650,0,25660,198298,0,,,,,,2dc740127d37e159c41eafc740c0789c3d3d9be27792a70e1c60d87ed0068c67,0xf62d0c29b4c72a4225ace92ed8647cf1804ecc973aca15c227eb6fb5e7c0fa69,11,0,bookkeeping_only
CSI-CHAIN-LOCAL-01,full-71a5854-20260925T115726Z-edr-a,full,L1-EDR,HardhatNetwork/2.29.1/@nomicfoundation/edr/0.3.8,osaka,31337,primary,primary-groth16-d10,groth16,10,11,13,verify_credential,tx,G16-d10-p7,7,960,A0,manager,CredentialManagerGroth16,0xe7f1725E7734CE288F8367e1Bb143E90bb3F0512,11,1000000,1,1,,,,,1,223970,292,0,1168,4672,32680,0,25672,198298,0,,,,,,4f9484fa4a26cde8d96adb5abaa73df628e6e1daf4e6a0483f68c5bd0fb236ac,0x2f4b033422715c5be542067f828b1411519a5367f3f03ab33ada12901fe1f12a,12,0,bookkeeping_only
CSI-CHAIN-LOCAL-01,full-71a5854-20260925T115726Z-edr-a,full,L1-EDR,HardhatNetwork/2.29.1/@nomicfoundation/edr/0.3.8,osaka,31337,primary,primary-groth16-d10,groth16,10,11,14,verify_proof_call,call,G16-d10-p0,0,64,A0,verifier,Groth16LegacyVerifierDepth10,0x5FbDB2315678afecb367f032d93F642f64180aa3,,,call,call,,,true,true,1,,292,3,1159,,,,,,,,,,,,00d891db3117c020bf1d8ac8aacda4825f46fbd4c9b717316cfac8afe0a258f1,,,,bookkeeping_only
CSI-CHAIN-LOCAL-01,full-71a5854-20260925T115726Z-edr-a,full,L1-EDR,HardhatNetwork/2.29.1/@nomicfoundation/edr/0.3.8,osaka,31337,primary,primary-groth16-d10,groth16,10,11,15,verify_proof_call,call,G16-d10-p1,1,192,A0,verifier,Groth16LegacyVerifierDepth10,0x5FbDB2315678afecb367f032d93F642f64180aa3,,,call,call,,,true,true,1,,292,1,1165,,,,,,,,,,,,1645716acb461e34dc46552d7fcf1ce299195a2fb7a62c0f326075b320757911,,,,bookkeeping_only
CSI-CHAIN-LOCAL-01,full-71a5854-20260925T115726Z-edr-a,full,L1-EDR,HardhatNetwork/2.29.1/@nomicfoundation/edr/0.3.8,osaka,31337,primary,primary-groth16-d10,groth16,10,11,16,verify_proof_call,call,G16-d10-p2,2,320,A0,verifier,Groth16LegacyVerifierDepth10,0x5FbDB2315678afecb367f032d93F642f64180aa3,,,call,call,,,true,true,1,,292,1,1165,,,,,,,,,,,,e00ac1cfc3d9e1435a403ff835d63c223b00433689af0910e239c682d3a7c8f8,,,,bookkeeping_only
CSI-CHAIN-LOCAL-01,full-71a5854-20260925T115726Z-edr-a,full,L1-EDR,HardhatNetwork/2.29.1/@nomicfoundation/edr/0.3.8,osaka,31337,primary,primary-groth16-d10,groth16,10,11,17,verify_proof_call,call,G16-d10-p3,3,448,A0,verifier,Groth16LegacyVerifierDepth10,0x5FbDB2315678afecb367f032d93F642f64180aa3,,,call,call,,,true,true,1,,292,1,1165,,,,,,,,,,,,e7a5fd90f11e6ab2780a4dabf33001319f7a90c8d20183a4917b7eefcdbb1748,,,,bookkeeping_only
CSI-CHAIN-LOCAL-01,full-71a5854-20260925T115726Z-edr-a,full,L1-EDR,HardhatNetwork/2.29.1/@nomicfoundation/edr/0.3.8,osaka,31337,primary,primary-groth16-d10,groth16,10,11,18,verify_proof_call,call,G16-d10-p4,4,576,A0,verifier,Groth16LegacyVerifierDepth10,0x5FbDB2315678afecb367f032d93F642f64180aa3,,,call,call,,,true,true,1,,292,0,1168,,,,,,,,,,,,ace199a0b5c2c1cefa420c81e73edf52324e609d35cd66d6a65d4f9f79ba1fad,,,,bookkeeping_only
CSI-CHAIN-LOCAL-01,full-71a5854-20260925T115726Z-edr-a,full,L1-EDR,HardhatNetwork/2.29.1/@nomicfoundation/edr/0.3.8,osaka,31337,primary,primary-groth16-d10,groth16,10,11,19,verify_proof_call,call,G16-d10-p5,5,704,A0,verifier,Groth16LegacyVerifierDepth10,0x5FbDB2315678afecb367f032d93F642f64180aa3,,,call,call,,,true,true,1,,292,2,1162,,,,,,,,,,,,4a4794dfc8fef58b0fa2776498d96153debbfcd07a1dceed3096b1534282d86c,,,,bookkeeping_only
CSI-CHAIN-LOCAL-01,full-71a5854-20260925T115726Z-edr-a,full,L1-EDR,HardhatNetwork/2.29.1/@nomicfoundation/edr/0.3.8,osaka,31337,primary,primary-groth16-d10,groth16,10,11,20,verify_proof_call,call,G16-d10-p6,6,832,A0,verifier,Groth16LegacyVerifierDepth10,0x5FbDB2315678afecb367f032d93F642f64180aa3,,,call,call,,,true,true,1,,292,1,1165,,,,,,,,,,,,f677a7107864d1b718341fa515ba5b5003e4860493038c0b7134ba336df114c8,,,,bookkeeping_only
CSI-CHAIN-LOCAL-01,full-71a5854-20260925T115726Z-edr-a,full,L1-EDR,HardhatNetwork/2.29.1/@nomicfoundation/edr/0.3.8,osaka,31337,primary,primary-groth16-d10,groth16,10,11,21,verify_proof_call,call,G16-d10-p7,7,960,A0,verifier,Groth16LegacyVerifierDepth10,0x5FbDB2315678afecb367f032d93F642f64180aa3,,,call,call,,,true,true,1,,292,0,1168,,,,,,,,,,,,82da605af1171262045712508f8f854cbccb163c2f904ab03c660d7bb743329e,,,,bookkeeping_only
CSI-CHAIN-LOCAL-01,full-71a5854-20260925T115726Z-edr-a,full,L1-EDR,HardhatNetwork/2.29.1/@nomicfoundation/edr/0.3.8,osaka,31337,primary,primary-groth16-d10,groth16,10,11,22,verify_proof_direct,tx,G16-d10-p0,0,64,A0,verifier,Groth16LegacyVerifierDepth10,0x5FbDB2315678afecb367f032d93F642f64180aa3,12,1000000,1,1,,,,,1,214573,292,3,1159,4636,32590,0,25636,188937,0,,,,,,00d891db3117c020bf1d8ac8aacda4825f46fbd4c9b717316cfac8afe0a258f1,0x822eaadbc6ffdae4740569633f9e3407d3896150f904174558310984b0b7ee78,13,0,bookkeeping_only
CSI-CHAIN-LOCAL-01,full-71a5854-20260925T115726Z-edr-a,full,L1-EDR,HardhatNetwork/2.29.1/@nomicfoundation/edr/0.3.8,osaka,31337,primary,primary-groth16-d10,groth16,10,11,23,verify_proof_direct,tx,G16-d10-p1,1,192,A0,verifier,Groth16LegacyVerifierDepth10,0x5FbDB2315678afecb367f032d93F642f64180aa3,13,1000000,1,1,,,,,1,214597,292,1,1165,4660,32650,0,25660,188937,0,,,,,,1645716acb461e34dc46552d7fcf1ce299195a2fb7a62c0f326075b320757911,0x51cbbe9bb334b412a2530e40f3aad3cde35822ae7bec0cebe08dd2258aa2528a,14,0,bookkeeping_only
CSI-CHAIN-LOCAL-01,full-71a5854-20260925T115726Z-edr-a,full,L1-EDR,HardhatNetwork/2.29.1/@nomicfoundation/edr/0.3.8,osaka,31337,primary,primary-groth16-d10,groth16,10,11,24,verify_proof_direct,tx,G16-d10-p2,2,320,A0,verifier,Groth16LegacyVerifierDepth10,0x5FbDB2315678afecb367f032d93F642f64180aa3,14,1000000,1,1,,,,,1,214597,292,1,1165,4660,32650,0,25660,188937,0,,,,,,e00ac1cfc3d9e1435a403ff835d63c223b00433689af0910e239c682d3a7c8f8,0x719bbb36125172d4396db31a77bc5a9542ce5bc8460079b06b5e806a52920cae,15,0,bookkeeping_only
CSI-CHAIN-LOCAL-01,full-71a5854-20260925T115726Z-edr-a,full,L1-EDR,HardhatNetwork/2.29.1/@nomicfoundation/edr/0.3.8,osaka,31337,primary,primary-groth16-d10,groth16,10,11,25,verify_proof_direct,tx,G16-d10-p3,3,448,A0,verifier,Groth16LegacyVerifierDepth10,0x5FbDB2315678afecb367f032d93F642f64180aa3,15,1000000,1,1,,,,,1,214597,292,1,1165,4660,32650,0,25660,188937,0,,,,,,e7a5fd90f11e6ab2780a4dabf33001319f7a90c8d20183a4917b7eefcdbb1748,0x0ded18f8b1feae22282c61902d7bb1a484ad6b8a5cf8fe3f7e23765b77f91f7a,16,0,bookkeeping_only
CSI-CHAIN-LOCAL-01,full-71a5854-20260925T115726Z-edr-a,full,L1-EDR,HardhatNetwork/2.29.1/@nomicfoundation/edr/0.3.8,osaka,31337,primary,primary-groth16-d10,groth16,10,11,26,verify_proof_direct,tx,G16-d10-p4,4,576,A0,verifier,Groth16LegacyVerifierDepth10,0x5FbDB2315678afecb367f032d93F642f64180aa3,16,1000000,1,1,,,,,1,214609,292,0,1168,4672,32680,0,25672,188937,0,,,,,,ace199a0b5c2c1cefa420c81e73edf52324e609d35cd66d6a65d4f9f79ba1fad,0x9ce9c847e064567f7fd73526b8615e2166c6959b85bbf7b546cfc54a23c1e120,17,0,bookkeeping_only
CSI-CHAIN-LOCAL-01,full-71a5854-20260925T115726Z-edr-a,full,L1-EDR,HardhatNetwork/2.29.1/@nomicfoundation/edr/0.3.8,osaka,31337,primary,primary-groth16-d10,groth16,10,11,27,verify_proof_direct,tx,G16-d10-p5,5,704,A0,verifier,Groth16LegacyVerifierDepth10,0x5FbDB2315678afecb367f032d93F642f64180aa3,17,1000000,1,1,,,,,1,214585,292,2,1162,4648,32620,0,25648,188937,0,,,,,,4a4794dfc8fef58b0fa2776498d96153debbfcd07a1dceed3096b1534282d86c,0x754b3c2a2a2eab0f681babf16d3fca8fddb67ecd0bfb1844e790f44ddbba18cb,18,0,bookkeeping_only
CSI-CHAIN-LOCAL-01,full-71a5854-20260925T115726Z-edr-a,full,L1-EDR,HardhatNetwork/2.29.1/@nomicfoundation/edr/0.3.8,osaka,31337,primary,primary-groth16-d10,groth16,10,11,28,verify_proof_direct,tx,G16-d10-p6,6,832,A0,verifier,Groth16LegacyVerifierDepth10,0x5FbDB2315678afecb367f032d93F642f64180aa3,18,1000000,1,1,,,,,1,214597,292,1,1165,4660,32650,0,25660,188937,0,,,,,,f677a7107864d1b718341fa515ba5b5003e4860493038c0b7134ba336df114c8,0x3ca5a5e97b41b95e66080f33161d52dbe55ec93446119f9cab17c81110893baf,19,0,bookkeeping_only
CSI-CHAIN-LOCAL-01,full-71a5854-20260925T115726Z-edr-a,full,L1-EDR,HardhatNetwork/2.29.1/@nomicfoundation/edr/0.3.8,osaka,31337,primary,primary-groth16-d10,groth16,10,11,29,verify_proof_direct,tx,G16-d10-p7,7,960,A0,verifier,Groth16LegacyVerifierDepth10,0x5FbDB2315678afecb367f032d93F642f64180aa3,19,1000000,1,1,,,,,1,214609,292,0,1168,4672,32680,0,25672,188937,0,,,,,,82da605af1171262045712508f8f854cbccb163c2f904ab03c660d7bb743329e,0xa796d6e50af3e1b06c4901ddb493e4f6bdc5121cc14006469dde4e03a36acf8b,20,0,bookkeeping_only
CSI-CHAIN-LOCAL-01,full-71a5854-20260925T115726Z-edr-a,full,L1-EDR,HardhatNetwork/2.29.1/@nomicfoundation/edr/0.3.8,osaka,31337,primary,primary-groth16-d10,groth16,10,11,30,neg_unknown_root,tx,G16-d11-p0,0,128,A0,manager,CredentialManagerGroth16,0xe7f1725E7734CE288F8367e1Bb143E90bb3F0512,20,3000000,0,0,Invalid root,Invalid root,,,1,32620,292,2,1162,4648,32620,0,25648,6972,1,,,,,,ca9621b912a5f11cbb8dd875c48c9971287be9dbbe4454fcd36230ca7d465efc,0x839c3f78cce9952c4e394647a3e5a0d80786f5403a556f7a519772a4c615386a,21,0,bookkeeping_only
CSI-CHAIN-LOCAL-01,full-71a5854-20260925T115726Z-edr-a,full,L1-EDR,HardhatNetwork/2.29.1/@nomicfoundation/edr/0.3.8,osaka,31337,primary,primary-groth16-d10,groth16,10,11,31,neg_tampered_call,call,G16-d10-p0,0,64,A0,verifier,Groth16LegacyVerifierDepth10,0x5FbDB2315678afecb367f032d93F642f64180aa3,,,call,call,,,false,false,1,,292,3,1159,,,,,,,,,,,,e94c445b8904355f9a108a30593cd3990c855d14f3613162e80cb327e2be1c56,,,,bookkeeping_only
CSI-CHAIN-LOCAL-01,full-71a5854-20260925T115726Z-edr-a,full,L1-EDR,HardhatNetwork/2.29.1/@nomicfoundation/edr/0.3.8,osaka,31337,primary,primary-groth16-d10,groth16,10,11,32,neg_tampered,tx,G16-d10-p0,0,64,A0,manager,CredentialManagerGroth16,0xe7f1725E7734CE288F8367e1Bb143E90bb3F0512,21,3000000,0,0,Invalid proof,Invalid proof,,,1,2908558,292,3,1159,4636,32590,0,25636,2882922,0,,,,,,0359f7f970a67b3f2d4109b3cbc4922d22b87ea1de3a05061910dd18526af2b3,0x488209156768296c47af56623548e25cd63a49e3c41e7f180f2753d5d9f7c904,22,0,bookkeeping_only
CSI-CHAIN-LOCAL-01,full-71a5854-20260925T115726Z-edr-a,full,L1-EDR,HardhatNetwork/2.29.1/@nomicfoundation/edr/0.3.8,osaka,31337,primary,primary-groth16-d10,groth16,10,11,33,neg_cross_depth_setup,tx,G16-d11-p0,0,128,A0,manager,CredentialManagerGroth16,0xe7f1725E7734CE288F8367e1Bb143E90bb3F0512,22,300000,1,1,,,,,1,47334,36,1,141,564,22410,0,21564,25770,0,,,,,,d02fee54c295d1b5cc2948d9c79837ece40c0013835e3b9bb349e94ae744e758,0xc4bb9cc87bc51fe7cd9d14a0af6793f3aeddcb5bffa4ca11079a1007e9d59b35,23,0,bookkeeping_only
CSI-CHAIN-LOCAL-01,full-71a5854-20260925T115726Z-edr-a,full,L1-EDR,HardhatNetwork/2.29.1/@nomicfoundation/edr/0.3.8,osaka,31337,primary,primary-groth16-d10,groth16,10,11,34,neg_cross_depth_call,call,G16-d11-p0,0,128,A0,verifier,Groth16LegacyVerifierDepth10,0x5FbDB2315678afecb367f032d93F642f64180aa3,,,call,call,,,false,false,1,,292,2,1162,,,,,,,,,,,,5bc6f0de4752c6450808a69e77e384f62a63422d6390520d86938db713353393,,,,bookkeeping_only
CSI-CHAIN-LOCAL-01,full-71a5854-20260925T115726Z-edr-a,full,L1-EDR,HardhatNetwork/2.29.1/@nomicfoundation/edr/0.3.8,osaka,31337,primary,primary-groth16-d10,groth16,10,11,35,neg_cross_depth,tx,G16-d11-p0,0,128,A0,manager,CredentialManagerGroth16,0xe7f1725E7734CE288F8367e1Bb143E90bb3F0512,23,3000000,0,0,Invalid proof,Invalid proof,,,1,222912,292,2,1162,4648,32620,0,25648,197264,0,,,,,,ca9621b912a5f11cbb8dd875c48c9971287be9dbbe4454fcd36230ca7d465efc,0x899f4fe43c51e9b70df667dfebbbd6266c7b07d2721c9d62fc0f896b0d9fe5f4,24,0,bookkeeping_only
CSI-CHAIN-LOCAL-01,full-71a5854-20260925T115726Z-edr-a,full,L1-EDR,HardhatNetwork/2.29.1/@nomicfoundation/edr/0.3.8,osaka,31337,primary,primary-groth16-d10,groth16,10,11,36,neg_non_issuer,tx,G16-d10-p0,0,64,A1,manager,CredentialManagerGroth16,0xe7f1725E7734CE288F8367e1Bb143E90bb3F0512,0,300000,0,0,CredentialManager: not issuer,CredentialManager: not issuer,,,1,24183,36,0,144,576,22440,0,21576,2607,0,,,,,,c70e0fc0dcce1b144b1b3352307a21f93a93f2fce4e70bc9dec9627a6e721205,0xee8dd82c43982684ecd6ca781b78a355a195c38e960a49ab1ff0a2326433c206,25,0,bookkeeping_only
CSI-CHAIN-LOCAL-01,full-71a5854-20260925T115726Z-edr-a,full,L1-EDR,HardhatNetwork/2.29.1/@nomicfoundation/edr/0.3.8,osaka,31337,primary,primary-groth16-d11,groth16,11,15,1,deploy_verifier,tx,,,,A0,,Groth16LegacyVerifierDepth11,0x5FbDB2315678afecb367f032d93F642f64180aa3,0,6000000,1,1,,,,,1,349628,1404,53,5457,21828,75570,32088,74916,274712,0,274400,1404,1372,0x1660e5c0187e477090c96776978c5c58afcac37df9cc19705e8395f2a690cefa,1,3adaef3e110854ca0e56ddb1e23c340fceb960f9010c03b78741b3911d43effd,0x69a6f6c8c3d34eae7c9bd5cf5976af8db2016f23ac24209c66eb41228a016d3a,1,0,bookkeeping_only
CSI-CHAIN-LOCAL-01,full-71a5854-20260925T115726Z-edr-a,full,L1-EDR,HardhatNetwork/2.29.1/@nomicfoundation/edr/0.3.8,osaka,31337,primary,primary-groth16-d11,groth16,11,15,2,deploy_manager,tx,,,,A0,,CredentialManagerGroth16,0xe7f1725E7734CE288F8367e1Bb143E90bb3F0512,1,6000000,1,1,,,,,1,565248,2410,84,9388,37552,114880,32152,90704,474544,0,428000,2410,2140,0x3fa88dab92b4daae5449537045ac5d6e143ea11f41fcdff2d37adb5523454ace,1,19ee042dbe867a3c02cb22e3913366b1c44d39bcad3099526989912ebfacd00a,0xac195ca20f3b45c28bba2ce309ed38acf4e7ddddbdced61cb4343e6a4c4a3970,2,0,bookkeeping_only
CSI-CHAIN-LOCAL-01,full-71a5854-20260925T115726Z-edr-a,full,L1-EDR,HardhatNetwork/2.29.1/@nomicfoundation/edr/0.3.8,osaka,31337,primary,primary-groth16-d11,groth16,11,15,3,set_issuer,tx,,,,A0,manager,CredentialManagerGroth16,0xe7f1725E7734CE288F8367e1Bb143E90bb3F0512,2,300000,1,1,,,,,1,47900,68,43,143,572,22430,0,21572,26328,0,,,,,,727fd06686258f939093f54b4f3c375b0f3052da4ba7867e73d6f93a90702a06,0xcde6d7bbbf9472da7ac2a0339705e4e7204cb790bd18af10b95107cde2a5cd23,3,0,bookkeeping_only
CSI-CHAIN-LOCAL-01,full-71a5854-20260925T115726Z-edr-a,full,L1-EDR,HardhatNetwork/2.29.1/@nomicfoundation/edr/0.3.8,osaka,31337,primary,primary-groth16-d11,groth16,11,15,4,add_root,tx,,,,A0,manager,CredentialManagerGroth16,0xe7f1725E7734CE288F8367e1Bb143E90bb3F0512,3,300000,1,1,,,,,1,47334,36,1,141,564,22410,0,21564,25770,0,,,,,,d02fee54c295d1b5cc2948d9c79837ece40c0013835e3b9bb349e94ae744e758,0x582c41ec8a71d6c42fde6f7d2283f3c3b7aaac713729097b09b1b7ab00970c6c,4,0,bookkeeping_only
CSI-CHAIN-LOCAL-01,full-71a5854-20260925T115726Z-edr-a,full,L1-EDR,HardhatNetwork/2.29.1/@nomicfoundation/edr/0.3.8,osaka,31337,primary,primary-groth16-d11,groth16,11,15,5,precheck_call,call,G16-d11-p0,0,128,A0,manager,CredentialManagerGroth16,0xe7f1725E7734CE288F8367e1Bb143E90bb3F0512,,,call,call,,,true,true,1,,292,2,1162,,,,,,,,,,,,ca9621b912a5f11cbb8dd875c48c9971287be9dbbe4454fcd36230ca7d465efc,,,,bookkeeping_only
CSI-CHAIN-LOCAL-01,full-71a5854-20260925T115726Z-edr-a,full,L1-EDR,HardhatNetwork/2.29.1/@nomicfoundation/edr/0.3.8,osaka,31337,primary,primary-groth16-d11,groth16,11,15,6,verify_credential,tx,G16-d11-p0,0,128,A0,manager,CredentialManagerGroth16,0xe7f1725E7734CE288F8367e1Bb143E90bb3F0512,4,1000000,1,1,,,,,1,223946,292,2,1162,4648,32620,0,25648,198298,0,,,,,,ca9621b912a5f11cbb8dd875c48c9971287be9dbbe4454fcd36230ca7d465efc,0x975793bd3134daec368a136c6c9add1f78a32c9921e239c7e805ecb7e92b2a20,5,0,bookkeeping_only
CSI-CHAIN-LOCAL-01,full-71a5854-20260925T115726Z-edr-a,full,L1-EDR,HardhatNetwork/2.29.1/@nomicfoundation/edr/0.3.8,osaka,31337,primary,primary-groth16-d11,groth16,11,15,7,verify_credential,tx,G16-d11-p1,1,384,A0,manager,CredentialManagerGroth16,0xe7f1725E7734CE288F8367e1Bb143E90bb3F0512,5,1000000,1,1,,,,,1,223958,292,1,1165,4660,32650,0,25660,198298,0,,,,,,639c80471b559309e712f4c4ac80bdbc80d6df2460bd4c3bf55546677a3942c6,0x6884725d2c1640116b76a662d699aa6f2e19689432539744bf79d2808295d8fd,6,0,bookkeeping_only
CSI-CHAIN-LOCAL-01,full-71a5854-20260925T115726Z-edr-a,full,L1-EDR,HardhatNetwork/2.29.1/@nomicfoundation/edr/0.3.8,osaka,31337,primary,primary-groth16-d11,groth16,11,15,8,verify_credential,tx,G16-d11-p2,2,640,A0,manager,CredentialManagerGroth16,0xe7f1725E7734CE288F8367e1Bb143E90bb3F0512,6,1000000,1,1,,,,,1,223958,292,1,1165,4660,32650,0,25660,198298,0,,,,,,a0d019788870875208b17503c52382242ecc7ef389c425030689cc5878f2facd,0x61094895e069dad27def7445892c74a6f2a75b43ea8d4673f23323df786fb57c,7,0,bookkeeping_only
CSI-CHAIN-LOCAL-01,full-71a5854-20260925T115726Z-edr-a,full,L1-EDR,HardhatNetwork/2.29.1/@nomicfoundation/edr/0.3.8,osaka,31337,primary,primary-groth16-d11,groth16,11,15,9,verify_credential,tx,G16-d11-p3,3,896,A0,manager,CredentialManagerGroth16,0xe7f1725E7734CE288F8367e1Bb143E90bb3F0512,7,1000000,1,1,,,,,1,223946,292,2,1162,4648,32620,0,25648,198298,0,,,,,,44d222ad348d08cbb4c15c476f3f9e766c7b457489111eea40cf8035a9d57bfc,0x131ec55d003a74e169e828c641744ef34fee5448e7fd4e025542a9864a5bab9d,8,0,bookkeeping_only
CSI-CHAIN-LOCAL-01,full-71a5854-20260925T115726Z-edr-a,full,L1-EDR,HardhatNetwork/2.29.1/@nomicfoundation/edr/0.3.8,osaka,31337,primary,primary-groth16-d11,groth16,11,15,10,verify_credential,tx,G16-d11-p4,4,1152,A0,manager,CredentialManagerGroth16,0xe7f1725E7734CE288F8367e1Bb143E90bb3F0512,8,1000000,1,1,,,,,1,223934,292,3,1159,4636,32590,0,25636,198298,0,,,,,,64ac10112def869faad27edcff3a1f184b4d69c408dd4ef9ba2791e00fbf2f70,0x2b39d2c4b2b500d45cbbef9502258b574e485690b08e5d8ec2b49c37602d6c23,9,0,bookkeeping_only
CSI-CHAIN-LOCAL-01,full-71a5854-20260925T115726Z-edr-a,full,L1-EDR,HardhatNetwork/2.29.1/@nomicfoundation/edr/0.3.8,osaka,31337,primary,primary-groth16-d11,groth16,11,15,11,verify_credential,tx,G16-d11-p5,5,1408,A0,manager,CredentialManagerGroth16,0xe7f1725E7734CE288F8367e1Bb143E90bb3F0512,9,1000000,1,1,,,,,1,223934,292,3,1159,4636,32590,0,25636,198298,0,,,,,,0848907a05b5de2619814ca98c726689da9e07fb5de876c5f73602f5aecac8d5,0x96c21d6d657cc925e27b4d5c4dcc60535ec20d76c85f57acb1e0cbfa1aa222bf,10,0,bookkeeping_only
CSI-CHAIN-LOCAL-01,full-71a5854-20260925T115726Z-edr-a,full,L1-EDR,HardhatNetwork/2.29.1/@nomicfoundation/edr/0.3.8,osaka,31337,primary,primary-groth16-d11,groth16,11,15,12,verify_credential,tx,G16-d11-p6,6,1664,A0,manager,CredentialManagerGroth16,0xe7f1725E7734CE288F8367e1Bb143E90bb3F0512,10,1000000,1,1,,,,,1,223934,292,3,1159,4636,32590,0,25636,198298,0,,,,,,0b038845691778d5ecf554fbad7edc36d34019f4458610826c0f782c2979d705,0xe444c93eaa354e1425014167a7ddab07ae62994d041b2970922fa85ff3df2cf6,11,0,bookkeeping_only
CSI-CHAIN-LOCAL-01,full-71a5854-20260925T115726Z-edr-a,full,L1-EDR,HardhatNetwork/2.29.1/@nomicfoundation/edr/0.3.8,osaka,31337,primary,primary-groth16-d11,groth16,11,15,13,verify_credential,tx,G16-d11-p7,7,1920,A0,manager,CredentialManagerGroth16,0xe7f1725E7734CE288F8367e1Bb143E90bb3F0512,11,1000000,1,1,,,,,1,223958,292,1,1165,4660,32650,0,25660,198298,0,,,,,,d12dd5a363059bb0a0018565ad35b45baaed224644c5e64c88f49a6eccf031c3,0x6705027a2178b4c5ac7bb6c73afef033341579d9e70968764d09e502ad8d4f6a,12,0,bookkeeping_only
CSI-CHAIN-LOCAL-01,full-71a5854-20260925T115726Z-edr-a,full,L1-EDR,HardhatNetwork/2.29.1/@nomicfoundation/edr/0.3.8,osaka,31337,primary,primary-groth16-d11,groth16,11,15,14,verify_proof_call,call,G16-d11-p0,0,128,A0,verifier,Groth16LegacyVerifierDepth11,0x5FbDB2315678afecb367f032d93F642f64180aa3,,,call,call,,,true,true,1,,292,2,1162,,,,,,,,,,,,5bc6f0de4752c6450808a69e77e384f62a63422d6390520d86938db713353393,,,,bookkeeping_only
CSI-CHAIN-LOCAL-01,full-71a5854-20260925T115726Z-edr-a,full,L1-EDR,HardhatNetwork/2.29.1/@nomicfoundation/edr/0.3.8,osaka,31337,primary,primary-groth16-d11,groth16,11,15,15,verify_proof_call,call,G16-d11-p1,1,384,A0,verifier,Groth16LegacyVerifierDepth11,0x5FbDB2315678afecb367f032d93F642f64180aa3,,,call,call,,,true,true,1,,292,1,1165,,,,,,,,,,,,efa885aac2e9479c43fe12f6847995b17d8af96513378cc2c1d26e9d055da7b6,,,,bookkeeping_only
CSI-CHAIN-LOCAL-01,full-71a5854-20260925T115726Z-edr-a,full,L1-EDR,HardhatNetwork/2.29.1/@nomicfoundation/edr/0.3.8,osaka,31337,primary,primary-groth16-d11,groth16,11,15,16,verify_proof_call,call,G16-d11-p2,2,640,A0,verifier,Groth16LegacyVerifierDepth11,0x5FbDB2315678afecb367f032d93F642f64180aa3,,,call,call,,,true,true,1,,292,1,1165,,,,,,,,,,,,1c147d59cc572d343a1e8e2aa749baf09252f70a647b83a025998f089baf4314,,,,bookkeeping_only
CSI-CHAIN-LOCAL-01,full-71a5854-20260925T115726Z-edr-a,full,L1-EDR,HardhatNetwork/2.29.1/@nomicfoundation/edr/0.3.8,osaka,31337,primary,primary-groth16-d11,groth16,11,15,17,verify_proof_call,call,G16-d11-p3,3,896,A0,verifier,Groth16LegacyVerifierDepth11,0x5FbDB2315678afecb367f032d93F642f64180aa3,,,call,call,,,true,true,1,,292,2,1162,,,,,,,,,,,,2fbdfdd45ebdc64fe7acb287054cddc5aaf6fe7ea8c957460799f49e7a023e66,,,,bookkeeping_only
CSI-CHAIN-LOCAL-01,full-71a5854-20260925T115726Z-edr-a,full,L1-EDR,HardhatNetwork/2.29.1/@nomicfoundation/edr/0.3.8,osaka,31337,primary,primary-groth16-d11,groth16,11,15,18,verify_proof_call,call,G16-d11-p4,4,1152,A0,verifier,Groth16LegacyVerifierDepth11,0x5FbDB2315678afecb367f032d93F642f64180aa3,,,call,call,,,true,true,1,,292,3,1159,,,,,,,,,,,,8ee79a385961861f0584a8cc07e1ac2143ddddfb5aff9524d32bd25fa77eee7e,,,,bookkeeping_only
CSI-CHAIN-LOCAL-01,full-71a5854-20260925T115726Z-edr-a,full,L1-EDR,HardhatNetwork/2.29.1/@nomicfoundation/edr/0.3.8,osaka,31337,primary,primary-groth16-d11,groth16,11,15,19,verify_proof_call,call,G16-d11-p5,5,1408,A0,verifier,Groth16LegacyVerifierDepth11,0x5FbDB2315678afecb367f032d93F642f64180aa3,,,call,call,,,true,true,1,,292,3,1159,,,,,,,,,,,,13313b6af35602ffa5ef1ea582e8157c92d0fa235c2451b2d167238a0d99b0db,,,,bookkeeping_only
CSI-CHAIN-LOCAL-01,full-71a5854-20260925T115726Z-edr-a,full,L1-EDR,HardhatNetwork/2.29.1/@nomicfoundation/edr/0.3.8,osaka,31337,primary,primary-groth16-d11,groth16,11,15,20,verify_proof_call,call,G16-d11-p6,6,1664,A0,verifier,Groth16LegacyVerifierDepth11,0x5FbDB2315678afecb367f032d93F642f64180aa3,,,call,call,,,true,true,1,,292,3,1159,,,,,,,,,,,,97dcf0752aff5768c43511010524f8845e4a9b3d98d7209cb75d830bb8e5a8ec,,,,bookkeeping_only
CSI-CHAIN-LOCAL-01,full-71a5854-20260925T115726Z-edr-a,full,L1-EDR,HardhatNetwork/2.29.1/@nomicfoundation/edr/0.3.8,osaka,31337,primary,primary-groth16-d11,groth16,11,15,21,verify_proof_call,call,G16-d11-p7,7,1920,A0,verifier,Groth16LegacyVerifierDepth11,0x5FbDB2315678afecb367f032d93F642f64180aa3,,,call,call,,,true,true,1,,292,1,1165,,,,,,,,,,,,72eebe6c87a27b1c9fd074143c7d39950e530a76e30b35c9a17507790d335537,,,,bookkeeping_only
CSI-CHAIN-LOCAL-01,full-71a5854-20260925T115726Z-edr-a,full,L1-EDR,HardhatNetwork/2.29.1/@nomicfoundation/edr/0.3.8,osaka,31337,primary,primary-groth16-d11,groth16,11,15,22,verify_proof_direct,tx,G16-d11-p0,0,128,A0,verifier,Groth16LegacyVerifierDepth11,0x5FbDB2315678afecb367f032d93F642f64180aa3,12,1000000,1,1,,,,,1,214585,292,2,1162,4648,32620,0,25648,188937,0,,,,,,5bc6f0de4752c6450808a69e77e384f62a63422d6390520d86938db713353393,0xf565c040862f0149acfe3899a3f3954e426b0189a399f0ed8a06cf87604214d9,13,0,bookkeeping_only
CSI-CHAIN-LOCAL-01,full-71a5854-20260925T115726Z-edr-a,full,L1-EDR,HardhatNetwork/2.29.1/@nomicfoundation/edr/0.3.8,osaka,31337,primary,primary-groth16-d11,groth16,11,15,23,verify_proof_direct,tx,G16-d11-p1,1,384,A0,verifier,Groth16LegacyVerifierDepth11,0x5FbDB2315678afecb367f032d93F642f64180aa3,13,1000000,1,1,,,,,1,214597,292,1,1165,4660,32650,0,25660,188937,0,,,,,,efa885aac2e9479c43fe12f6847995b17d8af96513378cc2c1d26e9d055da7b6,0x5ce304ac464da09293376992362ae7618f60c1bf6afda6399578511bd10a20af,14,0,bookkeeping_only
CSI-CHAIN-LOCAL-01,full-71a5854-20260925T115726Z-edr-a,full,L1-EDR,HardhatNetwork/2.29.1/@nomicfoundation/edr/0.3.8,osaka,31337,primary,primary-groth16-d11,groth16,11,15,24,verify_proof_direct,tx,G16-d11-p2,2,640,A0,verifier,Groth16LegacyVerifierDepth11,0x5FbDB2315678afecb367f032d93F642f64180aa3,14,1000000,1,1,,,,,1,214597,292,1,1165,4660,32650,0,25660,188937,0,,,,,,1c147d59cc572d343a1e8e2aa749baf09252f70a647b83a025998f089baf4314,0xdc59dc110d7690f9d3fad0ead20fe3c9f1470aa5b69fe049da4bf28b7474094b,15,0,bookkeeping_only
CSI-CHAIN-LOCAL-01,full-71a5854-20260925T115726Z-edr-a,full,L1-EDR,HardhatNetwork/2.29.1/@nomicfoundation/edr/0.3.8,osaka,31337,primary,primary-groth16-d11,groth16,11,15,25,verify_proof_direct,tx,G16-d11-p3,3,896,A0,verifier,Groth16LegacyVerifierDepth11,0x5FbDB2315678afecb367f032d93F642f64180aa3,15,1000000,1,1,,,,,1,214585,292,2,1162,4648,32620,0,25648,188937,0,,,,,,2fbdfdd45ebdc64fe7acb287054cddc5aaf6fe7ea8c957460799f49e7a023e66,0xbfae1bf70635d04a530c5f31cd1fa40f2665aed2b5e2b4f743e5ed838f87b3cb,16,0,bookkeeping_only
CSI-CHAIN-LOCAL-01,full-71a5854-20260925T115726Z-edr-a,full,L1-EDR,HardhatNetwork/2.29.1/@nomicfoundation/edr/0.3.8,osaka,31337,primary,primary-groth16-d11,groth16,11,15,26,verify_proof_direct,tx,G16-d11-p4,4,1152,A0,verifier,Groth16LegacyVerifierDepth11,0x5FbDB2315678afecb367f032d93F642f64180aa3,16,1000000,1,1,,,,,1,214573,292,3,1159,4636,32590,0,25636,188937,0,,,,,,8ee79a385961861f0584a8cc07e1ac2143ddddfb5aff9524d32bd25fa77eee7e,0x739c2614fbc7c67a9626cb87df48d876b64e37bc72217c832d54d1b767eae1d8,17,0,bookkeeping_only
CSI-CHAIN-LOCAL-01,full-71a5854-20260925T115726Z-edr-a,full,L1-EDR,HardhatNetwork/2.29.1/@nomicfoundation/edr/0.3.8,osaka,31337,primary,primary-groth16-d11,groth16,11,15,27,verify_proof_direct,tx,G16-d11-p5,5,1408,A0,verifier,Groth16LegacyVerifierDepth11,0x5FbDB2315678afecb367f032d93F642f64180aa3,17,1000000,1,1,,,,,1,214573,292,3,1159,4636,32590,0,25636,188937,0,,,,,,13313b6af35602ffa5ef1ea582e8157c92d0fa235c2451b2d167238a0d99b0db,0x78ffcb5281cab963e97678d3aa24a7e4515fe8cfebdc6fb69b8754cf894f1b6e,18,0,bookkeeping_only
CSI-CHAIN-LOCAL-01,full-71a5854-20260925T115726Z-edr-a,full,L1-EDR,HardhatNetwork/2.29.1/@nomicfoundation/edr/0.3.8,osaka,31337,primary,primary-groth16-d11,groth16,11,15,28,verify_proof_direct,tx,G16-d11-p6,6,1664,A0,verifier,Groth16LegacyVerifierDepth11,0x5FbDB2315678afecb367f032d93F642f64180aa3,18,1000000,1,1,,,,,1,214573,292,3,1159,4636,32590,0,25636,188937,0,,,,,,97dcf0752aff5768c43511010524f8845e4a9b3d98d7209cb75d830bb8e5a8ec,0x12c4b92b14d4d83f54fa1cd11f28c6054759b2b860b0a630d3d53a27e554bd0e,19,0,bookkeeping_only
CSI-CHAIN-LOCAL-01,full-71a5854-20260925T115726Z-edr-a,full,L1-EDR,HardhatNetwork/2.29.1/@nomicfoundation/edr/0.3.8,osaka,31337,primary,primary-groth16-d11,groth16,11,15,29,verify_proof_direct,tx,G16-d11-p7,7,1920,A0,verifier,Groth16LegacyVerifierDepth11,0x5FbDB2315678afecb367f032d93F642f64180aa3,19,1000000,1,1,,,,,1,214597,292,1,1165,4660,32650,0,25660,188937,0,,,,,,72eebe6c87a27b1c9fd074143c7d39950e530a76e30b35c9a17507790d335537,0xffb01dd204018638a2b13fe6d3e56822a2fc7eb8bbbd49a142c67c945aa3684a,20,0,bookkeeping_only
CSI-CHAIN-LOCAL-01,full-71a5854-20260925T115726Z-edr-a,full,L1-EDR,HardhatNetwork/2.29.1/@nomicfoundation/edr/0.3.8,osaka,31337,primary,primary-groth16-d11,groth16,11,15,30,neg_unknown_root,tx,G16-d15-p0,0,2048,A0,manager,CredentialManagerGroth16,0xe7f1725E7734CE288F8367e1Bb143E90bb3F0512,20,3000000,0,0,Invalid root,Invalid root,,,1,32680,292,0,1168,4672,32680,0,25672,7008,1,,,,,,1ce3baf053b44ac9c96d03a3ffb948677aa627e3073963fb9a5209d034620599,0x5fc2f064d3af495728629eff4e83fa1c619c56b44d972f36bab464e6d8627c2b,21,0,bookkeeping_only
CSI-CHAIN-LOCAL-01,full-71a5854-20260925T115726Z-edr-a,full,L1-EDR,HardhatNetwork/2.29.1/@nomicfoundation/edr/0.3.8,osaka,31337,primary,primary-groth16-d11,groth16,11,15,31,neg_tampered_call,call,G16-d11-p0,0,128,A0,verifier,Groth16LegacyVerifierDepth11,0x5FbDB2315678afecb367f032d93F642f64180aa3,,,call,call,,,false,false,1,,292,2,1162,,,,,,,,,,,,978167ce868bdde21a4e446ff192d661cfbe5e9a94cf2ab3bb651c1803218a1e,,,,bookkeeping_only
CSI-CHAIN-LOCAL-01,full-71a5854-20260925T115726Z-edr-a,full,L1-EDR,HardhatNetwork/2.29.1/@nomicfoundation/edr/0.3.8,osaka,31337,primary,primary-groth16-d11,groth16,11,15,32,neg_tampered,tx,G16-d11-p0,0,128,A0,manager,CredentialManagerGroth16,0xe7f1725E7734CE288F8367e1Bb143E90bb3F0512,21,3000000,0,0,Invalid proof,Invalid proof,,,1,2908558,292,2,1162,4648,32620,0,25648,2882910,0,,,,,,4600ea442b9dade6481bb2b6be2cf2ffc3335fa332050a02a4626b27822cfb63,0x684dcc9758ae3b4dcc8f41ff545138652bd4730aa8586ccb7ef3c104949116be,22,0,bookkeeping_only
CSI-CHAIN-LOCAL-01,full-71a5854-20260925T115726Z-edr-a,full,L1-EDR,HardhatNetwork/2.29.1/@nomicfoundation/edr/0.3.8,osaka,31337,primary,primary-groth16-d11,groth16,11,15,33,neg_cross_depth_setup,tx,G16-d15-p0,0,2048,A0,manager,CredentialManagerGroth16,0xe7f1725E7734CE288F8367e1Bb143E90bb3F0512,22,300000,1,1,,,,,1,47346,36,0,144,576,22440,0,21576,25770,0,,,,,,f2931f0aaf26f5d51c33dadce13833370940a08948160921859c7fe776ca5aa8,0x1797eea1df066c6439fc9ddc64c57983aece1958ef1e2bbf5a0d044e6cf0caef,23,0,bookkeeping_only
CSI-CHAIN-LOCAL-01,full-71a5854-20260925T115726Z-edr-a,full,L1-EDR,HardhatNetwork/2.29.1/@nomicfoundation/edr/0.3.8,osaka,31337,primary,primary-groth16-d11,groth16,11,15,34,neg_cross_depth_call,call,G16-d15-p0,0,2048,A0,verifier,Groth16LegacyVerifierDepth11,0x5FbDB2315678afecb367f032d93F642f64180aa3,,,call,call,,,false,false,1,,292,0,1168,,,,,,,,,,,,c1fa14b5797405497200d6957b5158faa30002873d39b43b4fd1ea982ca39ae2,,,,bookkeeping_only
CSI-CHAIN-LOCAL-01,full-71a5854-20260925T115726Z-edr-a,full,L1-EDR,HardhatNetwork/2.29.1/@nomicfoundation/edr/0.3.8,osaka,31337,primary,primary-groth16-d11,groth16,11,15,35,neg_cross_depth,tx,G16-d15-p0,0,2048,A0,manager,CredentialManagerGroth16,0xe7f1725E7734CE288F8367e1Bb143E90bb3F0512,23,3000000,0,0,Invalid proof,Invalid proof,,,1,222936,292,0,1168,4672,32680,0,25672,197264,0,,,,,,1ce3baf053b44ac9c96d03a3ffb948677aa627e3073963fb9a5209d034620599,0x31272fa18b6f6b891142f2bd95a4c6353bbf1c51588fef0ba3e6ceda99d542d1,24,0,bookkeeping_only
CSI-CHAIN-LOCAL-01,full-71a5854-20260925T115726Z-edr-a,full,L1-EDR,HardhatNetwork/2.29.1/@nomicfoundation/edr/0.3.8,osaka,31337,primary,primary-groth16-d11,groth16,11,15,36,neg_non_issuer,tx,G16-d11-p0,0,128,A1,manager,CredentialManagerGroth16,0xe7f1725E7734CE288F8367e1Bb143E90bb3F0512,0,300000,0,0,CredentialManager: not issuer,CredentialManager: not issuer,,,1,24171,36,1,141,564,22410,0,21564,2607,0,,,,,,d02fee54c295d1b5cc2948d9c79837ece40c0013835e3b9bb349e94ae744e758,0xeb75b02a0eeccf32dcae685f08f0702eed74d18d99c25b4ffe557dbb1957502a,25,0,bookkeeping_only
CSI-CHAIN-LOCAL-01,full-71a5854-20260925T115726Z-edr-a,full,L1-EDR,HardhatNetwork/2.29.1/@nomicfoundation/edr/0.3.8,osaka,31337,primary,primary-groth16-d15,groth16,15,5,1,deploy_verifier,tx,,,,A0,,Groth16LegacyVerifierDepth15,0x5FbDB2315678afecb367f032d93F642f64180aa3,0,6000000,1,1,,,,,1,350060,1406,53,5465,21860,75650,32088,74948,275112,0,274800,1406,1374,0x085bab7f625aa60f1081b7b3292531997c4733a612dafcfdf8375abde640ef74,1,3f30bce356e4b31c965f1dd559f21665a3ccac9072a6d3c5b285eeb2498ef24c,0x3056a8530cb2c8fd2c01b0d38bb60cbce8197617d9874cad01d8990a4ec9f7db,1,0,bookkeeping_only
CSI-CHAIN-LOCAL-01,full-71a5854-20260925T115726Z-edr-a,full,L1-EDR,HardhatNetwork/2.29.1/@nomicfoundation/edr/0.3.8,osaka,31337,primary,primary-groth16-d15,groth16,15,5,2,deploy_manager,tx,,,,A0,,CredentialManagerGroth16,0xe7f1725E7734CE288F8367e1Bb143E90bb3F0512,1,6000000,1,1,,,,,1,565248,2410,84,9388,37552,114880,32152,90704,474544,0,428000,2410,2140,0x3fa88dab92b4daae5449537045ac5d6e143ea11f41fcdff2d37adb5523454ace,1,19ee042dbe867a3c02cb22e3913366b1c44d39bcad3099526989912ebfacd00a,0xac195ca20f3b45c28bba2ce309ed38acf4e7ddddbdced61cb4343e6a4c4a3970,2,0,bookkeeping_only
CSI-CHAIN-LOCAL-01,full-71a5854-20260925T115726Z-edr-a,full,L1-EDR,HardhatNetwork/2.29.1/@nomicfoundation/edr/0.3.8,osaka,31337,primary,primary-groth16-d15,groth16,15,5,3,set_issuer,tx,,,,A0,manager,CredentialManagerGroth16,0xe7f1725E7734CE288F8367e1Bb143E90bb3F0512,2,300000,1,1,,,,,1,47900,68,43,143,572,22430,0,21572,26328,0,,,,,,727fd06686258f939093f54b4f3c375b0f3052da4ba7867e73d6f93a90702a06,0xcde6d7bbbf9472da7ac2a0339705e4e7204cb790bd18af10b95107cde2a5cd23,3,0,bookkeeping_only
CSI-CHAIN-LOCAL-01,full-71a5854-20260925T115726Z-edr-a,full,L1-EDR,HardhatNetwork/2.29.1/@nomicfoundation/edr/0.3.8,osaka,31337,primary,primary-groth16-d15,groth16,15,5,4,add_root,tx,,,,A0,manager,CredentialManagerGroth16,0xe7f1725E7734CE288F8367e1Bb143E90bb3F0512,3,300000,1,1,,,,,1,47346,36,0,144,576,22440,0,21576,25770,0,,,,,,f2931f0aaf26f5d51c33dadce13833370940a08948160921859c7fe776ca5aa8,0x23dff8e8684d53c903f68834657217e65647ac5059a6d342baf414798c76ffaf,4,0,bookkeeping_only
CSI-CHAIN-LOCAL-01,full-71a5854-20260925T115726Z-edr-a,full,L1-EDR,HardhatNetwork/2.29.1/@nomicfoundation/edr/0.3.8,osaka,31337,primary,primary-groth16-d15,groth16,15,5,5,precheck_call,call,G16-d15-p0,0,2048,A0,manager,CredentialManagerGroth16,0xe7f1725E7734CE288F8367e1Bb143E90bb3F0512,,,call,call,,,true,true,1,,292,0,1168,,,,,,,,,,,,1ce3baf053b44ac9c96d03a3ffb948677aa627e3073963fb9a5209d034620599,,,,bookkeeping_only
CSI-CHAIN-LOCAL-01,full-71a5854-20260925T115726Z-edr-a,full,L1-EDR,HardhatNetwork/2.29.1/@nomicfoundation/edr/0.3.8,osaka,31337,primary,primary-groth16-d15,groth16,15,5,6,verify_credential,tx,G16-d15-p0,0,2048,A0,manager,CredentialManagerGroth16,0xe7f1725E7734CE288F8367e1Bb143E90bb3F0512,4,1000000,1,1,,,,,1,223970,292,0,1168,4672,32680,0,25672,198298,0,,,,,,1ce3baf053b44ac9c96d03a3ffb948677aa627e3073963fb9a5209d034620599,0x136f6b0baa6f4a00b6480a2bf2c5844a6bda075f340ed7a04fe22f0a1addf867,5,0,bookkeeping_only
CSI-CHAIN-LOCAL-01,full-71a5854-20260925T115726Z-edr-a,full,L1-EDR,HardhatNetwork/2.29.1/@nomicfoundation/edr/0.3.8,osaka,31337,primary,primary-groth16-d15,groth16,15,5,7,verify_credential,tx,G16-d15-p1,1,6144,A0,manager,CredentialManagerGroth16,0xe7f1725E7734CE288F8367e1Bb143E90bb3F0512,5,1000000,1,1,,,,,1,223958,292,1,1165,4660,32650,0,25660,198298,0,,,,,,913be1bdecd87ce3996ebc8d1ff465d022fd88203fda1136b6e51a4daa850cb7,0xd8a3a8e1ceef210fcbc6dccef26436fedcbf3dab9ac2939cc34d3bf4bfd00594,6,0,bookkeeping_only
CSI-CHAIN-LOCAL-01,full-71a5854-20260925T115726Z-edr-a,full,L1-EDR,HardhatNetwork/2.29.1/@nomicfoundation/edr/0.3.8,osaka,31337,primary,primary-groth16-d15,groth16,15,5,8,verify_credential,tx,G16-d15-p2,2,10240,A0,manager,CredentialManagerGroth16,0xe7f1725E7734CE288F8367e1Bb143E90bb3F0512,6,1000000,1,1,,,,,1,223946,292,2,1162,4648,32620,0,25648,198298,0,,,,,,dd83f315fa1aade3a4be6c26fb8582bd4edfac15a5c523ec8af8adb9811c98d2,0xeaec87e1f49c09ab8b5eddf3783ae3fad1a3470c4ca53d7a06b7f62f7129d913,7,0,bookkeeping_only
CSI-CHAIN-LOCAL-01,full-71a5854-20260925T115726Z-edr-a,full,L1-EDR,HardhatNetwork/2.29.1/@nomicfoundation/edr/0.3.8,osaka,31337,primary,primary-groth16-d15,groth16,15,5,9,verify_credential,tx,G16-d15-p3,3,14336,A0,manager,CredentialManagerGroth16,0xe7f1725E7734CE288F8367e1Bb143E90bb3F0512,7,1000000,1,1,,,,,1,223958,292,1,1165,4660,32650,0,25660,198298,0,,,,,,749f32790365347d532b39ccf08ab073437daf09b7ac9d073142ce6773ca9104,0xcf191376842384f87176bbfcc52dcdf56e706ff3be42bd3d9f4193a36ae1381a,8,0,bookkeeping_only
CSI-CHAIN-LOCAL-01,full-71a5854-20260925T115726Z-edr-a,full,L1-EDR,HardhatNetwork/2.29.1/@nomicfoundation/edr/0.3.8,osaka,31337,primary,primary-groth16-d15,groth16,15,5,10,verify_credential,tx,G16-d15-p4,4,18432,A0,manager,CredentialManagerGroth16,0xe7f1725E7734CE288F8367e1Bb143E90bb3F0512,8,1000000,1,1,,,,,1,223970,292,0,1168,4672,32680,0,25672,198298,0,,,,,,bb58032357ff31a89916564de19e9f3c131369a58d13300b9c9f9886cf3f7ed6,0xb632862d4c95cf73cb3d6283142e48d6790e6a2e0b0b7a9262f5b33840cf6683,9,0,bookkeeping_only
CSI-CHAIN-LOCAL-01,full-71a5854-20260925T115726Z-edr-a,full,L1-EDR,HardhatNetwork/2.29.1/@nomicfoundation/edr/0.3.8,osaka,31337,primary,primary-groth16-d15,groth16,15,5,11,verify_credential,tx,G16-d15-p5,5,22528,A0,manager,CredentialManagerGroth16,0xe7f1725E7734CE288F8367e1Bb143E90bb3F0512,9,1000000,1,1,,,,,1,223946,292,2,1162,4648,32620,0,25648,198298,0,,,,,,4b8d4700d0bb0121d4e896a6797320d9ad6e3f3abc9743f61dc4c52d0daa34e4,0x883eb59b099f74416af969dd9ee0cc11c78f74778ec3f8f5be86f0347c4f4ab4,10,0,bookkeeping_only
CSI-CHAIN-LOCAL-01,full-71a5854-20260925T115726Z-edr-a,full,L1-EDR,HardhatNetwork/2.29.1/@nomicfoundation/edr/0.3.8,osaka,31337,primary,primary-groth16-d15,groth16,15,5,12,verify_credential,tx,G16-d15-p6,6,26624,A0,manager,CredentialManagerGroth16,0xe7f1725E7734CE288F8367e1Bb143E90bb3F0512,10,1000000,1,1,,,,,1,223958,292,1,1165,4660,32650,0,25660,198298,0,,,,,,c78222b8f86cc480198574e141459b4aecf74592b5a1c8df77ac6d5cfaa50c4a,0x2b9749358289eadc18445956a3da84cc14413254b27bf37876b1ccaf256cf2af,11,0,bookkeeping_only
CSI-CHAIN-LOCAL-01,full-71a5854-20260925T115726Z-edr-a,full,L1-EDR,HardhatNetwork/2.29.1/@nomicfoundation/edr/0.3.8,osaka,31337,primary,primary-groth16-d15,groth16,15,5,13,verify_credential,tx,G16-d15-p7,7,30720,A0,manager,CredentialManagerGroth16,0xe7f1725E7734CE288F8367e1Bb143E90bb3F0512,11,1000000,1,1,,,,,1,223958,292,1,1165,4660,32650,0,25660,198298,0,,,,,,0939ed3af2b91f3f33792cb3e6506f1e25c8e4c8e96276543fb527ab44c08632,0x96e52a4c744b9b0e09f294270c5c266e5b2ffa959f574f69b35500fd03d30fc6,12,0,bookkeeping_only
CSI-CHAIN-LOCAL-01,full-71a5854-20260925T115726Z-edr-a,full,L1-EDR,HardhatNetwork/2.29.1/@nomicfoundation/edr/0.3.8,osaka,31337,primary,primary-groth16-d15,groth16,15,5,14,verify_proof_call,call,G16-d15-p0,0,2048,A0,verifier,Groth16LegacyVerifierDepth15,0x5FbDB2315678afecb367f032d93F642f64180aa3,,,call,call,,,true,true,1,,292,0,1168,,,,,,,,,,,,c1fa14b5797405497200d6957b5158faa30002873d39b43b4fd1ea982ca39ae2,,,,bookkeeping_only
CSI-CHAIN-LOCAL-01,full-71a5854-20260925T115726Z-edr-a,full,L1-EDR,HardhatNetwork/2.29.1/@nomicfoundation/edr/0.3.8,osaka,31337,primary,primary-groth16-d15,groth16,15,5,15,verify_proof_call,call,G16-d15-p1,1,6144,A0,verifier,Groth16LegacyVerifierDepth15,0x5FbDB2315678afecb367f032d93F642f64180aa3,,,call,call,,,true,true,1,,292,1,1165,,,,,,,,,,,,9a69908c11b9d604d07eeeb7aa75afd25faa2970a09fad8fe1226b6108a691f7,,,,bookkeeping_only
CSI-CHAIN-LOCAL-01,full-71a5854-20260925T115726Z-edr-a,full,L1-EDR,HardhatNetwork/2.29.1/@nomicfoundation/edr/0.3.8,osaka,31337,primary,primary-groth16-d15,groth16,15,5,16,verify_proof_call,call,G16-d15-p2,2,10240,A0,verifier,Groth16LegacyVerifierDepth15,0x5FbDB2315678afecb367f032d93F642f64180aa3,,,call,call,,,true,true,1,,292,2,1162,,,,,,,,,,,,ffa426a227502e520b215cbad8054ba8c89f180fc933010c3d58b8205d5eaa0e,,,,bookkeeping_only
CSI-CHAIN-LOCAL-01,full-71a5854-20260925T115726Z-edr-a,full,L1-EDR,HardhatNetwork/2.29.1/@nomicfoundation/edr/0.3.8,osaka,31337,primary,primary-groth16-d15,groth16,15,5,17,verify_proof_call,call,G16-d15-p3,3,14336,A0,verifier,Groth16LegacyVerifierDepth15,0x5FbDB2315678afecb367f032d93F642f64180aa3,,,call,call,,,true,true,1,,292,1,1165,,,,,,,,,,,,353c4bf788dd3eea11cad07d0eee3159b83e1600578b4dbefa6fe480a037a61b,,,,bookkeeping_only
CSI-CHAIN-LOCAL-01,full-71a5854-20260925T115726Z-edr-a,full,L1-EDR,HardhatNetwork/2.29.1/@nomicfoundation/edr/0.3.8,osaka,31337,primary,primary-groth16-d15,groth16,15,5,18,verify_proof_call,call,G16-d15-p4,4,18432,A0,verifier,Groth16LegacyVerifierDepth15,0x5FbDB2315678afecb367f032d93F642f64180aa3,,,call,call,,,true,true,1,,292,0,1168,,,,,,,,,,,,0275540c48b6aadc24187f726a135babd7acf2161a082d7eb14a4c20bdacc4c5,,,,bookkeeping_only
CSI-CHAIN-LOCAL-01,full-71a5854-20260925T115726Z-edr-a,full,L1-EDR,HardhatNetwork/2.29.1/@nomicfoundation/edr/0.3.8,osaka,31337,primary,primary-groth16-d15,groth16,15,5,19,verify_proof_call,call,G16-d15-p5,5,22528,A0,verifier,Groth16LegacyVerifierDepth15,0x5FbDB2315678afecb367f032d93F642f64180aa3,,,call,call,,,true,true,1,,292,2,1162,,,,,,,,,,,,0e3a31470df088a45ddf346b4ebae6ef688c42c6473017d52829f93f2e126363,,,,bookkeeping_only
CSI-CHAIN-LOCAL-01,full-71a5854-20260925T115726Z-edr-a,full,L1-EDR,HardhatNetwork/2.29.1/@nomicfoundation/edr/0.3.8,osaka,31337,primary,primary-groth16-d15,groth16,15,5,20,verify_proof_call,call,G16-d15-p6,6,26624,A0,verifier,Groth16LegacyVerifierDepth15,0x5FbDB2315678afecb367f032d93F642f64180aa3,,,call,call,,,true,true,1,,292,1,1165,,,,,,,,,,,,068b52d1b0b961e5b1d34659e007396c3564365df391b9c79a52500e2d10202b,,,,bookkeeping_only
CSI-CHAIN-LOCAL-01,full-71a5854-20260925T115726Z-edr-a,full,L1-EDR,HardhatNetwork/2.29.1/@nomicfoundation/edr/0.3.8,osaka,31337,primary,primary-groth16-d15,groth16,15,5,21,verify_proof_call,call,G16-d15-p7,7,30720,A0,verifier,Groth16LegacyVerifierDepth15,0x5FbDB2315678afecb367f032d93F642f64180aa3,,,call,call,,,true,true,1,,292,1,1165,,,,,,,,,,,,613402477dba87fc3cf8902e3beabb20992e3af063701ebc06397c5554ef618f,,,,bookkeeping_only
CSI-CHAIN-LOCAL-01,full-71a5854-20260925T115726Z-edr-a,full,L1-EDR,HardhatNetwork/2.29.1/@nomicfoundation/edr/0.3.8,osaka,31337,primary,primary-groth16-d15,groth16,15,5,22,verify_proof_direct,tx,G16-d15-p0,0,2048,A0,verifier,Groth16LegacyVerifierDepth15,0x5FbDB2315678afecb367f032d93F642f64180aa3,12,1000000,1,1,,,,,1,214609,292,0,1168,4672,32680,0,25672,188937,0,,,,,,c1fa14b5797405497200d6957b5158faa30002873d39b43b4fd1ea982ca39ae2,0xa29f29846b3401ffd534c514d5663a5736ddef021b2d032cd14b3b7dfce25b8d,13,0,bookkeeping_only
CSI-CHAIN-LOCAL-01,full-71a5854-20260925T115726Z-edr-a,full,L1-EDR,HardhatNetwork/2.29.1/@nomicfoundation/edr/0.3.8,osaka,31337,primary,primary-groth16-d15,groth16,15,5,23,verify_proof_direct,tx,G16-d15-p1,1,6144,A0,verifier,Groth16LegacyVerifierDepth15,0x5FbDB2315678afecb367f032d93F642f64180aa3,13,1000000,1,1,,,,,1,214597,292,1,1165,4660,32650,0,25660,188937,0,,,,,,9a69908c11b9d604d07eeeb7aa75afd25faa2970a09fad8fe1226b6108a691f7,0x909323a9f377855b83564f2bb026896083b78f5040b7118aebb94bad2093ab2d,14,0,bookkeeping_only
CSI-CHAIN-LOCAL-01,full-71a5854-20260925T115726Z-edr-a,full,L1-EDR,HardhatNetwork/2.29.1/@nomicfoundation/edr/0.3.8,osaka,31337,primary,primary-groth16-d15,groth16,15,5,24,verify_proof_direct,tx,G16-d15-p2,2,10240,A0,verifier,Groth16LegacyVerifierDepth15,0x5FbDB2315678afecb367f032d93F642f64180aa3,14,1000000,1,1,,,,,1,214585,292,2,1162,4648,32620,0,25648,188937,0,,,,,,ffa426a227502e520b215cbad8054ba8c89f180fc933010c3d58b8205d5eaa0e,0xa0fb24af2d0bbd7248725f9681550449395a03c9806b02ce8a8c3c9d8241ac1b,15,0,bookkeeping_only
CSI-CHAIN-LOCAL-01,full-71a5854-20260925T115726Z-edr-a,full,L1-EDR,HardhatNetwork/2.29.1/@nomicfoundation/edr/0.3.8,osaka,31337,primary,primary-groth16-d15,groth16,15,5,25,verify_proof_direct,tx,G16-d15-p3,3,14336,A0,verifier,Groth16LegacyVerifierDepth15,0x5FbDB2315678afecb367f032d93F642f64180aa3,15,1000000,1,1,,,,,1,214597,292,1,1165,4660,32650,0,25660,188937,0,,,,,,353c4bf788dd3eea11cad07d0eee3159b83e1600578b4dbefa6fe480a037a61b,0xf9734f529a1345e218bff908a44de4a6fa8b0dc28801b024b36416853676f9c8,16,0,bookkeeping_only
CSI-CHAIN-LOCAL-01,full-71a5854-20260925T115726Z-edr-a,full,L1-EDR,HardhatNetwork/2.29.1/@nomicfoundation/edr/0.3.8,osaka,31337,primary,primary-groth16-d15,groth16,15,5,26,verify_proof_direct,tx,G16-d15-p4,4,18432,A0,verifier,Groth16LegacyVerifierDepth15,0x5FbDB2315678afecb367f032d93F642f64180aa3,16,1000000,1,1,,,,,1,214609,292,0,1168,4672,32680,0,25672,188937,0,,,,,,0275540c48b6aadc24187f726a135babd7acf2161a082d7eb14a4c20bdacc4c5,0x8a88b5352d9d1e203aaa248abcc01851d50890790f24ce309452ce7ef42e6466,17,0,bookkeeping_only
CSI-CHAIN-LOCAL-01,full-71a5854-20260925T115726Z-edr-a,full,L1-EDR,HardhatNetwork/2.29.1/@nomicfoundation/edr/0.3.8,osaka,31337,primary,primary-groth16-d15,groth16,15,5,27,verify_proof_direct,tx,G16-d15-p5,5,22528,A0,verifier,Groth16LegacyVerifierDepth15,0x5FbDB2315678afecb367f032d93F642f64180aa3,17,1000000,1,1,,,,,1,214585,292,2,1162,4648,32620,0,25648,188937,0,,,,,,0e3a31470df088a45ddf346b4ebae6ef688c42c6473017d52829f93f2e126363,0x2ba53d1b401e67c68535fe0eea47c317b45d7c687ff17d70f38792f65dcbd529,18,0,bookkeeping_only
CSI-CHAIN-LOCAL-01,full-71a5854-20260925T115726Z-edr-a,full,L1-EDR,HardhatNetwork/2.29.1/@nomicfoundation/edr/0.3.8,osaka,31337,primary,primary-groth16-d15,groth16,15,5,28,verify_proof_direct,tx,G16-d15-p6,6,26624,A0,verifier,Groth16LegacyVerifierDepth15,0x5FbDB2315678afecb367f032d93F642f64180aa3,18,1000000,1,1,,,,,1,214597,292,1,1165,4660,32650,0,25660,188937,0,,,,,,068b52d1b0b961e5b1d34659e007396c3564365df391b9c79a52500e2d10202b,0x9bf9943e90c7029c378e5dde9395c9def0d80ab49d3e43dd33926ada4bc2b5c9,19,0,bookkeeping_only
CSI-CHAIN-LOCAL-01,full-71a5854-20260925T115726Z-edr-a,full,L1-EDR,HardhatNetwork/2.29.1/@nomicfoundation/edr/0.3.8,osaka,31337,primary,primary-groth16-d15,groth16,15,5,29,verify_proof_direct,tx,G16-d15-p7,7,30720,A0,verifier,Groth16LegacyVerifierDepth15,0x5FbDB2315678afecb367f032d93F642f64180aa3,19,1000000,1,1,,,,,1,214597,292,1,1165,4660,32650,0,25660,188937,0,,,,,,613402477dba87fc3cf8902e3beabb20992e3af063701ebc06397c5554ef618f,0xa0d82350f04c1acd98d522e5ef9ef32b5bc4dcdcf3699e214e2ef99b9268782d,20,0,bookkeeping_only
CSI-CHAIN-LOCAL-01,full-71a5854-20260925T115726Z-edr-a,full,L1-EDR,HardhatNetwork/2.29.1/@nomicfoundation/edr/0.3.8,osaka,31337,primary,primary-groth16-d15,groth16,15,5,30,neg_unknown_root,tx,G16-d5-p0,0,2,A0,manager,CredentialManagerGroth16,0xe7f1725E7734CE288F8367e1Bb143E90bb3F0512,20,3000000,0,0,Invalid root,Invalid root,,,1,32650,292,1,1165,4660,32650,0,25660,6990,1,,,,,,5837cb8f85853d1b4c5630e24fd145aeeb696d2dcc92dcf8c0220201ca5ef8a8,0xff1e6846d3327821002eaa39bc755332dcdd4b48a462da336d4dceacad32802c,21,0,bookkeeping_only
CSI-CHAIN-LOCAL-01,full-71a5854-20260925T115726Z-edr-a,full,L1-EDR,HardhatNetwork/2.29.1/@nomicfoundation/edr/0.3.8,osaka,31337,primary,primary-groth16-d15,groth16,15,5,31,neg_tampered_call,call,G16-d15-p0,0,2048,A0,verifier,Groth16LegacyVerifierDepth15,0x5FbDB2315678afecb367f032d93F642f64180aa3,,,call,call,,,false,false,1,,292,0,1168,,,,,,,,,,,,bf67d87904261a032b70ac066fdaff8562305fb0f29df05a09c45733af71f86a,,,,bookkeeping_only
CSI-CHAIN-LOCAL-01,full-71a5854-20260925T115726Z-edr-a,full,L1-EDR,HardhatNetwork/2.29.1/@nomicfoundation/edr/0.3.8,osaka,31337,primary,primary-groth16-d15,groth16,15,5,32,neg_tampered,tx,G16-d15-p0,0,2048,A0,manager,CredentialManagerGroth16,0xe7f1725E7734CE288F8367e1Bb143E90bb3F0512,21,3000000,0,0,Invalid proof,Invalid proof,,,1,2908559,292,0,1168,4672,32680,0,25672,2882887,0,,,,,,efe670202ea345c867563e45ee90e49bf8d879ab5cda61a381456e8ab2616e6c,0x6f712f81855348b5b1789c38ee121aaba29a845acc9e74e206f7cc8a75807aa0,22,0,bookkeeping_only
CSI-CHAIN-LOCAL-01,full-71a5854-20260925T115726Z-edr-a,full,L1-EDR,HardhatNetwork/2.29.1/@nomicfoundation/edr/0.3.8,osaka,31337,primary,primary-groth16-d15,groth16,15,5,33,neg_cross_depth_setup,tx,G16-d5-p0,0,2,A0,manager,CredentialManagerGroth16,0xe7f1725E7734CE288F8367e1Bb143E90bb3F0512,22,300000,1,1,,,,,1,47334,36,1,141,564,22410,0,21564,25770,0,,,,,,b91c4cff980f8874fb8d0fca3dd2b3046defc125bb26b20f9f41f40dec3d44ad,0xe55596b0f474ddf2bb6319a2c73d26ba0a75366ff5edb4f16d3be6db8e9a5293,23,0,bookkeeping_only
CSI-CHAIN-LOCAL-01,full-71a5854-20260925T115726Z-edr-a,full,L1-EDR,HardhatNetwork/2.29.1/@nomicfoundation/edr/0.3.8,osaka,31337,primary,primary-groth16-d15,groth16,15,5,34,neg_cross_depth_call,call,G16-d5-p0,0,2,A0,verifier,Groth16LegacyVerifierDepth15,0x5FbDB2315678afecb367f032d93F642f64180aa3,,,call,call,,,false,false,1,,292,1,1165,,,,,,,,,,,,38f356f938ae3972d0d16abf8b3d053f411f73f5e13f61d42c5093a3e09bf3e3,,,,bookkeeping_only
CSI-CHAIN-LOCAL-01,full-71a5854-20260925T115726Z-edr-a,full,L1-EDR,HardhatNetwork/2.29.1/@nomicfoundation/edr/0.3.8,osaka,31337,primary,primary-groth16-d15,groth16,15,5,35,neg_cross_depth,tx,G16-d5-p0,0,2,A0,manager,CredentialManagerGroth16,0xe7f1725E7734CE288F8367e1Bb143E90bb3F0512,23,3000000,0,0,Invalid proof,Invalid proof,,,1,222924,292,1,1165,4660,32650,0,25660,197264,0,,,,,,5837cb8f85853d1b4c5630e24fd145aeeb696d2dcc92dcf8c0220201ca5ef8a8,0x22fdb7cdca8cc4f86f6553acc43e6efabe14d08d4dd6773aa7e5f3f240354ff9,24,0,bookkeeping_only
CSI-CHAIN-LOCAL-01,full-71a5854-20260925T115726Z-edr-a,full,L1-EDR,HardhatNetwork/2.29.1/@nomicfoundation/edr/0.3.8,osaka,31337,primary,primary-groth16-d15,groth16,15,5,36,neg_non_issuer,tx,G16-d15-p0,0,2048,A1,manager,CredentialManagerGroth16,0xe7f1725E7734CE288F8367e1Bb143E90bb3F0512,0,300000,0,0,CredentialManager: not issuer,CredentialManager: not issuer,,,1,24183,36,0,144,576,22440,0,21576,2607,0,,,,,,f2931f0aaf26f5d51c33dadce13833370940a08948160921859c7fe776ca5aa8,0xdc21d0daaf3947ac769a22ffe47a7bc8043c722f3230dd1cd324d20d4c7733f1,25,0,bookkeeping_only
CSI-CHAIN-LOCAL-01,full-71a5854-20260925T115726Z-edr-a,full,L1-EDR,HardhatNetwork/2.29.1/@nomicfoundation/edr/0.3.8,osaka,31337,primary,primary-plonk-d5,plonk,5,10,1,deploy_verifier,tx,,,,A0,,PlonkVerifierDepth5,0x5FbDB2315678afecb367f032d93F642f64180aa3,0,6000000,1,1,,,,,1,1222665,5447,163,21299,85196,233990,32342,138538,1084127,0,1083000,5447,5415,0x81bd2193cc19102868c8c8e61cf5999441a2925fabdaac763111cf7322ed082d,1,72a8ad6d40abccfee2f54b05c75339a73db6a005629eba516deb0f1baa4777f3,0x41402e8b840c1f6bb5e572d046e8a8811b1ba659dd98176cea33d36378b5c855,1,0,bookkeeping_only
CSI-CHAIN-LOCAL-01,full-71a5854-20260925T115726Z-edr-a,full,L1-EDR,HardhatNetwork/2.29.1/@nomicfoundation/edr/0.3.8,osaka,31337,primary,primary-plonk-d5,plonk,5,10,2,deploy_manager,tx,,,,A0,,CredentialManagerPlonk,0xe7f1725E7734CE288F8367e1Bb143E90bb3F0512,1,6000000,1,1,,,,,1,541930,2302,81,8965,35860,110650,32144,89004,452926,0,406400,2302,2032,0x81cfa580fc010d5bf437f4e25120ed772a570f64d5503726e6beb874892ec653,1,bd7d37aac5445da7be132e8d32c481e19c8340c0c76eebdf81a7dbf12c9c4d18,0x4288d3937b479b54263ce14b846e45a30130a5f9600094565397f418694139df,2,0,bookkeeping_only
CSI-CHAIN-LOCAL-01,full-71a5854-20260925T115726Z-edr-a,full,L1-EDR,HardhatNetwork/2.29.1/@nomicfoundation/edr/0.3.8,osaka,31337,primary,primary-plonk-d5,plonk,5,10,3,set_issuer,tx,,,,A0,manager,CredentialManagerPlonk,0xe7f1725E7734CE288F8367e1Bb143E90bb3F0512,2,300000,1,1,,,,,1,47900,68,43,143,572,22430,0,21572,26328,0,,,,,,727fd06686258f939093f54b4f3c375b0f3052da4ba7867e73d6f93a90702a06,0xcde6d7bbbf9472da7ac2a0339705e4e7204cb790bd18af10b95107cde2a5cd23,3,0,bookkeeping_only
CSI-CHAIN-LOCAL-01,full-71a5854-20260925T115726Z-edr-a,full,L1-EDR,HardhatNetwork/2.29.1/@nomicfoundation/edr/0.3.8,osaka,31337,primary,primary-plonk-d5,plonk,5,10,4,add_root,tx,,,,A0,manager,CredentialManagerPlonk,0xe7f1725E7734CE288F8367e1Bb143E90bb3F0512,3,300000,1,1,,,,,1,47334,36,1,141,564,22410,0,21564,25770,0,,,,,,b91c4cff980f8874fb8d0fca3dd2b3046defc125bb26b20f9f41f40dec3d44ad,0xc89eb269b0325976d4a136bed22b6ea4e8d9588b951d7a5cf2df6daf48bd849a,4,0,bookkeeping_only
CSI-CHAIN-LOCAL-01,full-71a5854-20260925T115726Z-edr-a,full,L1-EDR,HardhatNetwork/2.29.1/@nomicfoundation/edr/0.3.8,osaka,31337,primary,primary-plonk-d5,plonk,5,10,5,precheck_call,call,PLK-d5-p0,0,2,A0,manager,CredentialManagerPlonk,0xe7f1725E7734CE288F8367e1Bb143E90bb3F0512,,,call,call,,,true,true,1,,804,4,3204,,,,,,,,,,,,43edca5dc105fc7a2008617ce100ed5d4b4dfcfbb283d718f619c9c958c213d5,,,,bookkeeping_only
CSI-CHAIN-LOCAL-01,full-71a5854-20260925T115726Z-edr-a,full,L1-EDR,HardhatNetwork/2.29.1/@nomicfoundation/edr/0.3.8,osaka,31337,primary,primary-plonk-d5,plonk,5,10,6,verify_credential,tx,PLK-d5-p0,0,2,A0,manager,CredentialManagerPlonk,0xe7f1725E7734CE288F8367e1Bb143E90bb3F0512,4,1000000,1,1,,,,,1,300167,804,4,3204,12816,53040,0,33816,266351,0,,,,,,43edca5dc105fc7a2008617ce100ed5d4b4dfcfbb283d718f619c9c958c213d5,0x009b5465777bca338e93c709ff444c87b22a425d8c04e4bf8204eb2019baa868,5,0,bookkeeping_only
CSI-CHAIN-LOCAL-01,full-71a5854-20260925T115726Z-edr-a,full,L1-EDR,HardhatNetwork/2.29.1/@nomicfoundation/edr/0.3.8,osaka,31337,primary,primary-plonk-d5,plonk,5,10,7,verify_credential,tx,PLK-d5-p1,1,6,A0,manager,CredentialManagerPlonk,0xe7f1725E7734CE288F8367e1Bb143E90bb3F0512,5,1000000,1,1,,,,,1,300779,804,5,3201,12804,53010,0,33804,266975,0,,,,,,86f8b64f77f59cee77380b829d5b3fb4afa133bac3c198b78e66853bf8c4b119,0x7cfe168f3c5cb0c7d5b669857301046e0e9f68eaedfde818d39b3a953a3cb567,6,0,bookkeeping_only
CSI-CHAIN-LOCAL-01,full-71a5854-20260925T115726Z-edr-a,full,L1-EDR,HardhatNetwork/2.29.1/@nomicfoundation/edr/0.3.8,osaka,31337,primary,primary-plonk-d5,plonk,5,10,8,verify_credential,tx,PLK-d5-p2,2,10,A0,manager,CredentialManagerPlonk,0xe7f1725E7734CE288F8367e1Bb143E90bb3F0512,6,1000000,1,1,,,,,1,300583,804,4,3204,12816,53040,0,33816,266767,0,,,,,,ffdd5ae292f5b9ded76d21e7c3fda21840aa05bd2c0e8db005e0d95e4bb96f46,0xed05227e24d0eafd3f9978ac888bd5272e6298b167425d04242cd98be38f8238,7,0,bookkeeping_only
CSI-CHAIN-LOCAL-01,full-71a5854-20260925T115726Z-edr-a,full,L1-EDR,HardhatNetwork/2.29.1/@nomicfoundation/edr/0.3.8,osaka,31337,primary,primary-plonk-d5,plonk,5,10,9,verify_credential,tx,PLK-d5-p3,3,14,A0,manager,CredentialManagerPlonk,0xe7f1725E7734CE288F8367e1Bb143E90bb3F0512,7,1000000,1,1,,,,,1,299641,804,4,3204,12816,53040,0,33816,265825,0,,,,,,7100c4ceb7d3eac1a386d382445e8c82573a93504ce95775938d7ee860489fb1,0x54de465339ff1118b8b1fa2584de4784285ad5bd5e20ad0e473aece2ed817a46,8,0,bookkeeping_only
CSI-CHAIN-LOCAL-01,full-71a5854-20260925T115726Z-edr-a,full,L1-EDR,HardhatNetwork/2.29.1/@nomicfoundation/edr/0.3.8,osaka,31337,primary,primary-plonk-d5,plonk,5,10,10,verify_credential,tx,PLK-d5-p4,4,18,A0,manager,CredentialManagerPlonk,0xe7f1725E7734CE288F8367e1Bb143E90bb3F0512,8,1000000,1,1,,,,,1,299397,804,7,3195,12780,52950,0,33780,265617,0,,,,,,b3d581ac9073e9ecef7aa2b165d9ab56e3e007d1e27a6b30ea0d0c7fe7507ef8,0x8d807c658d336bdebb531dc2ec151f3b562c6728da99e83edabbd038fe3f1e43,9,0,bookkeeping_only
CSI-CHAIN-LOCAL-01,full-71a5854-20260925T115726Z-edr-a,full,L1-EDR,HardhatNetwork/2.29.1/@nomicfoundation/edr/0.3.8,osaka,31337,primary,primary-plonk-d5,plonk,5,10,11,verify_credential,tx,PLK-d5-p5,5,22,A0,manager,CredentialManagerPlonk,0xe7f1725E7734CE288F8367e1Bb143E90bb3F0512,9,1000000,1,1,,,,,1,301023,804,2,3210,12840,53100,0,33840,267183,0,,,,,,b8ab9406f5505391e667b4eb1f090783eafb3ba6083f0902b73cbc9eb4771fc5,0xfbd3710319d43652d444c3f177bd8d6583aea22f1d060f475a10f3efbca21f49,10,0,bookkeeping_only
CSI-CHAIN-LOCAL-01,full-71a5854-20260925T115726Z-edr-a,full,L1-EDR,HardhatNetwork/2.29.1/@nomicfoundation/edr/0.3.8,osaka,31337,primary,primary-plonk-d5,plonk,5,10,12,verify_credential,tx,PLK-d5-p6,6,26,A0,manager,CredentialManagerPlonk,0xe7f1725E7734CE288F8367e1Bb143E90bb3F0512,10,1000000,1,1,,,,,1,299971,804,3,3207,12828,53070,0,33828,266143,0,,,,,,9bbdcf2a8a9d4ac362cef928b0566c8810bbac0ba270528d8e44ca15c64c34f6,0xca9c83d7250a11443ca16b0ed493dfc40c185b88437f9621cccf143cce6eef99,11,0,bookkeeping_only
CSI-CHAIN-LOCAL-01,full-71a5854-20260925T115726Z-edr-a,full,L1-EDR,HardhatNetwork/2.29.1/@nomicfoundation/edr/0.3.8,osaka,31337,primary,primary-plonk-d5,plonk,5,10,13,verify_credential,tx,PLK-d5-p7,7,30,A0,manager,CredentialManagerPlonk,0xe7f1725E7734CE288F8367e1Bb143E90bb3F0512,11,1000000,1,1,,,,,1,300057,804,4,3204,12816,53040,0,33816,266241,0,,,,,,a7ba63f536e220919d55362f6d0cbb38e3fd3ecc97e630595bcf4e3cee5c1613,0xf021ca674bf786253bfc424fa30f7b3ec22e44594b8fdfa54d68ce2f32f3e7f5,12,0,bookkeeping_only
CSI-CHAIN-LOCAL-01,full-71a5854-20260925T115726Z-edr-a,full,L1-EDR,HardhatNetwork/2.29.1/@nomicfoundation/edr/0.3.8,osaka,31337,primary,primary-plonk-d5,plonk,5,10,14,verify_proof_call,call,PLK-d5-p0,0,2,A0,verifier,PlonkVerifierDepth5,0x5FbDB2315678afecb367f032d93F642f64180aa3,,,call,call,,,true,true,1,,804,4,3204,,,,,,,,,,,,315d3ac17962361c7786a0a69b96507826e7200eb0f41d726d0c5b3e60c1664f,,,,bookkeeping_only
CSI-CHAIN-LOCAL-01,full-71a5854-20260925T115726Z-edr-a,full,L1-EDR,HardhatNetwork/2.29.1/@nomicfoundation/edr/0.3.8,osaka,31337,primary,primary-plonk-d5,plonk,5,10,15,verify_proof_call,call,PLK-d5-p1,1,6,A0,verifier,PlonkVerifierDepth5,0x5FbDB2315678afecb367f032d93F642f64180aa3,,,call,call,,,true,true,1,,804,5,3201,,,,,,,,,,,,adf8fc4951542c7e77aee9b94bfd4decbe39c77e994f1fc8643af1de194144c4,,,,bookkeeping_only
CSI-CHAIN-LOCAL-01,full-71a5854-20260925T115726Z-edr-a,full,L1-EDR,HardhatNetwork/2.29.1/@nomicfoundation/edr/0.3.8,osaka,31337,primary,primary-plonk-d5,plonk,5,10,16,verify_proof_call,call,PLK-d5-p2,2,10,A0,verifier,PlonkVerifierDepth5,0x5FbDB2315678afecb367f032d93F642f64180aa3,,,call,call,,,true,true,1,,804,4,3204,,,,,,,,,,,,75791ed8effde38cdc62ae3343c5d8a5c8abdb768baebba56b256a481395f051,,,,bookkeeping_only
CSI-CHAIN-LOCAL-01,full-71a5854-20260925T115726Z-edr-a,full,L1-EDR,HardhatNetwork/2.29.1/@nomicfoundation/edr/0.3.8,osaka,31337,primary,primary-plonk-d5,plonk,5,10,17,verify_proof_call,call,PLK-d5-p3,3,14,A0,verifier,PlonkVerifierDepth5,0x5FbDB2315678afecb367f032d93F642f64180aa3,,,call,call,,,true,true,1,,804,4,3204,,,,,,,,,,,,d89fad3824540a62becd6c05314a55640a623d891fc0dd345737c5a96088ae96,,,,bookkeeping_only
CSI-CHAIN-LOCAL-01,full-71a5854-20260925T115726Z-edr-a,full,L1-EDR,HardhatNetwork/2.29.1/@nomicfoundation/edr/0.3.8,osaka,31337,primary,primary-plonk-d5,plonk,5,10,18,verify_proof_call,call,PLK-d5-p4,4,18,A0,verifier,PlonkVerifierDepth5,0x5FbDB2315678afecb367f032d93F642f64180aa3,,,call,call,,,true,true,1,,804,7,3195,,,,,,,,,,,,00a412fdd50ed0579794986f6fec492b9d8a73fa4fbff3de4ad2ff142c573714,,,,bookkeeping_only
CSI-CHAIN-LOCAL-01,full-71a5854-20260925T115726Z-edr-a,full,L1-EDR,HardhatNetwork/2.29.1/@nomicfoundation/edr/0.3.8,osaka,31337,primary,primary-plonk-d5,plonk,5,10,19,verify_proof_call,call,PLK-d5-p5,5,22,A0,verifier,PlonkVerifierDepth5,0x5FbDB2315678afecb367f032d93F642f64180aa3,,,call,call,,,true,true,1,,804,2,3210,,,,,,,,,,,,da686518d90d12cea4470c4496b189453d759e65073074844727bed97b936bf1,,,,bookkeeping_only
CSI-CHAIN-LOCAL-01,full-71a5854-20260925T115726Z-edr-a,full,L1-EDR,HardhatNetwork/2.29.1/@nomicfoundation/edr/0.3.8,osaka,31337,primary,primary-plonk-d5,plonk,5,10,20,verify_proof_call,call,PLK-d5-p6,6,26,A0,verifier,PlonkVerifierDepth5,0x5FbDB2315678afecb367f032d93F642f64180aa3,,,call,call,,,true,true,1,,804,3,3207,,,,,,,,,,,,6f8665c0eafdc54e9771572f703364897b0e02f2638c398a460ba104e5e07367,,,,bookkeeping_only
CSI-CHAIN-LOCAL-01,full-71a5854-20260925T115726Z-edr-a,full,L1-EDR,HardhatNetwork/2.29.1/@nomicfoundation/edr/0.3.8,osaka,31337,primary,primary-plonk-d5,plonk,5,10,21,verify_proof_call,call,PLK-d5-p7,7,30,A0,verifier,PlonkVerifierDepth5,0x5FbDB2315678afecb367f032d93F642f64180aa3,,,call,call,,,true,true,1,,804,4,3204,,,,,,,,,,,,18bce2fab0677dfe4ebf0987795ba0ab36e3e0baa7c4d9252de01d38cbcfb14d,,,,bookkeeping_only
CSI-CHAIN-LOCAL-01,full-71a5854-20260925T115726Z-edr-a,full,L1-EDR,HardhatNetwork/2.29.1/@nomicfoundation/edr/0.3.8,osaka,31337,primary,primary-plonk-d5,plonk,5,10,22,verify_proof_direct,tx,PLK-d5-p0,0,2,A0,verifier,PlonkVerifierDepth5,0x5FbDB2315678afecb367f032d93F642f64180aa3,12,1000000,1,1,,,,,1,291168,804,4,3204,12816,53040,0,33816,257352,0,,,,,,315d3ac17962361c7786a0a69b96507826e7200eb0f41d726d0c5b3e60c1664f,0x83d9227136c61eef85be3eafd17ebbede1b827e9013f3ae753f34c0aeeec05ea,13,0,bookkeeping_only
CSI-CHAIN-LOCAL-01,full-71a5854-20260925T115726Z-edr-a,full,L1-EDR,HardhatNetwork/2.29.1/@nomicfoundation/edr/0.3.8,osaka,31337,primary,primary-plonk-d5,plonk,5,10,23,verify_proof_direct,tx,PLK-d5-p1,1,6,A0,verifier,PlonkVerifierDepth5,0x5FbDB2315678afecb367f032d93F642f64180aa3,13,1000000,1,1,,,,,1,291780,804,5,3201,12804,53010,0,33804,257976,0,,,,,,adf8fc4951542c7e77aee9b94bfd4decbe39c77e994f1fc8643af1de194144c4,0xd4bbce9512bb23bb93c071a5313dd4bff268f0b750a16f978a54f90bf3940279,14,0,bookkeeping_only
CSI-CHAIN-LOCAL-01,full-71a5854-20260925T115726Z-edr-a,full,L1-EDR,HardhatNetwork/2.29.1/@nomicfoundation/edr/0.3.8,osaka,31337,primary,primary-plonk-d5,plonk,5,10,24,verify_proof_direct,tx,PLK-d5-p2,2,10,A0,verifier,PlonkVerifierDepth5,0x5FbDB2315678afecb367f032d93F642f64180aa3,14,1000000,1,1,,,,,1,291584,804,4,3204,12816,53040,0,33816,257768,0,,,,,,75791ed8effde38cdc62ae3343c5d8a5c8abdb768baebba56b256a481395f051,0xa7151256f407bab66294f2a2b4e4ce9f64eb7cfdc9a69e10b268287a18c7df9f,15,0,bookkeeping_only
CSI-CHAIN-LOCAL-01,full-71a5854-20260925T115726Z-edr-a,full,L1-EDR,HardhatNetwork/2.29.1/@nomicfoundation/edr/0.3.8,osaka,31337,primary,primary-plonk-d5,plonk,5,10,25,verify_proof_direct,tx,PLK-d5-p3,3,14,A0,verifier,PlonkVerifierDepth5,0x5FbDB2315678afecb367f032d93F642f64180aa3,15,1000000,1,1,,,,,1,290642,804,4,3204,12816,53040,0,33816,256826,0,,,,,,d89fad3824540a62becd6c05314a55640a623d891fc0dd345737c5a96088ae96,0x07d0dffb22fc7ea03d1c4958dab83225eb25f2c0b411b614511b43c146bb9034,16,0,bookkeeping_only
CSI-CHAIN-LOCAL-01,full-71a5854-20260925T115726Z-edr-a,full,L1-EDR,HardhatNetwork/2.29.1/@nomicfoundation/edr/0.3.8,osaka,31337,primary,primary-plonk-d5,plonk,5,10,26,verify_proof_direct,tx,PLK-d5-p4,4,18,A0,verifier,PlonkVerifierDepth5,0x5FbDB2315678afecb367f032d93F642f64180aa3,16,1000000,1,1,,,,,1,290398,804,7,3195,12780,52950,0,33780,256618,0,,,,,,00a412fdd50ed0579794986f6fec492b9d8a73fa4fbff3de4ad2ff142c573714,0x8211cdb1aa591250541a6ec406f47ffb81795ea5c35f14f6dc30477cf4a6800d,17,0,bookkeeping_only
CSI-CHAIN-LOCAL-01,full-71a5854-20260925T115726Z-edr-a,full,L1-EDR,HardhatNetwork/2.29.1/@nomicfoundation/edr/0.3.8,osaka,31337,primary,primary-plonk-d5,plonk,5,10,27,verify_proof_direct,tx,PLK-d5-p5,5,22,A0,verifier,PlonkVerifierDepth5,0x5FbDB2315678afecb367f032d93F642f64180aa3,17,1000000,1,1,,,,,1,292024,804,2,3210,12840,53100,0,33840,258184,0,,,,,,da686518d90d12cea4470c4496b189453d759e65073074844727bed97b936bf1,0x57c8b54a5c6cd0ec11d5412cfcdcea560e8cc5ee9f6e090505ea40e9751d67f3,18,0,bookkeeping_only
CSI-CHAIN-LOCAL-01,full-71a5854-20260925T115726Z-edr-a,full,L1-EDR,HardhatNetwork/2.29.1/@nomicfoundation/edr/0.3.8,osaka,31337,primary,primary-plonk-d5,plonk,5,10,28,verify_proof_direct,tx,PLK-d5-p6,6,26,A0,verifier,PlonkVerifierDepth5,0x5FbDB2315678afecb367f032d93F642f64180aa3,18,1000000,1,1,,,,,1,290972,804,3,3207,12828,53070,0,33828,257144,0,,,,,,6f8665c0eafdc54e9771572f703364897b0e02f2638c398a460ba104e5e07367,0xdc8dd3b89248370efd7ccd21efa4bd0dcd09b09fced090e245908fea6611faf2,19,0,bookkeeping_only
CSI-CHAIN-LOCAL-01,full-71a5854-20260925T115726Z-edr-a,full,L1-EDR,HardhatNetwork/2.29.1/@nomicfoundation/edr/0.3.8,osaka,31337,primary,primary-plonk-d5,plonk,5,10,29,verify_proof_direct,tx,PLK-d5-p7,7,30,A0,verifier,PlonkVerifierDepth5,0x5FbDB2315678afecb367f032d93F642f64180aa3,19,1000000,1,1,,,,,1,291058,804,4,3204,12816,53040,0,33816,257242,0,,,,,,18bce2fab0677dfe4ebf0987795ba0ab36e3e0baa7c4d9252de01d38cbcfb14d,0xc2bad7a8fc2335f9214c6f52da4b07bc9b87a1222ac53754c8a03c3eed425cd1,20,0,bookkeeping_only
CSI-CHAIN-LOCAL-01,full-71a5854-20260925T115726Z-edr-a,full,L1-EDR,HardhatNetwork/2.29.1/@nomicfoundation/edr/0.3.8,osaka,31337,primary,primary-plonk-d5,plonk,5,10,30,neg_unknown_root,tx,PLK-d10-p0,0,64,A0,manager,CredentialManagerPlonk,0xe7f1725E7734CE288F8367e1Bb143E90bb3F0512,20,3000000,0,0,Invalid root,Invalid root,,,1,53040,804,4,3204,12816,53040,0,33816,19224,1,,,,,,6bf3a0d41decfc4fef1c2d1b8f63a8e574b03afc39ee5228c6ae46acbaf08690,0x19034be3edbb19f719381a2a1bfb3458922ce24337b0f8db14973dec35873abf,21,0,bookkeeping_only
CSI-CHAIN-LOCAL-01,full-71a5854-20260925T115726Z-edr-a,full,L1-EDR,HardhatNetwork/2.29.1/@nomicfoundation/edr/0.3.8,osaka,31337,primary,primary-plonk-d5,plonk,5,10,31,neg_tampered_call,call,PLK-d5-p0,0,2,A0,verifier,PlonkVerifierDepth5,0x5FbDB2315678afecb367f032d93F642f64180aa3,,,call,call,,,false,false,1,,804,4,3204,,,,,,,,,,,,b11e07f711e5e9da2fb7a45bd7af0acbaff903d0af96396c62397206cbfa61f7,,,,bookkeeping_only
CSI-CHAIN-LOCAL-01,full-71a5854-20260925T115726Z-edr-a,full,L1-EDR,HardhatNetwork/2.29.1/@nomicfoundation/edr/0.3.8,osaka,31337,primary,primary-plonk-d5,plonk,5,10,32,neg_tampered,tx,PLK-d5-p0,0,2,A0,manager,CredentialManagerPlonk,0xe7f1725E7734CE288F8367e1Bb143E90bb3F0512,21,3000000,0,0,Invalid proof,Invalid proof,,,1,299137,804,4,3204,12816,53040,0,33816,265321,0,,,,,,ed2b76749cae6ee859546569ede982b69378a052327e7f57caed0f7975f32c0b,0x9733534e48a34109b9c4dd39ba8f7972cdcb059312feaef304807294b20e6f34,22,0,bookkeeping_only
CSI-CHAIN-LOCAL-01,full-71a5854-20260925T115726Z-edr-a,full,L1-EDR,HardhatNetwork/2.29.1/@nomicfoundation/edr/0.3.8,osaka,31337,primary,primary-plonk-d5,plonk,5,10,33,neg_cross_depth_setup,tx,PLK-d10-p0,0,64,A0,manager,CredentialManagerPlonk,0xe7f1725E7734CE288F8367e1Bb143E90bb3F0512,22,300000,1,1,,,,,1,47346,36,0,144,576,22440,0,21576,25770,0,,,,,,c70e0fc0dcce1b144b1b3352307a21f93a93f2fce4e70bc9dec9627a6e721205,0x2f21372d21e6df019c467a000898259cae6368a698b8ad9bbd1af0ee0d7314a9,23,0,bookkeeping_only
CSI-CHAIN-LOCAL-01,full-71a5854-20260925T115726Z-edr-a,full,L1-EDR,HardhatNetwork/2.29.1/@nomicfoundation/edr/0.3.8,osaka,31337,primary,primary-plonk-d5,plonk,5,10,34,neg_cross_depth_call,call,PLK-d10-p0,0,64,A0,verifier,PlonkVerifierDepth5,0x5FbDB2315678afecb367f032d93F642f64180aa3,,,call,call,,,false,false,1,,804,4,3204,,,,,,,,,,,,90dd66bcd72c6143529772c40d979cb44dfc9cc4e0b417de520a01bb3ca89f57,,,,bookkeeping_only
CSI-CHAIN-LOCAL-01,full-71a5854-20260925T115726Z-edr-a,full,L1-EDR,HardhatNetwork/2.29.1/@nomicfoundation/edr/0.3.8,osaka,31337,primary,primary-plonk-d5,plonk,5,10,35,neg_cross_depth,tx,PLK-d10-p0,0,64,A0,manager,CredentialManagerPlonk,0xe7f1725E7734CE288F8367e1Bb143E90bb3F0512,23,3000000,0,0,Invalid proof,Invalid proof,,,1,299235,804,4,3204,12816,53040,0,33816,265419,0,,,,,,6bf3a0d41decfc4fef1c2d1b8f63a8e574b03afc39ee5228c6ae46acbaf08690,0x9749d7bc6bbc7da30e421a7eff66fc82f9dc291f4bcf111135b169dc5c187780,24,0,bookkeeping_only
CSI-CHAIN-LOCAL-01,full-71a5854-20260925T115726Z-edr-a,full,L1-EDR,HardhatNetwork/2.29.1/@nomicfoundation/edr/0.3.8,osaka,31337,primary,primary-plonk-d5,plonk,5,10,36,neg_non_issuer,tx,PLK-d5-p0,0,2,A1,manager,CredentialManagerPlonk,0xe7f1725E7734CE288F8367e1Bb143E90bb3F0512,0,300000,0,0,CredentialManager: not issuer,CredentialManager: not issuer,,,1,24171,36,1,141,564,22410,0,21564,2607,0,,,,,,b91c4cff980f8874fb8d0fca3dd2b3046defc125bb26b20f9f41f40dec3d44ad,0xee9e313f5d2acc00d611c4b934b83d5c64ba6935a907037ca539728530be850e,25,0,bookkeeping_only
CSI-CHAIN-LOCAL-01,full-71a5854-20260925T115726Z-edr-a,full,L1-EDR,HardhatNetwork/2.29.1/@nomicfoundation/edr/0.3.8,osaka,31337,primary,primary-plonk-d10,plonk,10,11,1,deploy_verifier,tx,,,,A0,,PlonkVerifierDepth10,0x5FbDB2315678afecb367f032d93F642f64180aa3,0,6000000,1,1,,,,,1,1222173,5445,168,21276,85104,233760,32342,138446,1083727,0,1082600,5445,5413,0x0f9e4e6a75f74410329f14fbc186bf6a563c32c6ade9bb87c537b598001df46a,1,f5cab2d9465094fdad6b7a9d25f16fb8568bc3dadeffeae49ee20605d3da96d4,0x04fc5bec94bf4ce0915e94c7da6a3eb1568bbbd035f3273f8afad1b972954b07,1,0,bookkeeping_only
CSI-CHAIN-LOCAL-01,full-71a5854-20260925T115726Z-edr-a,full,L1-EDR,HardhatNetwork/2.29.1/@nomicfoundation/edr/0.3.8,osaka,31337,primary,primary-plonk-d10,plonk,10,11,2,deploy_manager,tx,,,,A0,,CredentialManagerPlonk,0xe7f1725E7734CE288F8367e1Bb143E90bb3F0512,1,6000000,1,1,,,,,1,541930,2302,81,8965,35860,110650,32144,89004,452926,0,406400,2302,2032,0x81cfa580fc010d5bf437f4e25120ed772a570f64d5503726e6beb874892ec653,1,bd7d37aac5445da7be132e8d32c481e19c8340c0c76eebdf81a7dbf12c9c4d18,0x4288d3937b479b54263ce14b846e45a30130a5f9600094565397f418694139df,2,0,bookkeeping_only
CSI-CHAIN-LOCAL-01,full-71a5854-20260925T115726Z-edr-a,full,L1-EDR,HardhatNetwork/2.29.1/@nomicfoundation/edr/0.3.8,osaka,31337,primary,primary-plonk-d10,plonk,10,11,3,set_issuer,tx,,,,A0,manager,CredentialManagerPlonk,0xe7f1725E7734CE288F8367e1Bb143E90bb3F0512,2,300000,1,1,,,,,1,47900,68,43,143,572,22430,0,21572,26328,0,,,,,,727fd06686258f939093f54b4f3c375b0f3052da4ba7867e73d6f93a90702a06,0xcde6d7bbbf9472da7ac2a0339705e4e7204cb790bd18af10b95107cde2a5cd23,3,0,bookkeeping_only
CSI-CHAIN-LOCAL-01,full-71a5854-20260925T115726Z-edr-a,full,L1-EDR,HardhatNetwork/2.29.1/@nomicfoundation/edr/0.3.8,osaka,31337,primary,primary-plonk-d10,plonk,10,11,4,add_root,tx,,,,A0,manager,CredentialManagerPlonk,0xe7f1725E7734CE288F8367e1Bb143E90bb3F0512,3,300000,1,1,,,,,1,47346,36,0,144,576,22440,0,21576,25770,0,,,,,,c70e0fc0dcce1b144b1b3352307a21f93a93f2fce4e70bc9dec9627a6e721205,0xd25854a79741902f46f09fd8334b7d4d4b4af4d35857c9a673e7d23bcff95f90,4,0,bookkeeping_only
CSI-CHAIN-LOCAL-01,full-71a5854-20260925T115726Z-edr-a,full,L1-EDR,HardhatNetwork/2.29.1/@nomicfoundation/edr/0.3.8,osaka,31337,primary,primary-plonk-d10,plonk,10,11,5,precheck_call,call,PLK-d10-p0,0,64,A0,manager,CredentialManagerPlonk,0xe7f1725E7734CE288F8367e1Bb143E90bb3F0512,,,call,call,,,true,true,1,,804,4,3204,,,,,,,,,,,,6bf3a0d41decfc4fef1c2d1b8f63a8e574b03afc39ee5228c6ae46acbaf08690,,,,bookkeeping_only
CSI-CHAIN-LOCAL-01,full-71a5854-20260925T115726Z-edr-a,full,L1-EDR,HardhatNetwork/2.29.1/@nomicfoundation/edr/0.3.8,osaka,31337,primary,primary-plonk-d10,plonk,10,11,6,verify_credential,tx,PLK-d10-p0,0,64,A0,manager,CredentialManagerPlonk,0xe7f1725E7734CE288F8367e1Bb143E90bb3F0512,4,1000000,1,1,,,,,1,300791,804,4,3204,12816,53040,0,33816,266975,0,,,,,,6bf3a0d41decfc4fef1c2d1b8f63a8e574b03afc39ee5228c6ae46acbaf08690,0xa4147e16bdb28fddcfa3870c2abf13d52c2f29afffe39a57e20e6fffabd456d1,5,0,bookkeeping_only
CSI-CHAIN-LOCAL-01,full-71a5854-20260925T115726Z-edr-a,full,L1-EDR,HardhatNetwork/2.29.1/@nomicfoundation/edr/0.3.8,osaka,31337,primary,primary-plonk-d10,plonk,10,11,7,verify_credential,tx,PLK-d10-p1,1,192,A0,manager,CredentialManagerPlonk,0xe7f1725E7734CE288F8367e1Bb143E90bb3F0512,5,1000000,1,1,,,,,1,298613,804,3,3207,12828,53070,0,33828,264785,0,,,,,,48d3ccc9c82c2a89033ba5d1bc6d1775a061f3dc42c1d3f3f49d5cbe4c5c6a7d,0x2b476e51d307fbf64094be9c298a669964f3dc004460b501a11b5cdb47361ca8,6,0,bookkeeping_only
CSI-CHAIN-LOCAL-01,full-71a5854-20260925T115726Z-edr-a,full,L1-EDR,HardhatNetwork/2.29.1/@nomicfoundation/edr/0.3.8,osaka,31337,primary,primary-plonk-d10,plonk,10,11,8,verify_credential,tx,PLK-d10-p2,2,320,A0,manager,CredentialManagerPlonk,0xe7f1725E7734CE288F8367e1Bb143E90bb3F0512,6,1000000,1,1,,,,,1,299359,804,2,3210,12840,53100,0,33840,265519,0,,,,,,3a8cc9ccc552302b184ba711e587cf078ca48402ea4e2c2cd1011c069967dbff,0xebfdbd59aacc35f26dd4754e54d409806908f1465292d1d4a0e7bbb1b55fb30e,7,0,bookkeeping_only
CSI-CHAIN-LOCAL-01,full-71a5854-20260925T115726Z-edr-a,full,L1-EDR,HardhatNetwork/2.29.1/@nomicfoundation/edr/0.3.8,osaka,31337,primary,primary-plonk-d10,plonk,10,11,9,verify_credential,tx,PLK-d10-p3,3,448,A0,manager,CredentialManagerPlonk,0xe7f1725E7734CE288F8367e1Bb143E90bb3F0512,7,1000000,1,1,,,,,1,299763,804,3,3207,12828,53070,0,33828,265935,0,,,,,,6faeb34a87b2eee3cbbb926b1f20fa123551a531e211b025e5ef185fdaa63d88,0xff2fd1e27e1d0832024e35a7969699e99eb83d904ea09bcae6b30327a3e9ceb0,8,0,bookkeeping_only
CSI-CHAIN-LOCAL-01,full-71a5854-20260925T115726Z-edr-a,full,L1-EDR,HardhatNetwork/2.29.1/@nomicfoundation/edr/0.3.8,osaka,31337,primary,primary-plonk-d10,plonk,10,11,10,verify_credential,tx,PLK-d10-p4,4,576,A0,manager,CredentialManagerPlonk,0xe7f1725E7734CE288F8367e1Bb143E90bb3F0512,8,1000000,1,1,,,,,1,300901,804,3,3207,12828,53070,0,33828,267073,0,,,,,,889ad5536b6db7e8df862fb041bdc5035d9ac81e1e99e82fe695630642ec0377,0xfca35c4893968c3e578484d2db58cf9eed0419731707eaa13da02729ca66289a,9,0,bookkeeping_only
CSI-CHAIN-LOCAL-01,full-71a5854-20260925T115726Z-edr-a,full,L1-EDR,HardhatNetwork/2.29.1/@nomicfoundation/edr/0.3.8,osaka,31337,primary,primary-plonk-d10,plonk,10,11,11,verify_credential,tx,PLK-d10-p5,5,704,A0,manager,CredentialManagerPlonk,0xe7f1725E7734CE288F8367e1Bb143E90bb3F0512,9,1000000,1,1,,,,,1,299885,804,1,3213,12852,53130,0,33852,266033,0,,,,,,7571976dd0ba2db2c85c6ca056ba8f0645133d72e9a6073fb97c5ceabf6baad4,0x7d62cebbbaa8bed2a8ec93e44bdcacb014d3c1c4c005c9870a83a2670976bba6,10,0,bookkeeping_only
CSI-CHAIN-LOCAL-01,full-71a5854-20260925T115726Z-edr-a,full,L1-EDR,HardhatNetwork/2.29.1/@nomicfoundation/edr/0.3.8,osaka,31337,primary,primary-plonk-d10,plonk,10,11,12,verify_credential,tx,PLK-d10-p6,6,832,A0,manager,CredentialManagerPlonk,0xe7f1725E7734CE288F8367e1Bb143E90bb3F0512,10,1000000,1,1,,,,,1,302063,804,2,3210,12840,53100,0,33840,268223,0,,,,,,448a66178c8e0f4abe44e1af57943a95f564075d60cd1f94e9ea6cedd278440f,0x92631fb12c76629f95793cfa4123bcb5f2d6fc1edbd9f333cd7c8ebd30f5f6e2,11,0,bookkeeping_only
CSI-CHAIN-LOCAL-01,full-71a5854-20260925T115726Z-edr-a,full,L1-EDR,HardhatNetwork/2.29.1/@nomicfoundation/edr/0.3.8,osaka,31337,primary,primary-plonk-d10,plonk,10,11,13,verify_credential,tx,PLK-d10-p7,7,960,A0,manager,CredentialManagerPlonk,0xe7f1725E7734CE288F8367e1Bb143E90bb3F0512,11,1000000,1,1,,,,,1,300387,804,3,3207,12828,53070,0,33828,266559,0,,,,,,3462c47b8d50baac32f85d0648dfcbb6fb3289d0caeab7d76dd92fc72acd00f8,0xafa2753bd25ca71ee527b4bcbd958dce4aa1977992e4af6d7b0cbb191222dde2,12,0,bookkeeping_only
CSI-CHAIN-LOCAL-01,full-71a5854-20260925T115726Z-edr-a,full,L1-EDR,HardhatNetwork/2.29.1/@nomicfoundation/edr/0.3.8,osaka,31337,primary,primary-plonk-d10,plonk,10,11,14,verify_proof_call,call,PLK-d10-p0,0,64,A0,verifier,PlonkVerifierDepth10,0x5FbDB2315678afecb367f032d93F642f64180aa3,,,call,call,,,true,true,1,,804,4,3204,,,,,,,,,,,,90dd66bcd72c6143529772c40d979cb44dfc9cc4e0b417de520a01bb3ca89f57,,,,bookkeeping_only
CSI-CHAIN-LOCAL-01,full-71a5854-20260925T115726Z-edr-a,full,L1-EDR,HardhatNetwork/2.29.1/@nomicfoundation/edr/0.3.8,osaka,31337,primary,primary-plonk-d10,plonk,10,11,15,verify_proof_call,call,PLK-d10-p1,1,192,A0,verifier,PlonkVerifierDepth10,0x5FbDB2315678afecb367f032d93F642f64180aa3,,,call,call,,,true,true,1,,804,3,3207,,,,,,,,,,,,be29702cb43a234f6f6cafe96c5672fa43157bade51186b68b7af165a00e33f0,,,,bookkeeping_only
CSI-CHAIN-LOCAL-01,full-71a5854-20260925T115726Z-edr-a,full,L1-EDR,HardhatNetwork/2.29.1/@nomicfoundation/edr/0.3.8,osaka,31337,primary,primary-plonk-d10,plonk,10,11,16,verify_proof_call,call,PLK-d10-p2,2,320,A0,verifier,PlonkVerifierDepth10,0x5FbDB2315678afecb367f032d93F642f64180aa3,,,call,call,,,true,true,1,,804,2,3210,,,,,,,,,,,,d5fb1114574b096ff2131276de98b05d57ecf3a97845bee91a42ea623fe8bfad,,,,bookkeeping_only
CSI-CHAIN-LOCAL-01,full-71a5854-20260925T115726Z-edr-a,full,L1-EDR,HardhatNetwork/2.29.1/@nomicfoundation/edr/0.3.8,osaka,31337,primary,primary-plonk-d10,plonk,10,11,17,verify_proof_call,call,PLK-d10-p3,3,448,A0,verifier,PlonkVerifierDepth10,0x5FbDB2315678afecb367f032d93F642f64180aa3,,,call,call,,,true,true,1,,804,3,3207,,,,,,,,,,,,078a513e4ae3f61c071d9ae80416e979e4e62f03ee180acff9deb51e295f21b8,,,,bookkeeping_only
CSI-CHAIN-LOCAL-01,full-71a5854-20260925T115726Z-edr-a,full,L1-EDR,HardhatNetwork/2.29.1/@nomicfoundation/edr/0.3.8,osaka,31337,primary,primary-plonk-d10,plonk,10,11,18,verify_proof_call,call,PLK-d10-p4,4,576,A0,verifier,PlonkVerifierDepth10,0x5FbDB2315678afecb367f032d93F642f64180aa3,,,call,call,,,true,true,1,,804,3,3207,,,,,,,,,,,,76d65539e61c545609ba5af72922b30ade666eeae682dc30975aa5247920c81d,,,,bookkeeping_only
CSI-CHAIN-LOCAL-01,full-71a5854-20260925T115726Z-edr-a,full,L1-EDR,HardhatNetwork/2.29.1/@nomicfoundation/edr/0.3.8,osaka,31337,primary,primary-plonk-d10,plonk,10,11,19,verify_proof_call,call,PLK-d10-p5,5,704,A0,verifier,PlonkVerifierDepth10,0x5FbDB2315678afecb367f032d93F642f64180aa3,,,call,call,,,true,true,1,,804,1,3213,,,,,,,,,,,,0088ccc137dfb53be3591ae61947f08006230750ae4609f9e6d319ff72cf6360,,,,bookkeeping_only
CSI-CHAIN-LOCAL-01,full-71a5854-20260925T115726Z-edr-a,full,L1-EDR,HardhatNetwork/2.29.1/@nomicfoundation/edr/0.3.8,osaka,31337,primary,primary-plonk-d10,plonk,10,11,20,verify_proof_call,call,PLK-d10-p6,6,832,A0,verifier,PlonkVerifierDepth10,0x5FbDB2315678afecb367f032d93F642f64180aa3,,,call,call,,,true,true,1,,804,2,3210,,,,,,,,,,,,8090b93942453a0f926ec8f8383270939c8234a595f27d3cf0c1a631fe4a0b80,,,,bookkeeping_only
CSI-CHAIN-LOCAL-01,full-71a5854-20260925T115726Z-edr-a,full,L1-EDR,HardhatNetwork/2.29.1/@nomicfoundation/edr/0.3.8,osaka,31337,primary,primary-plonk-d10,plonk,10,11,21,verify_proof_call,call,PLK-d10-p7,7,960,A0,verifier,PlonkVerifierDepth10,0x5FbDB2315678afecb367f032d93F642f64180aa3,,,call,call,,,true,true,1,,804,3,3207,,,,,,,,,,,,702de57ff9ff14ff9e0f404d47d32ca925c2a6614557a7236149f723214dc909,,,,bookkeeping_only
CSI-CHAIN-LOCAL-01,full-71a5854-20260925T115726Z-edr-a,full,L1-EDR,HardhatNetwork/2.29.1/@nomicfoundation/edr/0.3.8,osaka,31337,primary,primary-plonk-d10,plonk,10,11,22,verify_proof_direct,tx,PLK-d10-p0,0,64,A0,verifier,PlonkVerifierDepth10,0x5FbDB2315678afecb367f032d93F642f64180aa3,12,1000000,1,1,,,,,1,291792,804,4,3204,12816,53040,0,33816,257976,0,,,,,,90dd66bcd72c6143529772c40d979cb44dfc9cc4e0b417de520a01bb3ca89f57,0xd15d3df646f52c3656f2f73d9cd38bbf594c95b99b29ee9d2be0f2e715982328,13,0,bookkeeping_only
CSI-CHAIN-LOCAL-01,full-71a5854-20260925T115726Z-edr-a,full,L1-EDR,HardhatNetwork/2.29.1/@nomicfoundation/edr/0.3.8,osaka,31337,primary,primary-plonk-d10,plonk,10,11,23,verify_proof_direct,tx,PLK-d10-p1,1,192,A0,verifier,PlonkVerifierDepth10,0x5FbDB2315678afecb367f032d93F642f64180aa3,13,1000000,1,1,,,,,1,289614,804,3,3207,12828,53070,0,33828,255786,0,,,,,,be29702cb43a234f6f6cafe96c5672fa43157bade51186b68b7af165a00e33f0,0x628a56b5d06c8a0d2461053d1b8de812975e86c365c4efd150af12ebb78dbf4e,14,0,bookkeeping_only
CSI-CHAIN-LOCAL-01,full-71a5854-20260925T115726Z-edr-a,full,L1-EDR,HardhatNetwork/2.29.1/@nomicfoundation/edr/0.3.8,osaka,31337,primary,primary-plonk-d10,plonk,10,11,24,verify_proof_direct,tx,PLK-d10-p2,2,320,A0,verifier,PlonkVerifierDepth10,0x5FbDB2315678afecb367f032d93F642f64180aa3,14,1000000,1,1,,,,,1,290360,804,2,3210,12840,53100,0,33840,256520,0,,,,,,d5fb1114574b096ff2131276de98b05d57ecf3a97845bee91a42ea623fe8bfad,0xc5c02d0d357776307605f74b0537f706d16653299a1883fba56c4c8ffbe26c9e,15,0,bookkeeping_only
CSI-CHAIN-LOCAL-01,full-71a5854-20260925T115726Z-edr-a,full,L1-EDR,HardhatNetwork/2.29.1/@nomicfoundation/edr/0.3.8,osaka,31337,primary,primary-plonk-d10,plonk,10,11,25,verify_proof_direct,tx,PLK-d10-p3,3,448,A0,verifier,PlonkVerifierDepth10,0x5FbDB2315678afecb367f032d93F642f64180aa3,15,1000000,1,1,,,,,1,290764,804,3,3207,12828,53070,0,33828,256936,0,,,,,,078a513e4ae3f61c071d9ae80416e979e4e62f03ee180acff9deb51e295f21b8,0x01219571e01f986ddb5067521894440835683308935588024986ae068ace7be1,16,0,bookkeeping_only
CSI-CHAIN-LOCAL-01,full-71a5854-20260925T115726Z-edr-a,full,L1-EDR,HardhatNetwork/2.29.1/@nomicfoundation/edr/0.3.8,osaka,31337,primary,primary-plonk-d10,plonk,10,11,26,verify_proof_direct,tx,PLK-d10-p4,4,576,A0,verifier,PlonkVerifierDepth10,0x5FbDB2315678afecb367f032d93F642f64180aa3,16,1000000,1,1,,,,,1,291902,804,3,3207,12828,53070,0,33828,258074,0,,,,,,76d65539e61c545609ba5af72922b30ade666eeae682dc30975aa5247920c81d,0x0d426a7ef196e297d1a186fa601c2e4c0bdc63725ad861601251ef1434bfc4a1,17,0,bookkeeping_only
CSI-CHAIN-LOCAL-01,full-71a5854-20260925T115726Z-edr-a,full,L1-EDR,HardhatNetwork/2.29.1/@nomicfoundation/edr/0.3.8,osaka,31337,primary,primary-plonk-d10,plonk,10,11,27,verify_proof_direct,tx,PLK-d10-p5,5,704,A0,verifier,PlonkVerifierDepth10,0x5FbDB2315678afecb367f032d93F642f64180aa3,17,1000000,1,1,,,,,1,290886,804,1,3213,12852,53130,0,33852,257034,0,,,,,,0088ccc137dfb53be3591ae61947f08006230750ae4609f9e6d319ff72cf6360,0xc4a2112e890fc14cf4c02a476d5ec534a0c63b0b58d1f57037273cafc2a3f825,18,0,bookkeeping_only
CSI-CHAIN-LOCAL-01,full-71a5854-20260925T115726Z-edr-a,full,L1-EDR,HardhatNetwork/2.29.1/@nomicfoundation/edr/0.3.8,osaka,31337,primary,primary-plonk-d10,plonk,10,11,28,verify_proof_direct,tx,PLK-d10-p6,6,832,A0,verifier,PlonkVerifierDepth10,0x5FbDB2315678afecb367f032d93F642f64180aa3,18,1000000,1,1,,,,,1,293064,804,2,3210,12840,53100,0,33840,259224,0,,,,,,8090b93942453a0f926ec8f8383270939c8234a595f27d3cf0c1a631fe4a0b80,0x875312e8038f43c149c60c2e89147ec08795438f310c7c3eeac8f0fcd47e0b9c,19,0,bookkeeping_only
CSI-CHAIN-LOCAL-01,full-71a5854-20260925T115726Z-edr-a,full,L1-EDR,HardhatNetwork/2.29.1/@nomicfoundation/edr/0.3.8,osaka,31337,primary,primary-plonk-d10,plonk,10,11,29,verify_proof_direct,tx,PLK-d10-p7,7,960,A0,verifier,PlonkVerifierDepth10,0x5FbDB2315678afecb367f032d93F642f64180aa3,19,1000000,1,1,,,,,1,291388,804,3,3207,12828,53070,0,33828,257560,0,,,,,,702de57ff9ff14ff9e0f404d47d32ca925c2a6614557a7236149f723214dc909,0x1cae182ee1d3c7e80ac2f1b7bf0259426114ec34adec15bd94a1f7d12e18d3a2,20,0,bookkeeping_only
CSI-CHAIN-LOCAL-01,full-71a5854-20260925T115726Z-edr-a,full,L1-EDR,HardhatNetwork/2.29.1/@nomicfoundation/edr/0.3.8,osaka,31337,primary,primary-plonk-d10,plonk,10,11,30,neg_unknown_root,tx,PLK-d11-p0,0,128,A0,manager,CredentialManagerPlonk,0xe7f1725E7734CE288F8367e1Bb143E90bb3F0512,20,3000000,0,0,Invalid root,Invalid root,,,1,53070,804,3,3207,12828,53070,0,33828,19242,1,,,,,,2b47235792217a37372089e141f1674bb5844d874e984fef7f6c13e2fa66e3e7,0xf265f17b73370ed812c40eadae65869305f29ba5aada98c3ab69c46c185ba8bb,21,0,bookkeeping_only
CSI-CHAIN-LOCAL-01,full-71a5854-20260925T115726Z-edr-a,full,L1-EDR,HardhatNetwork/2.29.1/@nomicfoundation/edr/0.3.8,osaka,31337,primary,primary-plonk-d10,plonk,10,11,31,neg_tampered_call,call,PLK-d10-p0,0,64,A0,verifier,PlonkVerifierDepth10,0x5FbDB2315678afecb367f032d93F642f64180aa3,,,call,call,,,false,false,1,,804,4,3204,,,,,,,,,,,,7298d00100b91f13f56ed67d511c63cab017f9347f6ea0983816ceee97736554,,,,bookkeeping_only
CSI-CHAIN-LOCAL-01,full-71a5854-20260925T115726Z-edr-a,full,L1-EDR,HardhatNetwork/2.29.1/@nomicfoundation/edr/0.3.8,osaka,31337,primary,primary-plonk-d10,plonk,10,11,32,neg_tampered,tx,PLK-d10-p0,0,64,A0,manager,CredentialManagerPlonk,0xe7f1725E7734CE288F8367e1Bb143E90bb3F0512,21,3000000,0,0,Invalid proof,Invalid proof,,,1,299761,804,4,3204,12816,53040,0,33816,265945,0,,,,,,6c6dee1d12c1395c4899f84403f155966011720bfc990c6f2dd8bd041da1cf33,0xde13be85545265258903828913cb22efd7ac3d0f2a36c999b44a8140a0c11b38,22,0,bookkeeping_only
CSI-CHAIN-LOCAL-01,full-71a5854-20260925T115726Z-edr-a,full,L1-EDR,HardhatNetwork/2.29.1/@nomicfoundation/edr/0.3.8,osaka,31337,primary,primary-plonk-d10,plonk,10,11,33,neg_cross_depth_setup,tx,PLK-d11-p0,0,128,A0,manager,CredentialManagerPlonk,0xe7f1725E7734CE288F8367e1Bb143E90bb3F0512,22,300000,1,1,,,,,1,47334,36,1,141,564,22410,0,21564,25770,0,,,,,,d02fee54c295d1b5cc2948d9c79837ece40c0013835e3b9bb349e94ae744e758,0xc4bb9cc87bc51fe7cd9d14a0af6793f3aeddcb5bffa4ca11079a1007e9d59b35,23,0,bookkeeping_only
CSI-CHAIN-LOCAL-01,full-71a5854-20260925T115726Z-edr-a,full,L1-EDR,HardhatNetwork/2.29.1/@nomicfoundation/edr/0.3.8,osaka,31337,primary,primary-plonk-d10,plonk,10,11,34,neg_cross_depth_call,call,PLK-d11-p0,0,128,A0,verifier,PlonkVerifierDepth10,0x5FbDB2315678afecb367f032d93F642f64180aa3,,,call,call,,,false,false,1,,804,3,3207,,,,,,,,,,,,42d9b2d20d72d206abba5097ac76532b8062090f8cea9f4e0c2a8d9b6861d838,,,,bookkeeping_only
CSI-CHAIN-LOCAL-01,full-71a5854-20260925T115726Z-edr-a,full,L1-EDR,HardhatNetwork/2.29.1/@nomicfoundation/edr/0.3.8,osaka,31337,primary,primary-plonk-d10,plonk,10,11,35,neg_cross_depth,tx,PLK-d11-p0,0,128,A0,manager,CredentialManagerPlonk,0xe7f1725E7734CE288F8367e1Bb143E90bb3F0512,23,3000000,0,0,Invalid proof,Invalid proof,,,1,299149,804,3,3207,12828,53070,0,33828,265321,0,,,,,,2b47235792217a37372089e141f1674bb5844d874e984fef7f6c13e2fa66e3e7,0xa8220729eb963f801b90090ac10ff23787cb18eec8aa64f94f90579e1230f86a,24,0,bookkeeping_only
CSI-CHAIN-LOCAL-01,full-71a5854-20260925T115726Z-edr-a,full,L1-EDR,HardhatNetwork/2.29.1/@nomicfoundation/edr/0.3.8,osaka,31337,primary,primary-plonk-d10,plonk,10,11,36,neg_non_issuer,tx,PLK-d10-p0,0,64,A1,manager,CredentialManagerPlonk,0xe7f1725E7734CE288F8367e1Bb143E90bb3F0512,0,300000,0,0,CredentialManager: not issuer,CredentialManager: not issuer,,,1,24183,36,0,144,576,22440,0,21576,2607,0,,,,,,c70e0fc0dcce1b144b1b3352307a21f93a93f2fce4e70bc9dec9627a6e721205,0xee8dd82c43982684ecd6ca781b78a355a195c38e960a49ab1ff0a2326433c206,25,0,bookkeeping_only
CSI-CHAIN-LOCAL-01,full-71a5854-20260925T115726Z-edr-a,full,L1-EDR,HardhatNetwork/2.29.1/@nomicfoundation/edr/0.3.8,osaka,31337,primary,primary-plonk-d11,plonk,11,15,1,deploy_verifier,tx,,,,A0,,PlonkVerifierDepth11,0x5FbDB2315678afecb367f032d93F642f64180aa3,0,6000000,1,1,,,,,1,1226937,5467,167,21367,85468,234670,32342,138810,1088127,0,1087000,5467,5435,0xb1839425094b9d5cc3e24cf8a9c779b46cb934c81145bd3eb8bace410ac95e03,1,3875ab1e234901f2c1af2262f5650c30ffcf0567175947e5562ac229cd2d5f88,0xfd0391bf9b2cba40fd7d0f304b6702f4ef7d341ea4c9696d11f2d2b36c272db7,1,0,bookkeeping_only
CSI-CHAIN-LOCAL-01,full-71a5854-20260925T115726Z-edr-a,full,L1-EDR,HardhatNetwork/2.29.1/@nomicfoundation/edr/0.3.8,osaka,31337,primary,primary-plonk-d11,plonk,11,15,2,deploy_manager,tx,,,,A0,,CredentialManagerPlonk,0xe7f1725E7734CE288F8367e1Bb143E90bb3F0512,1,6000000,1,1,,,,,1,541930,2302,81,8965,35860,110650,32144,89004,452926,0,406400,2302,2032,0x81cfa580fc010d5bf437f4e25120ed772a570f64d5503726e6beb874892ec653,1,bd7d37aac5445da7be132e8d32c481e19c8340c0c76eebdf81a7dbf12c9c4d18,0x4288d3937b479b54263ce14b846e45a30130a5f9600094565397f418694139df,2,0,bookkeeping_only
CSI-CHAIN-LOCAL-01,full-71a5854-20260925T115726Z-edr-a,full,L1-EDR,HardhatNetwork/2.29.1/@nomicfoundation/edr/0.3.8,osaka,31337,primary,primary-plonk-d11,plonk,11,15,3,set_issuer,tx,,,,A0,manager,CredentialManagerPlonk,0xe7f1725E7734CE288F8367e1Bb143E90bb3F0512,2,300000,1,1,,,,,1,47900,68,43,143,572,22430,0,21572,26328,0,,,,,,727fd06686258f939093f54b4f3c375b0f3052da4ba7867e73d6f93a90702a06,0xcde6d7bbbf9472da7ac2a0339705e4e7204cb790bd18af10b95107cde2a5cd23,3,0,bookkeeping_only
CSI-CHAIN-LOCAL-01,full-71a5854-20260925T115726Z-edr-a,full,L1-EDR,HardhatNetwork/2.29.1/@nomicfoundation/edr/0.3.8,osaka,31337,primary,primary-plonk-d11,plonk,11,15,4,add_root,tx,,,,A0,manager,CredentialManagerPlonk,0xe7f1725E7734CE288F8367e1Bb143E90bb3F0512,3,300000,1,1,,,,,1,47334,36,1,141,564,22410,0,21564,25770,0,,,,,,d02fee54c295d1b5cc2948d9c79837ece40c0013835e3b9bb349e94ae744e758,0x582c41ec8a71d6c42fde6f7d2283f3c3b7aaac713729097b09b1b7ab00970c6c,4,0,bookkeeping_only
CSI-CHAIN-LOCAL-01,full-71a5854-20260925T115726Z-edr-a,full,L1-EDR,HardhatNetwork/2.29.1/@nomicfoundation/edr/0.3.8,osaka,31337,primary,primary-plonk-d11,plonk,11,15,5,precheck_call,call,PLK-d11-p0,0,128,A0,manager,CredentialManagerPlonk,0xe7f1725E7734CE288F8367e1Bb143E90bb3F0512,,,call,call,,,true,true,1,,804,3,3207,,,,,,,,,,,,2b47235792217a37372089e141f1674bb5844d874e984fef7f6c13e2fa66e3e7,,,,bookkeeping_only
CSI-CHAIN-LOCAL-01,full-71a5854-20260925T115726Z-edr-a,full,L1-EDR,HardhatNetwork/2.29.1/@nomicfoundation/edr/0.3.8,osaka,31337,primary,primary-plonk-d11,plonk,11,15,6,verify_credential,tx,PLK-d11-p0,0,128,A0,manager,CredentialManagerPlonk,0xe7f1725E7734CE288F8367e1Bb143E90bb3F0512,4,1000000,1,1,,,,,1,300026,804,3,3207,12828,53070,0,33828,266198,0,,,,,,2b47235792217a37372089e141f1674bb5844d874e984fef7f6c13e2fa66e3e7,0x91ec5404703921951169e2dc5f1f9920f722df5095c07375f350df8f4c701836,5,0,bookkeeping_only
CSI-CHAIN-LOCAL-01,full-71a5854-20260925T115726Z-edr-a,full,L1-EDR,HardhatNetwork/2.29.1/@nomicfoundation/edr/0.3.8,osaka,31337,primary,primary-plonk-d11,plonk,11,15,7,verify_credential,tx,PLK-d11-p1,1,384,A0,manager,CredentialManagerPlonk,0xe7f1725E7734CE288F8367e1Bb143E90bb3F0512,5,1000000,1,1,,,,,1,299880,804,6,3198,12792,52980,0,33792,266088,0,,,,,,a298ee5b1ea8679aadf74fcb657d46d87472c6f0fdc20c3fb76317acbb8dc10b,0x850792c0ca389ca191aac2bc53e02ca21b6bf05a0ef827ede7d83fc844ef0533,6,0,bookkeeping_only
CSI-CHAIN-LOCAL-01,full-71a5854-20260925T115726Z-edr-a,full,L1-EDR,HardhatNetwork/2.29.1/@nomicfoundation/edr/0.3.8,osaka,31337,primary,primary-plonk-d11,plonk,11,15,8,verify_credential,tx,PLK-d11-p2,2,640,A0,manager,CredentialManagerPlonk,0xe7f1725E7734CE288F8367e1Bb143E90bb3F0512,6,1000000,1,1,,,,,1,300650,804,3,3207,12828,53070,0,33828,266822,0,,,,,,2ee29d5501094520458c929b644ce4a0a0f45ca0b480b92576af41b30be4edda,0xcd2da3b6539eb00b6728a2e07d27312ca96403a90ba30668b89e543c50350383,7,0,bookkeeping_only
CSI-CHAIN-LOCAL-01,full-71a5854-20260925T115726Z-edr-a,full,L1-EDR,HardhatNetwork/2.29.1/@nomicfoundation/edr/0.3.8,osaka,31337,primary,primary-plonk-d11,plonk,11,15,9,verify_credential,tx,PLK-d11-p3,3,896,A0,manager,CredentialManagerPlonk,0xe7f1725E7734CE288F8367e1Bb143E90bb3F0512,7,1000000,1,1,,,,,1,298644,804,5,3201,12804,53010,0,33804,264840,0,,,,,,c25bc9bbede2b2df8aea1cdfd23e995df398f72a494a1e2f6469052cbb90f86d,0x1e467b8295a0be0b96a5a602ddde62d4c8c223e2d0a28bd64bb3e62980215cb1,8,0,bookkeeping_only
CSI-CHAIN-LOCAL-01,full-71a5854-20260925T115726Z-edr-a,full,L1-EDR,HardhatNetwork/2.29.1/@nomicfoundation/edr/0.3.8,osaka,31337,primary,primary-plonk-d11,plonk,11,15,10,verify_credential,tx,PLK-d11-p4,4,1152,A0,manager,CredentialManagerPlonk,0xe7f1725E7734CE288F8367e1Bb143E90bb3F0512,8,1000000,1,1,,,,,1,299476,804,5,3201,12804,53010,0,33804,265672,0,,,,,,f4253711bd5cdd10940a540f32b8326b2eb5055392e87f0978383a126dc354c0,0x7ca67696ef3d8e39dbf45bcd2d4ca2bc28e00495136c0098df15ef7e69de5e6b,9,0,bookkeeping_only
CSI-CHAIN-LOCAL-01,full-71a5854-20260925T115726Z-edr-a,full,L1-EDR,HardhatNetwork/2.29.1/@nomicfoundation/edr/0.3.8,osaka,31337,primary,primary-plonk-d11,plonk,11,15,11,verify_credential,tx,PLK-d11-p5,5,1408,A0,manager,CredentialManagerPlonk,0xe7f1725E7734CE288F8367e1Bb143E90bb3F0512,9,1000000,1,1,,,,,1,300516,804,5,3201,12804,53010,0,33804,266712,0,,,,,,38d75d228bf268c3365f0b76b425971c57ff8bc0a8673ec4afc7f992b9ef7588,0xc69bd3817336bd36992862e1fc66205d2bcfb5999093f5ec3c4b306ed631260b,10,0,bookkeeping_only
CSI-CHAIN-LOCAL-01,full-71a5854-20260925T115726Z-edr-a,full,L1-EDR,HardhatNetwork/2.29.1/@nomicfoundation/edr/0.3.8,osaka,31337,primary,primary-plonk-d11,plonk,11,15,12,verify_credential,tx,PLK-d11-p6,6,1664,A0,manager,CredentialManagerPlonk,0xe7f1725E7734CE288F8367e1Bb143E90bb3F0512,10,1000000,1,1,,,,,1,298766,804,4,3204,12816,53040,0,33816,264950,0,,,,,,8013e7d0f3f9b048b05f0cfc703586560dbdd141d56197f16c77583f3887a360,0x3c857192bc8ece4a10796917d4228b8ed86438f2750a2a659c6f841f9e135366,11,0,bookkeeping_only
CSI-CHAIN-LOCAL-01,full-71a5854-20260925T115726Z-edr-a,full,L1-EDR,HardhatNetwork/2.29.1/@nomicfoundation/edr/0.3.8,osaka,31337,primary,primary-plonk-d11,plonk,11,15,13,verify_credential,tx,PLK-d11-p7,7,1920,A0,manager,CredentialManagerPlonk,0xe7f1725E7734CE288F8367e1Bb143E90bb3F0512,11,1000000,1,1,,,,,1,299598,804,4,3204,12816,53040,0,33816,265782,0,,,,,,8d42c7c17e96fffb22e1b6031c6c3b715f19ec05a67f995ee09e430a9c4fe047,0x3d500fb742ca73e591d8fbdd7e2db18e8936faddb43b76c4ba322e805f73c450,12,0,bookkeeping_only
CSI-CHAIN-LOCAL-01,full-71a5854-20260925T115726Z-edr-a,full,L1-EDR,HardhatNetwork/2.29.1/@nomicfoundation/edr/0.3.8,osaka,31337,primary,primary-plonk-d11,plonk,11,15,14,verify_proof_call,call,PLK-d11-p0,0,128,A0,verifier,PlonkVerifierDepth11,0x5FbDB2315678afecb367f032d93F642f64180aa3,,,call,call,,,true,true,1,,804,3,3207,,,,,,,,,,,,42d9b2d20d72d206abba5097ac76532b8062090f8cea9f4e0c2a8d9b6861d838,,,,bookkeeping_only
CSI-CHAIN-LOCAL-01,full-71a5854-20260925T115726Z-edr-a,full,L1-EDR,HardhatNetwork/2.29.1/@nomicfoundation/edr/0.3.8,osaka,31337,primary,primary-plonk-d11,plonk,11,15,15,verify_proof_call,call,PLK-d11-p1,1,384,A0,verifier,PlonkVerifierDepth11,0x5FbDB2315678afecb367f032d93F642f64180aa3,,,call,call,,,true,true,1,,804,6,3198,,,,,,,,,,,,9ccd9e77846daea08f1035a0ef08df84286cb7e5d8daa28d5197c5f4a5ce9668,,,,bookkeeping_only
CSI-CHAIN-LOCAL-01,full-71a5854-20260925T115726Z-edr-a,full,L1-EDR,HardhatNetwork/2.29.1/@nomicfoundation/edr/0.3.8,osaka,31337,primary,primary-plonk-d11,plonk,11,15,16,verify_proof_call,call,PLK-d11-p2,2,640,A0,verifier,PlonkVerifierDepth11,0x5FbDB2315678afecb367f032d93F642f64180aa3,,,call,call,,,true,true,1,,804,3,3207,,,,,,,,,,,,30ad1663cc0bd8295fc1ed381ea363968872a5f6431e9acc48eabd56b343bc1a,,,,bookkeeping_only
CSI-CHAIN-LOCAL-01,full-71a5854-20260925T115726Z-edr-a,full,L1-EDR,HardhatNetwork/2.29.1/@nomicfoundation/edr/0.3.8,osaka,31337,primary,primary-plonk-d11,plonk,11,15,17,verify_proof_call,call,PLK-d11-p3,3,896,A0,verifier,PlonkVerifierDepth11,0x5FbDB2315678afecb367f032d93F642f64180aa3,,,call,call,,,true,true,1,,804,5,3201,,,,,,,,,,,,c8ba1266c4dbceb5dcfd7be60c3b1f0cea3873f4a4c56e8fda87a23eff5ebff1,,,,bookkeeping_only
CSI-CHAIN-LOCAL-01,full-71a5854-20260925T115726Z-edr-a,full,L1-EDR,HardhatNetwork/2.29.1/@nomicfoundation/edr/0.3.8,osaka,31337,primary,primary-plonk-d11,plonk,11,15,18,verify_proof_call,call,PLK-d11-p4,4,1152,A0,verifier,PlonkVerifierDepth11,0x5FbDB2315678afecb367f032d93F642f64180aa3,,,call,call,,,true,true,1,,804,5,3201,,,,,,,,,,,,a76915548dcf5d23d868669660ef71e3877221f3d7e55c8c3ccbfbb662416929,,,,bookkeeping_only
CSI-CHAIN-LOCAL-01,full-71a5854-20260925T115726Z-edr-a,full,L1-EDR,HardhatNetwork/2.29.1/@nomicfoundation/edr/0.3.8,osaka,31337,primary,primary-plonk-d11,plonk,11,15,19,verify_proof_call,call,PLK-d11-p5,5,1408,A0,verifier,PlonkVerifierDepth11,0x5FbDB2315678afecb367f032d93F642f64180aa3,,,call,call,,,true,true,1,,804,5,3201,,,,,,,,,,,,ec5335a123dd6d326a8722727ea79ede70e0f6757e964ccb6a941cf4bb4d0311,,,,bookkeeping_only
CSI-CHAIN-LOCAL-01,full-71a5854-20260925T115726Z-edr-a,full,L1-EDR,HardhatNetwork/2.29.1/@nomicfoundation/edr/0.3.8,osaka,31337,primary,primary-plonk-d11,plonk,11,15,20,verify_proof_call,call,PLK-d11-p6,6,1664,A0,verifier,PlonkVerifierDepth11,0x5FbDB2315678afecb367f032d93F642f64180aa3,,,call,call,,,true,true,1,,804,4,3204,,,,,,,,,,,,ffa02f5588c6d722592d3723231e4f2a6a7e9122492e90ba0493b935fb7be2ae,,,,bookkeeping_only
CSI-CHAIN-LOCAL-01,full-71a5854-20260925T115726Z-edr-a,full,L1-EDR,HardhatNetwork/2.29.1/@nomicfoundation/edr/0.3.8,osaka,31337,primary,primary-plonk-d11,plonk,11,15,21,verify_proof_call,call,PLK-d11-p7,7,1920,A0,verifier,PlonkVerifierDepth11,0x5FbDB2315678afecb367f032d93F642f64180aa3,,,call,call,,,true,true,1,,804,4,3204,,,,,,,,,,,,01c3d0e0a3b82f2e099442cb58044628b271cf30c0789dcd58194a08aa1fd0fd,,,,bookkeeping_only
CSI-CHAIN-LOCAL-01,full-71a5854-20260925T115726Z-edr-a,full,L1-EDR,HardhatNetwork/2.29.1/@nomicfoundation/edr/0.3.8,osaka,31337,primary,primary-plonk-d11,plonk,11,15,22,verify_proof_direct,tx,PLK-d11-p0,0,128,A0,verifier,PlonkVerifierDepth11,0x5FbDB2315678afecb367f032d93F642f64180aa3,12,1000000,1,1,,,,,1,291027,804,3,3207,12828,53070,0,33828,257199,0,,,,,,42d9b2d20d72d206abba5097ac76532b8062090f8cea9f4e0c2a8d9b6861d838,0x354d7310cad9749f8b11fada85134cb1f5a0b63557336ee25a342431eafff740,13,0,bookkeeping_only
CSI-CHAIN-LOCAL-01,full-71a5854-20260925T115726Z-edr-a,full,L1-EDR,HardhatNetwork/2.29.1/@nomicfoundation/edr/0.3.8,osaka,31337,primary,primary-plonk-d11,plonk,11,15,23,verify_proof_direct,tx,PLK-d11-p1,1,384,A0,verifier,PlonkVerifierDepth11,0x5FbDB2315678afecb367f032d93F642f64180aa3,13,1000000,1,1,,,,,1,290881,804,6,3198,12792,52980,0,33792,257089,0,,,,,,9ccd9e77846daea08f1035a0ef08df84286cb7e5d8daa28d5197c5f4a5ce9668,0x180d6f796ff11cd3a62ef8d93d82c43f27d9d23e4fe93b26034bf4f774f29097,14,0,bookkeeping_only
CSI-CHAIN-LOCAL-01,full-71a5854-20260925T115726Z-edr-a,full,L1-EDR,HardhatNetwork/2.29.1/@nomicfoundation/edr/0.3.8,osaka,31337,primary,primary-plonk-d11,plonk,11,15,24,verify_proof_direct,tx,PLK-d11-p2,2,640,A0,verifier,PlonkVerifierDepth11,0x5FbDB2315678afecb367f032d93F642f64180aa3,14,1000000,1,1,,,,,1,291651,804,3,3207,12828,53070,0,33828,257823,0,,,,,,30ad1663cc0bd8295fc1ed381ea363968872a5f6431e9acc48eabd56b343bc1a,0xcdc4d3772b56950dee808d7320ae6fe6c0c5ab6141eff944835e566cdc9025d9,15,0,bookkeeping_only
CSI-CHAIN-LOCAL-01,full-71a5854-20260925T115726Z-edr-a,full,L1-EDR,HardhatNetwork/2.29.1/@nomicfoundation/edr/0.3.8,osaka,31337,primary,primary-plonk-d11,plonk,11,15,25,verify_proof_direct,tx,PLK-d11-p3,3,896,A0,verifier,PlonkVerifierDepth11,0x5FbDB2315678afecb367f032d93F642f64180aa3,15,1000000,1,1,,,,,1,289645,804,5,3201,12804,53010,0,33804,255841,0,,,,,,c8ba1266c4dbceb5dcfd7be60c3b1f0cea3873f4a4c56e8fda87a23eff5ebff1,0x1c07c9360797be052ab91c298d26cedf205f97e617d2b90fce85c034a1570d15,16,0,bookkeeping_only
CSI-CHAIN-LOCAL-01,full-71a5854-20260925T115726Z-edr-a,full,L1-EDR,HardhatNetwork/2.29.1/@nomicfoundation/edr/0.3.8,osaka,31337,primary,primary-plonk-d11,plonk,11,15,26,verify_proof_direct,tx,PLK-d11-p4,4,1152,A0,verifier,PlonkVerifierDepth11,0x5FbDB2315678afecb367f032d93F642f64180aa3,16,1000000,1,1,,,,,1,290477,804,5,3201,12804,53010,0,33804,256673,0,,,,,,a76915548dcf5d23d868669660ef71e3877221f3d7e55c8c3ccbfbb662416929,0xbfe8436f9c5e4513a199f79b168524f4459267d20b4ff96b47b1814b35a9f656,17,0,bookkeeping_only
CSI-CHAIN-LOCAL-01,full-71a5854-20260925T115726Z-edr-a,full,L1-EDR,HardhatNetwork/2.29.1/@nomicfoundation/edr/0.3.8,osaka,31337,primary,primary-plonk-d11,plonk,11,15,27,verify_proof_direct,tx,PLK-d11-p5,5,1408,A0,verifier,PlonkVerifierDepth11,0x5FbDB2315678afecb367f032d93F642f64180aa3,17,1000000,1,1,,,,,1,291517,804,5,3201,12804,53010,0,33804,257713,0,,,,,,ec5335a123dd6d326a8722727ea79ede70e0f6757e964ccb6a941cf4bb4d0311,0xc7893ac43da4e9eed8ac2899397d5ab0649079aa6b669bc19456d1bff5bddfa4,18,0,bookkeeping_only
CSI-CHAIN-LOCAL-01,full-71a5854-20260925T115726Z-edr-a,full,L1-EDR,HardhatNetwork/2.29.1/@nomicfoundation/edr/0.3.8,osaka,31337,primary,primary-plonk-d11,plonk,11,15,28,verify_proof_direct,tx,PLK-d11-p6,6,1664,A0,verifier,PlonkVerifierDepth11,0x5FbDB2315678afecb367f032d93F642f64180aa3,18,1000000,1,1,,,,,1,289767,804,4,3204,12816,53040,0,33816,255951,0,,,,,,ffa02f5588c6d722592d3723231e4f2a6a7e9122492e90ba0493b935fb7be2ae,0x04f6ce51866830fc3603976c38d2a10989bd4896c6383dbb5ac3752c5da3862a,19,0,bookkeeping_only
CSI-CHAIN-LOCAL-01,full-71a5854-20260925T115726Z-edr-a,full,L1-EDR,HardhatNetwork/2.29.1/@nomicfoundation/edr/0.3.8,osaka,31337,primary,primary-plonk-d11,plonk,11,15,29,verify_proof_direct,tx,PLK-d11-p7,7,1920,A0,verifier,PlonkVerifierDepth11,0x5FbDB2315678afecb367f032d93F642f64180aa3,19,1000000,1,1,,,,,1,290599,804,4,3204,12816,53040,0,33816,256783,0,,,,,,01c3d0e0a3b82f2e099442cb58044628b271cf30c0789dcd58194a08aa1fd0fd,0x45d906c4d5d1527f960013fad7d0956744cbaab9fc927744365e5b16d4b9a540,20,0,bookkeeping_only
CSI-CHAIN-LOCAL-01,full-71a5854-20260925T115726Z-edr-a,full,L1-EDR,HardhatNetwork/2.29.1/@nomicfoundation/edr/0.3.8,osaka,31337,primary,primary-plonk-d11,plonk,11,15,30,neg_unknown_root,tx,PLK-d15-p0,0,2048,A0,manager,CredentialManagerPlonk,0xe7f1725E7734CE288F8367e1Bb143E90bb3F0512,20,3000000,0,0,Invalid root,Invalid root,,,1,53010,804,5,3201,12804,53010,0,33804,19206,1,,,,,,731e2753d2394287d3395e9ffe5e9434a5740b4f1d8464c12866368e5854c36b,0xa66db40250fc72a7dc26cb2c307012d786469853b6e5295a47cf14a32dc76737,21,0,bookkeeping_only
CSI-CHAIN-LOCAL-01,full-71a5854-20260925T115726Z-edr-a,full,L1-EDR,HardhatNetwork/2.29.1/@nomicfoundation/edr/0.3.8,osaka,31337,primary,primary-plonk-d11,plonk,11,15,31,neg_tampered_call,call,PLK-d11-p0,0,128,A0,verifier,PlonkVerifierDepth11,0x5FbDB2315678afecb367f032d93F642f64180aa3,,,call,call,,,false,false,1,,804,3,3207,,,,,,,,,,,,fbad9cd0928acf67791ce161cac8e570bd576dd5b3da1d9bbec54d592181121a,,,,bookkeeping_only
CSI-CHAIN-LOCAL-01,full-71a5854-20260925T115726Z-edr-a,full,L1-EDR,HardhatNetwork/2.29.1/@nomicfoundation/edr/0.3.8,osaka,31337,primary,primary-plonk-d11,plonk,11,15,32,neg_tampered,tx,PLK-d11-p0,0,128,A0,manager,CredentialManagerPlonk,0xe7f1725E7734CE288F8367e1Bb143E90bb3F0512,21,3000000,0,0,Invalid proof,Invalid proof,,,1,298996,804,3,3207,12828,53070,0,33828,265168,0,,,,,,79ce7d8b09af7b21b66c65c3893d8558bcbbbae70ae5191211102a595b145ab5,0x37277b9fd6da1489abe6ad5f21a4fd8f2db9626538f42c3ca3d1b7bb6e76c1b4,22,0,bookkeeping_only
CSI-CHAIN-LOCAL-01,full-71a5854-20260925T115726Z-edr-a,full,L1-EDR,HardhatNetwork/2.29.1/@nomicfoundation/edr/0.3.8,osaka,31337,primary,primary-plonk-d11,plonk,11,15,33,neg_cross_depth_setup,tx,PLK-d15-p0,0,2048,A0,manager,CredentialManagerPlonk,0xe7f1725E7734CE288F8367e1Bb143E90bb3F0512,22,300000,1,1,,,,,1,47346,36,0,144,576,22440,0,21576,25770,0,,,,,,f2931f0aaf26f5d51c33dadce13833370940a08948160921859c7fe776ca5aa8,0x1797eea1df066c6439fc9ddc64c57983aece1958ef1e2bbf5a0d044e6cf0caef,23,0,bookkeeping_only
CSI-CHAIN-LOCAL-01,full-71a5854-20260925T115726Z-edr-a,full,L1-EDR,HardhatNetwork/2.29.1/@nomicfoundation/edr/0.3.8,osaka,31337,primary,primary-plonk-d11,plonk,11,15,34,neg_cross_depth_call,call,PLK-d15-p0,0,2048,A0,verifier,PlonkVerifierDepth11,0x5FbDB2315678afecb367f032d93F642f64180aa3,,,call,call,,,false,false,1,,804,5,3201,,,,,,,,,,,,c4b8e8f2a232c6173469d9623585996bc0fd8bd56327a2a75ac2c9f88179d5e5,,,,bookkeeping_only
CSI-CHAIN-LOCAL-01,full-71a5854-20260925T115726Z-edr-a,full,L1-EDR,HardhatNetwork/2.29.1/@nomicfoundation/edr/0.3.8,osaka,31337,primary,primary-plonk-d11,plonk,11,15,35,neg_cross_depth,tx,PLK-d15-p0,0,2048,A0,manager,CredentialManagerPlonk,0xe7f1725E7734CE288F8367e1Bb143E90bb3F0512,23,3000000,0,0,Invalid proof,Invalid proof,,,1,298140,804,5,3201,12804,53010,0,33804,264336,0,,,,,,731e2753d2394287d3395e9ffe5e9434a5740b4f1d8464c12866368e5854c36b,0x5c6eee707d16aa5ef2df546a81ccce4c3e414ed935768b7b7449578634cd2bc2,24,0,bookkeeping_only
CSI-CHAIN-LOCAL-01,full-71a5854-20260925T115726Z-edr-a,full,L1-EDR,HardhatNetwork/2.29.1/@nomicfoundation/edr/0.3.8,osaka,31337,primary,primary-plonk-d11,plonk,11,15,36,neg_non_issuer,tx,PLK-d11-p0,0,128,A1,manager,CredentialManagerPlonk,0xe7f1725E7734CE288F8367e1Bb143E90bb3F0512,0,300000,0,0,CredentialManager: not issuer,CredentialManager: not issuer,,,1,24171,36,1,141,564,22410,0,21564,2607,0,,,,,,d02fee54c295d1b5cc2948d9c79837ece40c0013835e3b9bb349e94ae744e758,0xeb75b02a0eeccf32dcae685f08f0702eed74d18d99c25b4ffe557dbb1957502a,25,0,bookkeeping_only
CSI-CHAIN-LOCAL-01,full-71a5854-20260925T115726Z-edr-a,full,L1-EDR,HardhatNetwork/2.29.1/@nomicfoundation/edr/0.3.8,osaka,31337,primary,primary-plonk-d15,plonk,15,5,1,deploy_verifier,tx,,,,A0,,PlonkVerifierDepth15,0x5FbDB2315678afecb367f032d93F642f64180aa3,0,6000000,1,1,,,,,1,1226937,5467,167,21367,85468,234670,32342,138810,1088127,0,1087000,5467,5435,0x9c067b2716d3bbe23dc32dc49ae4e785252bf62b7543147a64bbb2da0be8fec9,1,76bf43bcb55cb26f9487fd749e29b1f284385f0f2313df5303580ee4fae153d8,0x099921592af914ec33f27d2c2d922211113ef0143693be08ef6759f75ac39fe2,1,0,bookkeeping_only
CSI-CHAIN-LOCAL-01,full-71a5854-20260925T115726Z-edr-a,full,L1-EDR,HardhatNetwork/2.29.1/@nomicfoundation/edr/0.3.8,osaka,31337,primary,primary-plonk-d15,plonk,15,5,2,deploy_manager,tx,,,,A0,,CredentialManagerPlonk,0xe7f1725E7734CE288F8367e1Bb143E90bb3F0512,1,6000000,1,1,,,,,1,541930,2302,81,8965,35860,110650,32144,89004,452926,0,406400,2302,2032,0x81cfa580fc010d5bf437f4e25120ed772a570f64d5503726e6beb874892ec653,1,bd7d37aac5445da7be132e8d32c481e19c8340c0c76eebdf81a7dbf12c9c4d18,0x4288d3937b479b54263ce14b846e45a30130a5f9600094565397f418694139df,2,0,bookkeeping_only
CSI-CHAIN-LOCAL-01,full-71a5854-20260925T115726Z-edr-a,full,L1-EDR,HardhatNetwork/2.29.1/@nomicfoundation/edr/0.3.8,osaka,31337,primary,primary-plonk-d15,plonk,15,5,3,set_issuer,tx,,,,A0,manager,CredentialManagerPlonk,0xe7f1725E7734CE288F8367e1Bb143E90bb3F0512,2,300000,1,1,,,,,1,47900,68,43,143,572,22430,0,21572,26328,0,,,,,,727fd06686258f939093f54b4f3c375b0f3052da4ba7867e73d6f93a90702a06,0xcde6d7bbbf9472da7ac2a0339705e4e7204cb790bd18af10b95107cde2a5cd23,3,0,bookkeeping_only
CSI-CHAIN-LOCAL-01,full-71a5854-20260925T115726Z-edr-a,full,L1-EDR,HardhatNetwork/2.29.1/@nomicfoundation/edr/0.3.8,osaka,31337,primary,primary-plonk-d15,plonk,15,5,4,add_root,tx,,,,A0,manager,CredentialManagerPlonk,0xe7f1725E7734CE288F8367e1Bb143E90bb3F0512,3,300000,1,1,,,,,1,47346,36,0,144,576,22440,0,21576,25770,0,,,,,,f2931f0aaf26f5d51c33dadce13833370940a08948160921859c7fe776ca5aa8,0x23dff8e8684d53c903f68834657217e65647ac5059a6d342baf414798c76ffaf,4,0,bookkeeping_only
CSI-CHAIN-LOCAL-01,full-71a5854-20260925T115726Z-edr-a,full,L1-EDR,HardhatNetwork/2.29.1/@nomicfoundation/edr/0.3.8,osaka,31337,primary,primary-plonk-d15,plonk,15,5,5,precheck_call,call,PLK-d15-p0,0,2048,A0,manager,CredentialManagerPlonk,0xe7f1725E7734CE288F8367e1Bb143E90bb3F0512,,,call,call,,,true,true,1,,804,5,3201,,,,,,,,,,,,731e2753d2394287d3395e9ffe5e9434a5740b4f1d8464c12866368e5854c36b,,,,bookkeeping_only
CSI-CHAIN-LOCAL-01,full-71a5854-20260925T115726Z-edr-a,full,L1-EDR,HardhatNetwork/2.29.1/@nomicfoundation/edr/0.3.8,osaka,31337,primary,primary-plonk-d15,plonk,15,5,6,verify_credential,tx,PLK-d15-p0,0,2048,A0,manager,CredentialManagerPlonk,0xe7f1725E7734CE288F8367e1Bb143E90bb3F0512,4,1000000,1,1,,,,,1,299476,804,5,3201,12804,53010,0,33804,265672,0,,,,,,731e2753d2394287d3395e9ffe5e9434a5740b4f1d8464c12866368e5854c36b,0xa01393764999aad2677496e79d0a03158c2e70d900f22c908f334291d9b64411,5,0,bookkeeping_only
CSI-CHAIN-LOCAL-01,full-71a5854-20260925T115726Z-edr-a,full,L1-EDR,HardhatNetwork/2.29.1/@nomicfoundation/edr/0.3.8,osaka,31337,primary,primary-plonk-d15,plonk,15,5,7,verify_credential,tx,PLK-d15-p1,1,6144,A0,manager,CredentialManagerPlonk,0xe7f1725E7734CE288F8367e1Bb143E90bb3F0512,5,1000000,1,1,,,,,1,299818,804,3,3207,12828,53070,0,33828,265990,0,,,,,,921eb65ed69700aeb78942204842c6c9d607a30bf58f9e599db65e2d6b40740c,0x51b8e9c10de1006eeaf4e9e6ca3e5e60db6ff51d9420b80591689db5cff00c8f,6,0,bookkeeping_only
CSI-CHAIN-LOCAL-01,full-71a5854-20260925T115726Z-edr-a,full,L1-EDR,HardhatNetwork/2.29.1/@nomicfoundation/edr/0.3.8,osaka,31337,primary,primary-plonk-d15,plonk,15,5,8,verify_credential,tx,PLK-d15-p2,2,10240,A0,manager,CredentialManagerPlonk,0xe7f1725E7734CE288F8367e1Bb143E90bb3F0512,6,1000000,1,1,,,,,1,299732,804,1,3213,12852,53130,0,33852,265880,0,,,,,,05e668185cd5c4df5f68a070936fe32cf9131f263fc331d9f80573261e6867f5,0x9027dff6f9fe216458fbeda38ff13fcf21a12b50be324fd349643727897afe2e,7,0,bookkeeping_only
CSI-CHAIN-LOCAL-01,full-71a5854-20260925T115726Z-edr-a,full,L1-EDR,HardhatNetwork/2.29.1/@nomicfoundation/edr/0.3.8,osaka,31337,primary,primary-plonk-d15,plonk,15,5,9,verify_credential,tx,PLK-d15-p3,3,14336,A0,manager,CredentialManagerPlonk,0xe7f1725E7734CE288F8367e1Bb143E90bb3F0512,7,1000000,1,1,,,,,1,300870,804,2,3210,12840,53100,0,33840,267030,0,,,,,,85394d2b54416a9d59da90888e434547590fde57649806673207a3d6d24d9337,0x2f607a79b3cb5dd0dc557a587d6c8b7a86ba1b7907ac0f81fe2f53da66c3a082,8,0,bookkeeping_only
CSI-CHAIN-LOCAL-01,full-71a5854-20260925T115726Z-edr-a,full,L1-EDR,HardhatNetwork/2.29.1/@nomicfoundation/edr/0.3.8,osaka,31337,primary,primary-plonk-d15,plonk,15,5,10,verify_credential,tx,PLK-d15-p4,4,18432,A0,manager,CredentialManagerPlonk,0xe7f1725E7734CE288F8367e1Bb143E90bb3F0512,8,1000000,1,1,,,,,1,300234,804,3,3207,12828,53070,0,33828,266406,0,,,,,,dc32b9d7d9a6b3186d14da864d29e3eabc700cb38a2ac0d95947ebb028b22f04,0xc3e067971d12ef6f8a571333a812de3a0c8373bdd1f72887f3ac8fbc2e738c08,9,0,bookkeeping_only
CSI-CHAIN-LOCAL-01,full-71a5854-20260925T115726Z-edr-a,full,L1-EDR,HardhatNetwork/2.29.1/@nomicfoundation/edr/0.3.8,osaka,31337,primary,primary-plonk-d15,plonk,15,5,11,verify_credential,tx,PLK-d15-p5,5,22528,A0,manager,CredentialManagerPlonk,0xe7f1725E7734CE288F8367e1Bb143E90bb3F0512,9,1000000,1,1,,,,,1,299904,804,4,3204,12816,53040,0,33816,266088,0,,,,,,f8f7a457b648faf9c34bd923990e5c0d6b89b76971e41378f9982e3f4602ea67,0x4f4e958e316ac6cc7c5ccf211bc2839e36053a0264db9628f76eebd4e47dcd34,10,0,bookkeeping_only
CSI-CHAIN-LOCAL-01,full-71a5854-20260925T115726Z-edr-a,full,L1-EDR,HardhatNetwork/2.29.1/@nomicfoundation/edr/0.3.8,osaka,31337,primary,primary-plonk-d15,plonk,15,5,12,verify_credential,tx,PLK-d15-p6,6,26624,A0,manager,CredentialManagerPlonk,0xe7f1725E7734CE288F8367e1Bb143E90bb3F0512,10,1000000,1,1,,,,,1,300540,804,3,3207,12828,53070,0,33828,266712,0,,,,,,c0e5d3e573002d9966204049c494012b9918f5ae54734327f972fcb7745505ff,0x03766bfb1b2459aff71fdd37697d4f36fcd9c6bd90ac8c77d3252b592dc0bd21,11,0,bookkeeping_only
CSI-CHAIN-LOCAL-01,full-71a5854-20260925T115726Z-edr-a,full,L1-EDR,HardhatNetwork/2.29.1/@nomicfoundation/edr/0.3.8,osaka,31337,primary,primary-plonk-d15,plonk,15,5,13,verify_credential,tx,PLK-d15-p7,7,30720,A0,manager,CredentialManagerPlonk,0xe7f1725E7734CE288F8367e1Bb143E90bb3F0512,11,1000000,1,1,,,,,1,300650,804,3,3207,12828,53070,0,33828,266822,0,,,,,,e61e673219ade001c92a75c0e1507cc595c463087d9d292d1bbe88e55098f287,0x602841c83f6609410d438980d8d194dff4aa1728d497703be4d59ee8d9568744,12,0,bookkeeping_only
CSI-CHAIN-LOCAL-01,full-71a5854-20260925T115726Z-edr-a,full,L1-EDR,HardhatNetwork/2.29.1/@nomicfoundation/edr/0.3.8,osaka,31337,primary,primary-plonk-d15,plonk,15,5,14,verify_proof_call,call,PLK-d15-p0,0,2048,A0,verifier,PlonkVerifierDepth15,0x5FbDB2315678afecb367f032d93F642f64180aa3,,,call,call,,,true,true,1,,804,5,3201,,,,,,,,,,,,c4b8e8f2a232c6173469d9623585996bc0fd8bd56327a2a75ac2c9f88179d5e5,,,,bookkeeping_only
CSI-CHAIN-LOCAL-01,full-71a5854-20260925T115726Z-edr-a,full,L1-EDR,HardhatNetwork/2.29.1/@nomicfoundation/edr/0.3.8,osaka,31337,primary,primary-plonk-d15,plonk,15,5,15,verify_proof_call,call,PLK-d15-p1,1,6144,A0,verifier,PlonkVerifierDepth15,0x5FbDB2315678afecb367f032d93F642f64180aa3,,,call,call,,,true,true,1,,804,3,3207,,,,,,,,,,,,5bb724d46328e6d974a0fd22f3582fb611f88e5bfd7c201771bd6a8a231def5e,,,,bookkeeping_only
CSI-CHAIN-LOCAL-01,full-71a5854-20260925T115726Z-edr-a,full,L1-EDR,HardhatNetwork/2.29.1/@nomicfoundation/edr/0.3.8,osaka,31337,primary,primary-plonk-d15,plonk,15,5,16,verify_proof_call,call,PLK-d15-p2,2,10240,A0,verifier,PlonkVerifierDepth15,0x5FbDB2315678afecb367f032d93F642f64180aa3,,,call,call,,,true,true,1,,804,1,3213,,,,,,,,,,,,48081f6dde67f024bc5f447cc8e86d4ea1ca339ca6bff5c9212809db2e5934a0,,,,bookkeeping_only
CSI-CHAIN-LOCAL-01,full-71a5854-20260925T115726Z-edr-a,full,L1-EDR,HardhatNetwork/2.29.1/@nomicfoundation/edr/0.3.8,osaka,31337,primary,primary-plonk-d15,plonk,15,5,17,verify_proof_call,call,PLK-d15-p3,3,14336,A0,verifier,PlonkVerifierDepth15,0x5FbDB2315678afecb367f032d93F642f64180aa3,,,call,call,,,true,true,1,,804,2,3210,,,,,,,,,,,,81635e1c61e985a8dd2799a9ab6587d59d2148b3792298760b4429e5cbba272a,,,,bookkeeping_only
CSI-CHAIN-LOCAL-01,full-71a5854-20260925T115726Z-edr-a,full,L1-EDR,HardhatNetwork/2.29.1/@nomicfoundation/edr/0.3.8,osaka,31337,primary,primary-plonk-d15,plonk,15,5,18,verify_proof_call,call,PLK-d15-p4,4,18432,A0,verifier,PlonkVerifierDepth15,0x5FbDB2315678afecb367f032d93F642f64180aa3,,,call,call,,,true,true,1,,804,3,3207,,,,,,,,,,,,e3bea8912047f3b90f8ddc5735ebf4506a7ee99793194ca0ba004e5f9da453bd,,,,bookkeeping_only
CSI-CHAIN-LOCAL-01,full-71a5854-20260925T115726Z-edr-a,full,L1-EDR,HardhatNetwork/2.29.1/@nomicfoundation/edr/0.3.8,osaka,31337,primary,primary-plonk-d15,plonk,15,5,19,verify_proof_call,call,PLK-d15-p5,5,22528,A0,verifier,PlonkVerifierDepth15,0x5FbDB2315678afecb367f032d93F642f64180aa3,,,call,call,,,true,true,1,,804,4,3204,,,,,,,,,,,,56a87f3134bf974cea820e4d10b2a97d9525e2270aa448a31cd773befd847fc9,,,,bookkeeping_only
CSI-CHAIN-LOCAL-01,full-71a5854-20260925T115726Z-edr-a,full,L1-EDR,HardhatNetwork/2.29.1/@nomicfoundation/edr/0.3.8,osaka,31337,primary,primary-plonk-d15,plonk,15,5,20,verify_proof_call,call,PLK-d15-p6,6,26624,A0,verifier,PlonkVerifierDepth15,0x5FbDB2315678afecb367f032d93F642f64180aa3,,,call,call,,,true,true,1,,804,3,3207,,,,,,,,,,,,1ef3d5200151bed3af70aa8b056242abd5aea670466a0f7996c83b417a459079,,,,bookkeeping_only
CSI-CHAIN-LOCAL-01,full-71a5854-20260925T115726Z-edr-a,full,L1-EDR,HardhatNetwork/2.29.1/@nomicfoundation/edr/0.3.8,osaka,31337,primary,primary-plonk-d15,plonk,15,5,21,verify_proof_call,call,PLK-d15-p7,7,30720,A0,verifier,PlonkVerifierDepth15,0x5FbDB2315678afecb367f032d93F642f64180aa3,,,call,call,,,true,true,1,,804,3,3207,,,,,,,,,,,,7f3024b86b76d419a8050a8bef69f971f0faaea495f1d48b77f46bc9008e0ba3,,,,bookkeeping_only
CSI-CHAIN-LOCAL-01,full-71a5854-20260925T115726Z-edr-a,full,L1-EDR,HardhatNetwork/2.29.1/@nomicfoundation/edr/0.3.8,osaka,31337,primary,primary-plonk-d15,plonk,15,5,22,verify_proof_direct,tx,PLK-d15-p0,0,2048,A0,verifier,PlonkVerifierDepth15,0x5FbDB2315678afecb367f032d93F642f64180aa3,12,1000000,1,1,,,,,1,290477,804,5,3201,12804,53010,0,33804,256673,0,,,,,,c4b8e8f2a232c6173469d9623585996bc0fd8bd56327a2a75ac2c9f88179d5e5,0x5438b4aea568fa3447059eb5588a8aca702db2d124a5f20ae742b1ac36d1bbf8,13,0,bookkeeping_only
CSI-CHAIN-LOCAL-01,full-71a5854-20260925T115726Z-edr-a,full,L1-EDR,HardhatNetwork/2.29.1/@nomicfoundation/edr/0.3.8,osaka,31337,primary,primary-plonk-d15,plonk,15,5,23,verify_proof_direct,tx,PLK-d15-p1,1,6144,A0,verifier,PlonkVerifierDepth15,0x5FbDB2315678afecb367f032d93F642f64180aa3,13,1000000,1,1,,,,,1,290819,804,3,3207,12828,53070,0,33828,256991,0,,,,,,5bb724d46328e6d974a0fd22f3582fb611f88e5bfd7c201771bd6a8a231def5e,0xde724212e92c5e4b3c7617114926a72fd648eaf9e2d5e115ba39c27bbc4d30e8,14,0,bookkeeping_only
CSI-CHAIN-LOCAL-01,full-71a5854-20260925T115726Z-edr-a,full,L1-EDR,HardhatNetwork/2.29.1/@nomicfoundation/edr/0.3.8,osaka,31337,primary,primary-plonk-d15,plonk,15,5,24,verify_proof_direct,tx,PLK-d15-p2,2,10240,A0,verifier,PlonkVerifierDepth15,0x5FbDB2315678afecb367f032d93F642f64180aa3,14,1000000,1,1,,,,,1,290733,804,1,3213,12852,53130,0,33852,256881,0,,,,,,48081f6dde67f024bc5f447cc8e86d4ea1ca339ca6bff5c9212809db2e5934a0,0x953f2516a236a3cf4472a2743836a680d315f62b509f93c54e8122f62768fa8f,15,0,bookkeeping_only
CSI-CHAIN-LOCAL-01,full-71a5854-20260925T115726Z-edr-a,full,L1-EDR,HardhatNetwork/2.29.1/@nomicfoundation/edr/0.3.8,osaka,31337,primary,primary-plonk-d15,plonk,15,5,25,verify_proof_direct,tx,PLK-d15-p3,3,14336,A0,verifier,PlonkVerifierDepth15,0x5FbDB2315678afecb367f032d93F642f64180aa3,15,1000000,1,1,,,,,1,291871,804,2,3210,12840,53100,0,33840,258031,0,,,,,,81635e1c61e985a8dd2799a9ab6587d59d2148b3792298760b4429e5cbba272a,0xfa3736ef5b86eca5374971a89e016d016fa6e35e21feab05230dc9e4af13a59a,16,0,bookkeeping_only
CSI-CHAIN-LOCAL-01,full-71a5854-20260925T115726Z-edr-a,full,L1-EDR,HardhatNetwork/2.29.1/@nomicfoundation/edr/0.3.8,osaka,31337,primary,primary-plonk-d15,plonk,15,5,26,verify_proof_direct,tx,PLK-d15-p4,4,18432,A0,verifier,PlonkVerifierDepth15,0x5FbDB2315678afecb367f032d93F642f64180aa3,16,1000000,1,1,,,,,1,291235,804,3,3207,12828,53070,0,33828,257407,0,,,,,,e3bea8912047f3b90f8ddc5735ebf4506a7ee99793194ca0ba004e5f9da453bd,0x3f5dba87f8f56b3d2884f3db2dc510e35b20da755ff83763d9ac1a13ae7a7a69,17,0,bookkeeping_only
CSI-CHAIN-LOCAL-01,full-71a5854-20260925T115726Z-edr-a,full,L1-EDR,HardhatNetwork/2.29.1/@nomicfoundation/edr/0.3.8,osaka,31337,primary,primary-plonk-d15,plonk,15,5,27,verify_proof_direct,tx,PLK-d15-p5,5,22528,A0,verifier,PlonkVerifierDepth15,0x5FbDB2315678afecb367f032d93F642f64180aa3,17,1000000,1,1,,,,,1,290905,804,4,3204,12816,53040,0,33816,257089,0,,,,,,56a87f3134bf974cea820e4d10b2a97d9525e2270aa448a31cd773befd847fc9,0x5344cefe1a854bffbde28168c3d6797948decd5f3ffe74eba4bb5907024d3776,18,0,bookkeeping_only
CSI-CHAIN-LOCAL-01,full-71a5854-20260925T115726Z-edr-a,full,L1-EDR,HardhatNetwork/2.29.1/@nomicfoundation/edr/0.3.8,osaka,31337,primary,primary-plonk-d15,plonk,15,5,28,verify_proof_direct,tx,PLK-d15-p6,6,26624,A0,verifier,PlonkVerifierDepth15,0x5FbDB2315678afecb367f032d93F642f64180aa3,18,1000000,1,1,,,,,1,291541,804,3,3207,12828,53070,0,33828,257713,0,,,,,,1ef3d5200151bed3af70aa8b056242abd5aea670466a0f7996c83b417a459079,0xabad384b5c902883b9bfef509c842955b62ee22ab127729fc10c89d5955f7696,19,0,bookkeeping_only
CSI-CHAIN-LOCAL-01,full-71a5854-20260925T115726Z-edr-a,full,L1-EDR,HardhatNetwork/2.29.1/@nomicfoundation/edr/0.3.8,osaka,31337,primary,primary-plonk-d15,plonk,15,5,29,verify_proof_direct,tx,PLK-d15-p7,7,30720,A0,verifier,PlonkVerifierDepth15,0x5FbDB2315678afecb367f032d93F642f64180aa3,19,1000000,1,1,,,,,1,291651,804,3,3207,12828,53070,0,33828,257823,0,,,,,,7f3024b86b76d419a8050a8bef69f971f0faaea495f1d48b77f46bc9008e0ba3,0xdf76c84a4406aa30c827d4a454657c721d106f2b36a11afccbf34307ef59e9c0,20,0,bookkeeping_only
CSI-CHAIN-LOCAL-01,full-71a5854-20260925T115726Z-edr-a,full,L1-EDR,HardhatNetwork/2.29.1/@nomicfoundation/edr/0.3.8,osaka,31337,primary,primary-plonk-d15,plonk,15,5,30,neg_unknown_root,tx,PLK-d5-p0,0,2,A0,manager,CredentialManagerPlonk,0xe7f1725E7734CE288F8367e1Bb143E90bb3F0512,20,3000000,0,0,Invalid root,Invalid root,,,1,53040,804,4,3204,12816,53040,0,33816,19224,1,,,,,,43edca5dc105fc7a2008617ce100ed5d4b4dfcfbb283d718f619c9c958c213d5,0x72c2ec67437dfcd123b56aa104efa1d16bed1a60c90dcb537df035f8ee644b47,21,0,bookkeeping_only
CSI-CHAIN-LOCAL-01,full-71a5854-20260925T115726Z-edr-a,full,L1-EDR,HardhatNetwork/2.29.1/@nomicfoundation/edr/0.3.8,osaka,31337,primary,primary-plonk-d15,plonk,15,5,31,neg_tampered_call,call,PLK-d15-p0,0,2048,A0,verifier,PlonkVerifierDepth15,0x5FbDB2315678afecb367f032d93F642f64180aa3,,,call,call,,,false,false,1,,804,5,3201,,,,,,,,,,,,ffa4dedc4873eeb4451c105175a22d81f2f883276433c3774b768fd7a7fbe2cd,,,,bookkeeping_only
CSI-CHAIN-LOCAL-01,full-71a5854-20260925T115726Z-edr-a,full,L1-EDR,HardhatNetwork/2.29.1/@nomicfoundation/edr/0.3.8,osaka,31337,primary,primary-plonk-d15,plonk,15,5,32,neg_tampered,tx,PLK-d15-p0,0,2048,A0,manager,CredentialManagerPlonk,0xe7f1725E7734CE288F8367e1Bb143E90bb3F0512,21,3000000,0,0,Invalid proof,Invalid proof,,,1,298446,804,5,3201,12804,53010,0,33804,264642,0,,,,,,1cf0ac1fa5805d47a889d376d9574a13791ad20890e234265c09b7ec0b6f473e,0x7f02da5f5681b8d83500cc2dc8c06fc23c823e5424c9e65efd2ffeaf96b72080,22,0,bookkeeping_only
CSI-CHAIN-LOCAL-01,full-71a5854-20260925T115726Z-edr-a,full,L1-EDR,HardhatNetwork/2.29.1/@nomicfoundation/edr/0.3.8,osaka,31337,primary,primary-plonk-d15,plonk,15,5,33,neg_cross_depth_setup,tx,PLK-d5-p0,0,2,A0,manager,CredentialManagerPlonk,0xe7f1725E7734CE288F8367e1Bb143E90bb3F0512,22,300000,1,1,,,,,1,47334,36,1,141,564,22410,0,21564,25770,0,,,,,,b91c4cff980f8874fb8d0fca3dd2b3046defc125bb26b20f9f41f40dec3d44ad,0xe55596b0f474ddf2bb6319a2c73d26ba0a75366ff5edb4f16d3be6db8e9a5293,23,0,bookkeeping_only
CSI-CHAIN-LOCAL-01,full-71a5854-20260925T115726Z-edr-a,full,L1-EDR,HardhatNetwork/2.29.1/@nomicfoundation/edr/0.3.8,osaka,31337,primary,primary-plonk-d15,plonk,15,5,34,neg_cross_depth_call,call,PLK-d5-p0,0,2,A0,verifier,PlonkVerifierDepth15,0x5FbDB2315678afecb367f032d93F642f64180aa3,,,call,call,,,false,false,1,,804,4,3204,,,,,,,,,,,,315d3ac17962361c7786a0a69b96507826e7200eb0f41d726d0c5b3e60c1664f,,,,bookkeeping_only
CSI-CHAIN-LOCAL-01,full-71a5854-20260925T115726Z-edr-a,full,L1-EDR,HardhatNetwork/2.29.1/@nomicfoundation/edr/0.3.8,osaka,31337,primary,primary-plonk-d15,plonk,15,5,35,neg_cross_depth,tx,PLK-d5-p0,0,2,A0,manager,CredentialManagerPlonk,0xe7f1725E7734CE288F8367e1Bb143E90bb3F0512,23,3000000,0,0,Invalid proof,Invalid proof,,,1,298776,804,4,3204,12816,53040,0,33816,264960,0,,,,,,43edca5dc105fc7a2008617ce100ed5d4b4dfcfbb283d718f619c9c958c213d5,0x9fe217d158bb45c88c0f7526468344dfa85cca1dfec2b6153b229905cbc7bfdc,24,0,bookkeeping_only
CSI-CHAIN-LOCAL-01,full-71a5854-20260925T115726Z-edr-a,full,L1-EDR,HardhatNetwork/2.29.1/@nomicfoundation/edr/0.3.8,osaka,31337,primary,primary-plonk-d15,plonk,15,5,36,neg_non_issuer,tx,PLK-d15-p0,0,2048,A1,manager,CredentialManagerPlonk,0xe7f1725E7734CE288F8367e1Bb143E90bb3F0512,0,300000,0,0,CredentialManager: not issuer,CredentialManager: not issuer,,,1,24183,36,0,144,576,22440,0,21576,2607,0,,,,,,f2931f0aaf26f5d51c33dadce13833370940a08948160921859c7fe776ca5aa8,0xdc21d0daaf3947ac769a22ffe47a7bc8043c722f3230dd1cd324d20d4c7733f1,25,0,bookkeeping_only
CSI-CHAIN-LOCAL-01,full-71a5854-20260925T115726Z-edr-a,full,L1-EDR,HardhatNetwork/2.29.1/@nomicfoundation/edr/0.3.8,osaka,31337,bridge,bridge-groth16-d11,groth16,11,15,1,deploy_verifier,tx,,,,A0,,Groth16LegacyVerifierDepth11,0x5FbDB2315678afecb367f032d93F642f64180aa3,0,6000000,1,1,,,,,1,384793,1567,60,6088,24352,81880,32098,77450,307343,0,307000,1567,1535,0x0e65d748105159ae8bfa14f6a206b40ce70b830c5d4a9980e07bb7b5bc43207c,1,0bb6c9cc23e5aeacef4be224d7c37d498cd56f6ea0522c1ae811147df65ab81b,0xa158e952d4f4c48566cbd11f57c591e34cf87c83ec3be451418fb0fe2d0609ac,1,0,bookkeeping_only
CSI-CHAIN-LOCAL-01,full-71a5854-20260925T115726Z-edr-a,full,L1-EDR,HardhatNetwork/2.29.1/@nomicfoundation/edr/0.3.8,osaka,31337,bridge,bridge-groth16-d11,groth16,11,15,2,deploy_manager,tx,,,,A0,,CredentialManager,0xe7f1725E7734CE288F8367e1Bb143E90bb3F0512,1,6000000,1,1,,,,,1,1525514,7758,832,28536,114144,306360,32486,167630,1357884,0,1306200,7758,6531,0x7c4e7f1c7b93eeff11b761f6819809d75799cba4b166fcda2549a84730f211d6,1,a10bc866b0ef7a8b2e9b4d909860cbffe47932de06678a5783534e449226c942,0x8d8aed028e1e462d3185cf8241139ea75f71d702129a099b760c7e006a728819,2,0,bookkeeping_only
CSI-CHAIN-LOCAL-01,full-71a5854-20260925T115726Z-edr-a,full,L1-EDR,HardhatNetwork/2.29.1/@nomicfoundation/edr/0.3.8,osaka,31337,bridge,bridge-groth16-d11,groth16,11,15,3,set_issuer,tx,,,,A0,manager,CredentialManager,0xe7f1725E7734CE288F8367e1Bb143E90bb3F0512,2,300000,1,1,,,,,1,48410,68,43,143,572,22430,0,21572,26838,0,,,,,,727fd06686258f939093f54b4f3c375b0f3052da4ba7867e73d6f93a90702a06,0xcde6d7bbbf9472da7ac2a0339705e4e7204cb790bd18af10b95107cde2a5cd23,3,0,bookkeeping_only
CSI-CHAIN-LOCAL-01,full-71a5854-20260925T115726Z-edr-a,full,L1-EDR,HardhatNetwork/2.29.1/@nomicfoundation/edr/0.3.8,osaka,31337,bridge,bridge-groth16-d11,groth16,11,15,4,add_root,tx,,,,A0,manager,CredentialManager,0xe7f1725E7734CE288F8367e1Bb143E90bb3F0512,3,300000,1,1,,,,,1,51326,36,1,141,564,22410,0,21564,29762,0,,,,,,d02fee54c295d1b5cc2948d9c79837ece40c0013835e3b9bb349e94ae744e758,0x582c41ec8a71d6c42fde6f7d2283f3c3b7aaac713729097b09b1b7ab00970c6c,4,0,bookkeeping_only
CSI-CHAIN-LOCAL-01,full-71a5854-20260925T115726Z-edr-a,full,L1-EDR,HardhatNetwork/2.29.1/@nomicfoundation/edr/0.3.8,osaka,31337,bridge,bridge-groth16-d11,groth16,11,15,5,precheck_call,call,G16-d11-p0,0,128,A0,manager,CredentialManager,0xe7f1725E7734CE288F8367e1Bb143E90bb3F0512,,,call,call,,,true,true,1,,292,2,1162,,,,,,,,,,,,ca9621b912a5f11cbb8dd875c48c9971287be9dbbe4454fcd36230ca7d465efc,,,,bookkeeping_only
CSI-CHAIN-LOCAL-01,full-71a5854-20260925T115726Z-edr-a,full,L1-EDR,HardhatNetwork/2.29.1/@nomicfoundation/edr/0.3.8,osaka,31337,bridge,bridge-groth16-d11,groth16,11,15,6,verify_credential,tx,G16-d11-p0,0,128,A0,manager,CredentialManager,0xe7f1725E7734CE288F8367e1Bb143E90bb3F0512,4,1000000,1,1,,,,,1,239229,292,2,1162,4648,32620,0,25648,213581,0,,,,,,ca9621b912a5f11cbb8dd875c48c9971287be9dbbe4454fcd36230ca7d465efc,0x975793bd3134daec368a136c6c9add1f78a32c9921e239c7e805ecb7e92b2a20,5,0,bookkeeping_only
CSI-CHAIN-LOCAL-01,full-71a5854-20260925T115726Z-edr-a,full,L1-EDR,HardhatNetwork/2.29.1/@nomicfoundation/edr/0.3.8,osaka,31337,bridge,bridge-groth16-d11,groth16,11,15,7,verify_credential,tx,G16-d11-p1,1,384,A0,manager,CredentialManager,0xe7f1725E7734CE288F8367e1Bb143E90bb3F0512,5,1000000,1,1,,,,,1,239241,292,1,1165,4660,32650,0,25660,213581,0,,,,,,639c80471b559309e712f4c4ac80bdbc80d6df2460bd4c3bf55546677a3942c6,0x6884725d2c1640116b76a662d699aa6f2e19689432539744bf79d2808295d8fd,6,0,bookkeeping_only
CSI-CHAIN-LOCAL-01,full-71a5854-20260925T115726Z-edr-a,full,L1-EDR,HardhatNetwork/2.29.1/@nomicfoundation/edr/0.3.8,osaka,31337,bridge,bridge-groth16-d11,groth16,11,15,8,verify_credential,tx,G16-d11-p2,2,640,A0,manager,CredentialManager,0xe7f1725E7734CE288F8367e1Bb143E90bb3F0512,6,1000000,1,1,,,,,1,239241,292,1,1165,4660,32650,0,25660,213581,0,,,,,,a0d019788870875208b17503c52382242ecc7ef389c425030689cc5878f2facd,0x61094895e069dad27def7445892c74a6f2a75b43ea8d4673f23323df786fb57c,7,0,bookkeeping_only
CSI-CHAIN-LOCAL-01,full-71a5854-20260925T115726Z-edr-a,full,L1-EDR,HardhatNetwork/2.29.1/@nomicfoundation/edr/0.3.8,osaka,31337,bridge,bridge-groth16-d11,groth16,11,15,9,verify_credential,tx,G16-d11-p3,3,896,A0,manager,CredentialManager,0xe7f1725E7734CE288F8367e1Bb143E90bb3F0512,7,1000000,1,1,,,,,1,239229,292,2,1162,4648,32620,0,25648,213581,0,,,,,,44d222ad348d08cbb4c15c476f3f9e766c7b457489111eea40cf8035a9d57bfc,0x131ec55d003a74e169e828c641744ef34fee5448e7fd4e025542a9864a5bab9d,8,0,bookkeeping_only
CSI-CHAIN-LOCAL-01,full-71a5854-20260925T115726Z-edr-a,full,L1-EDR,HardhatNetwork/2.29.1/@nomicfoundation/edr/0.3.8,osaka,31337,bridge,bridge-groth16-d11,groth16,11,15,10,verify_credential,tx,G16-d11-p4,4,1152,A0,manager,CredentialManager,0xe7f1725E7734CE288F8367e1Bb143E90bb3F0512,8,1000000,1,1,,,,,1,239217,292,3,1159,4636,32590,0,25636,213581,0,,,,,,64ac10112def869faad27edcff3a1f184b4d69c408dd4ef9ba2791e00fbf2f70,0x2b39d2c4b2b500d45cbbef9502258b574e485690b08e5d8ec2b49c37602d6c23,9,0,bookkeeping_only
CSI-CHAIN-LOCAL-01,full-71a5854-20260925T115726Z-edr-a,full,L1-EDR,HardhatNetwork/2.29.1/@nomicfoundation/edr/0.3.8,osaka,31337,bridge,bridge-groth16-d11,groth16,11,15,11,verify_credential,tx,G16-d11-p5,5,1408,A0,manager,CredentialManager,0xe7f1725E7734CE288F8367e1Bb143E90bb3F0512,9,1000000,1,1,,,,,1,239217,292,3,1159,4636,32590,0,25636,213581,0,,,,,,0848907a05b5de2619814ca98c726689da9e07fb5de876c5f73602f5aecac8d5,0x96c21d6d657cc925e27b4d5c4dcc60535ec20d76c85f57acb1e0cbfa1aa222bf,10,0,bookkeeping_only
CSI-CHAIN-LOCAL-01,full-71a5854-20260925T115726Z-edr-a,full,L1-EDR,HardhatNetwork/2.29.1/@nomicfoundation/edr/0.3.8,osaka,31337,bridge,bridge-groth16-d11,groth16,11,15,12,verify_credential,tx,G16-d11-p6,6,1664,A0,manager,CredentialManager,0xe7f1725E7734CE288F8367e1Bb143E90bb3F0512,10,1000000,1,1,,,,,1,239217,292,3,1159,4636,32590,0,25636,213581,0,,,,,,0b038845691778d5ecf554fbad7edc36d34019f4458610826c0f782c2979d705,0xe444c93eaa354e1425014167a7ddab07ae62994d041b2970922fa85ff3df2cf6,11,0,bookkeeping_only
CSI-CHAIN-LOCAL-01,full-71a5854-20260925T115726Z-edr-a,full,L1-EDR,HardhatNetwork/2.29.1/@nomicfoundation/edr/0.3.8,osaka,31337,bridge,bridge-groth16-d11,groth16,11,15,13,verify_credential,tx,G16-d11-p7,7,1920,A0,manager,CredentialManager,0xe7f1725E7734CE288F8367e1Bb143E90bb3F0512,11,1000000,1,1,,,,,1,239241,292,1,1165,4660,32650,0,25660,213581,0,,,,,,d12dd5a363059bb0a0018565ad35b45baaed224644c5e64c88f49a6eccf031c3,0x6705027a2178b4c5ac7bb6c73afef033341579d9e70968764d09e502ad8d4f6a,12,0,bookkeeping_only
CSI-CHAIN-LOCAL-01,full-71a5854-20260925T115726Z-edr-a,full,L1-EDR,HardhatNetwork/2.29.1/@nomicfoundation/edr/0.3.8,osaka,31337,bridge,bridge-groth16-d11,groth16,11,15,14,verify_proof_call,call,G16-d11-p0,0,128,A0,verifier,Groth16LegacyVerifierDepth11,0x5FbDB2315678afecb367f032d93F642f64180aa3,,,call,call,,,true,true,1,,292,2,1162,,,,,,,,,,,,5bc6f0de4752c6450808a69e77e384f62a63422d6390520d86938db713353393,,,,bookkeeping_only
CSI-CHAIN-LOCAL-01,full-71a5854-20260925T115726Z-edr-a,full,L1-EDR,HardhatNetwork/2.29.1/@nomicfoundation/edr/0.3.8,osaka,31337,bridge,bridge-groth16-d11,groth16,11,15,15,verify_proof_call,call,G16-d11-p1,1,384,A0,verifier,Groth16LegacyVerifierDepth11,0x5FbDB2315678afecb367f032d93F642f64180aa3,,,call,call,,,true,true,1,,292,1,1165,,,,,,,,,,,,efa885aac2e9479c43fe12f6847995b17d8af96513378cc2c1d26e9d055da7b6,,,,bookkeeping_only
CSI-CHAIN-LOCAL-01,full-71a5854-20260925T115726Z-edr-a,full,L1-EDR,HardhatNetwork/2.29.1/@nomicfoundation/edr/0.3.8,osaka,31337,bridge,bridge-groth16-d11,groth16,11,15,16,verify_proof_call,call,G16-d11-p2,2,640,A0,verifier,Groth16LegacyVerifierDepth11,0x5FbDB2315678afecb367f032d93F642f64180aa3,,,call,call,,,true,true,1,,292,1,1165,,,,,,,,,,,,1c147d59cc572d343a1e8e2aa749baf09252f70a647b83a025998f089baf4314,,,,bookkeeping_only
CSI-CHAIN-LOCAL-01,full-71a5854-20260925T115726Z-edr-a,full,L1-EDR,HardhatNetwork/2.29.1/@nomicfoundation/edr/0.3.8,osaka,31337,bridge,bridge-groth16-d11,groth16,11,15,17,verify_proof_call,call,G16-d11-p3,3,896,A0,verifier,Groth16LegacyVerifierDepth11,0x5FbDB2315678afecb367f032d93F642f64180aa3,,,call,call,,,true,true,1,,292,2,1162,,,,,,,,,,,,2fbdfdd45ebdc64fe7acb287054cddc5aaf6fe7ea8c957460799f49e7a023e66,,,,bookkeeping_only
CSI-CHAIN-LOCAL-01,full-71a5854-20260925T115726Z-edr-a,full,L1-EDR,HardhatNetwork/2.29.1/@nomicfoundation/edr/0.3.8,osaka,31337,bridge,bridge-groth16-d11,groth16,11,15,18,verify_proof_call,call,G16-d11-p4,4,1152,A0,verifier,Groth16LegacyVerifierDepth11,0x5FbDB2315678afecb367f032d93F642f64180aa3,,,call,call,,,true,true,1,,292,3,1159,,,,,,,,,,,,8ee79a385961861f0584a8cc07e1ac2143ddddfb5aff9524d32bd25fa77eee7e,,,,bookkeeping_only
CSI-CHAIN-LOCAL-01,full-71a5854-20260925T115726Z-edr-a,full,L1-EDR,HardhatNetwork/2.29.1/@nomicfoundation/edr/0.3.8,osaka,31337,bridge,bridge-groth16-d11,groth16,11,15,19,verify_proof_call,call,G16-d11-p5,5,1408,A0,verifier,Groth16LegacyVerifierDepth11,0x5FbDB2315678afecb367f032d93F642f64180aa3,,,call,call,,,true,true,1,,292,3,1159,,,,,,,,,,,,13313b6af35602ffa5ef1ea582e8157c92d0fa235c2451b2d167238a0d99b0db,,,,bookkeeping_only
CSI-CHAIN-LOCAL-01,full-71a5854-20260925T115726Z-edr-a,full,L1-EDR,HardhatNetwork/2.29.1/@nomicfoundation/edr/0.3.8,osaka,31337,bridge,bridge-groth16-d11,groth16,11,15,20,verify_proof_call,call,G16-d11-p6,6,1664,A0,verifier,Groth16LegacyVerifierDepth11,0x5FbDB2315678afecb367f032d93F642f64180aa3,,,call,call,,,true,true,1,,292,3,1159,,,,,,,,,,,,97dcf0752aff5768c43511010524f8845e4a9b3d98d7209cb75d830bb8e5a8ec,,,,bookkeeping_only
CSI-CHAIN-LOCAL-01,full-71a5854-20260925T115726Z-edr-a,full,L1-EDR,HardhatNetwork/2.29.1/@nomicfoundation/edr/0.3.8,osaka,31337,bridge,bridge-groth16-d11,groth16,11,15,21,verify_proof_call,call,G16-d11-p7,7,1920,A0,verifier,Groth16LegacyVerifierDepth11,0x5FbDB2315678afecb367f032d93F642f64180aa3,,,call,call,,,true,true,1,,292,1,1165,,,,,,,,,,,,72eebe6c87a27b1c9fd074143c7d39950e530a76e30b35c9a17507790d335537,,,,bookkeeping_only
CSI-CHAIN-LOCAL-01,full-71a5854-20260925T115726Z-edr-a,full,L1-EDR,HardhatNetwork/2.29.1/@nomicfoundation/edr/0.3.8,osaka,31337,bridge,bridge-groth16-d11,groth16,11,15,22,verify_proof_direct,tx,G16-d11-p0,0,128,A0,verifier,Groth16LegacyVerifierDepth11,0x5FbDB2315678afecb367f032d93F642f64180aa3,12,1000000,1,1,,,,,1,214794,292,2,1162,4648,32620,0,25648,189146,0,,,,,,5bc6f0de4752c6450808a69e77e384f62a63422d6390520d86938db713353393,0xf565c040862f0149acfe3899a3f3954e426b0189a399f0ed8a06cf87604214d9,13,0,bookkeeping_only
CSI-CHAIN-LOCAL-01,full-71a5854-20260925T115726Z-edr-a,full,L1-EDR,HardhatNetwork/2.29.1/@nomicfoundation/edr/0.3.8,osaka,31337,bridge,bridge-groth16-d11,groth16,11,15,23,verify_proof_direct,tx,G16-d11-p1,1,384,A0,verifier,Groth16LegacyVerifierDepth11,0x5FbDB2315678afecb367f032d93F642f64180aa3,13,1000000,1,1,,,,,1,214806,292,1,1165,4660,32650,0,25660,189146,0,,,,,,efa885aac2e9479c43fe12f6847995b17d8af96513378cc2c1d26e9d055da7b6,0x5ce304ac464da09293376992362ae7618f60c1bf6afda6399578511bd10a20af,14,0,bookkeeping_only
CSI-CHAIN-LOCAL-01,full-71a5854-20260925T115726Z-edr-a,full,L1-EDR,HardhatNetwork/2.29.1/@nomicfoundation/edr/0.3.8,osaka,31337,bridge,bridge-groth16-d11,groth16,11,15,24,verify_proof_direct,tx,G16-d11-p2,2,640,A0,verifier,Groth16LegacyVerifierDepth11,0x5FbDB2315678afecb367f032d93F642f64180aa3,14,1000000,1,1,,,,,1,214806,292,1,1165,4660,32650,0,25660,189146,0,,,,,,1c147d59cc572d343a1e8e2aa749baf09252f70a647b83a025998f089baf4314,0xdc59dc110d7690f9d3fad0ead20fe3c9f1470aa5b69fe049da4bf28b7474094b,15,0,bookkeeping_only
CSI-CHAIN-LOCAL-01,full-71a5854-20260925T115726Z-edr-a,full,L1-EDR,HardhatNetwork/2.29.1/@nomicfoundation/edr/0.3.8,osaka,31337,bridge,bridge-groth16-d11,groth16,11,15,25,verify_proof_direct,tx,G16-d11-p3,3,896,A0,verifier,Groth16LegacyVerifierDepth11,0x5FbDB2315678afecb367f032d93F642f64180aa3,15,1000000,1,1,,,,,1,214794,292,2,1162,4648,32620,0,25648,189146,0,,,,,,2fbdfdd45ebdc64fe7acb287054cddc5aaf6fe7ea8c957460799f49e7a023e66,0xbfae1bf70635d04a530c5f31cd1fa40f2665aed2b5e2b4f743e5ed838f87b3cb,16,0,bookkeeping_only
CSI-CHAIN-LOCAL-01,full-71a5854-20260925T115726Z-edr-a,full,L1-EDR,HardhatNetwork/2.29.1/@nomicfoundation/edr/0.3.8,osaka,31337,bridge,bridge-groth16-d11,groth16,11,15,26,verify_proof_direct,tx,G16-d11-p4,4,1152,A0,verifier,Groth16LegacyVerifierDepth11,0x5FbDB2315678afecb367f032d93F642f64180aa3,16,1000000,1,1,,,,,1,214782,292,3,1159,4636,32590,0,25636,189146,0,,,,,,8ee79a385961861f0584a8cc07e1ac2143ddddfb5aff9524d32bd25fa77eee7e,0x739c2614fbc7c67a9626cb87df48d876b64e37bc72217c832d54d1b767eae1d8,17,0,bookkeeping_only
CSI-CHAIN-LOCAL-01,full-71a5854-20260925T115726Z-edr-a,full,L1-EDR,HardhatNetwork/2.29.1/@nomicfoundation/edr/0.3.8,osaka,31337,bridge,bridge-groth16-d11,groth16,11,15,27,verify_proof_direct,tx,G16-d11-p5,5,1408,A0,verifier,Groth16LegacyVerifierDepth11,0x5FbDB2315678afecb367f032d93F642f64180aa3,17,1000000,1,1,,,,,1,214782,292,3,1159,4636,32590,0,25636,189146,0,,,,,,13313b6af35602ffa5ef1ea582e8157c92d0fa235c2451b2d167238a0d99b0db,0x78ffcb5281cab963e97678d3aa24a7e4515fe8cfebdc6fb69b8754cf894f1b6e,18,0,bookkeeping_only
CSI-CHAIN-LOCAL-01,full-71a5854-20260925T115726Z-edr-a,full,L1-EDR,HardhatNetwork/2.29.1/@nomicfoundation/edr/0.3.8,osaka,31337,bridge,bridge-groth16-d11,groth16,11,15,28,verify_proof_direct,tx,G16-d11-p6,6,1664,A0,verifier,Groth16LegacyVerifierDepth11,0x5FbDB2315678afecb367f032d93F642f64180aa3,18,1000000,1,1,,,,,1,214782,292,3,1159,4636,32590,0,25636,189146,0,,,,,,97dcf0752aff5768c43511010524f8845e4a9b3d98d7209cb75d830bb8e5a8ec,0x12c4b92b14d4d83f54fa1cd11f28c6054759b2b860b0a630d3d53a27e554bd0e,19,0,bookkeeping_only
CSI-CHAIN-LOCAL-01,full-71a5854-20260925T115726Z-edr-a,full,L1-EDR,HardhatNetwork/2.29.1/@nomicfoundation/edr/0.3.8,osaka,31337,bridge,bridge-groth16-d11,groth16,11,15,29,verify_proof_direct,tx,G16-d11-p7,7,1920,A0,verifier,Groth16LegacyVerifierDepth11,0x5FbDB2315678afecb367f032d93F642f64180aa3,19,1000000,1,1,,,,,1,214806,292,1,1165,4660,32650,0,25660,189146,0,,,,,,72eebe6c87a27b1c9fd074143c7d39950e530a76e30b35c9a17507790d335537,0xffb01dd204018638a2b13fe6d3e56822a2fc7eb8bbbd49a142c67c945aa3684a,20,0,bookkeeping_only
CSI-CHAIN-LOCAL-01,full-71a5854-20260925T115726Z-edr-a,full,L1-EDR,HardhatNetwork/2.29.1/@nomicfoundation/edr/0.3.8,osaka,31337,bridge,bridge-groth16-d11,groth16,11,15,30,neg_unknown_root,tx,G16-d15-p0,0,2048,A0,manager,CredentialManager,0xe7f1725E7734CE288F8367e1Bb143E90bb3F0512,20,3000000,0,0,Invalid root,Invalid root,,,1,37630,292,0,1168,4672,32680,0,25672,11958,0,,,,,,1ce3baf053b44ac9c96d03a3ffb948677aa627e3073963fb9a5209d034620599,0x5fc2f064d3af495728629eff4e83fa1c619c56b44d972f36bab464e6d8627c2b,21,0,bookkeeping_only
CSI-CHAIN-LOCAL-01,full-71a5854-20260925T115726Z-edr-a,full,L1-EDR,HardhatNetwork/2.29.1/@nomicfoundation/edr/0.3.8,osaka,31337,bridge,bridge-groth16-d11,groth16,11,15,31,neg_tampered_call,call,G16-d11-p0,0,128,A0,verifier,Groth16LegacyVerifierDepth11,0x5FbDB2315678afecb367f032d93F642f64180aa3,,,call,call,,,false,false,1,,292,2,1162,,,,,,,,,,,,978167ce868bdde21a4e446ff192d661cfbe5e9a94cf2ab3bb651c1803218a1e,,,,bookkeeping_only
CSI-CHAIN-LOCAL-01,full-71a5854-20260925T115726Z-edr-a,full,L1-EDR,HardhatNetwork/2.29.1/@nomicfoundation/edr/0.3.8,osaka,31337,bridge,bridge-groth16-d11,groth16,11,15,32,neg_tampered,tx,G16-d11-p0,0,128,A0,manager,CredentialManager,0xe7f1725E7734CE288F8367e1Bb143E90bb3F0512,21,3000000,0,0,Invalid proof,Invalid proof,,,1,2910308,292,2,1162,4648,32620,0,25648,2884660,0,,,,,,4600ea442b9dade6481bb2b6be2cf2ffc3335fa332050a02a4626b27822cfb63,0x684dcc9758ae3b4dcc8f41ff545138652bd4730aa8586ccb7ef3c104949116be,22,0,bookkeeping_only
CSI-CHAIN-LOCAL-01,full-71a5854-20260925T115726Z-edr-a,full,L1-EDR,HardhatNetwork/2.29.1/@nomicfoundation/edr/0.3.8,osaka,31337,bridge,bridge-groth16-d11,groth16,11,15,33,neg_cross_depth_setup,tx,G16-d15-p0,0,2048,A0,manager,CredentialManager,0xe7f1725E7734CE288F8367e1Bb143E90bb3F0512,22,300000,1,1,,,,,1,51338,36,0,144,576,22440,0,21576,29762,0,,,,,,f2931f0aaf26f5d51c33dadce13833370940a08948160921859c7fe776ca5aa8,0x1797eea1df066c6439fc9ddc64c57983aece1958ef1e2bbf5a0d044e6cf0caef,23,0,bookkeeping_only
CSI-CHAIN-LOCAL-01,full-71a5854-20260925T115726Z-edr-a,full,L1-EDR,HardhatNetwork/2.29.1/@nomicfoundation/edr/0.3.8,osaka,31337,bridge,bridge-groth16-d11,groth16,11,15,34,neg_cross_depth_call,call,G16-d15-p0,0,2048,A0,verifier,Groth16LegacyVerifierDepth11,0x5FbDB2315678afecb367f032d93F642f64180aa3,,,call,call,,,false,false,1,,292,0,1168,,,,,,,,,,,,c1fa14b5797405497200d6957b5158faa30002873d39b43b4fd1ea982ca39ae2,,,,bookkeeping_only
CSI-CHAIN-LOCAL-01,full-71a5854-20260925T115726Z-edr-a,full,L1-EDR,HardhatNetwork/2.29.1/@nomicfoundation/edr/0.3.8,osaka,31337,bridge,bridge-groth16-d11,groth16,11,15,35,neg_cross_depth,tx,G16-d15-p0,0,2048,A0,manager,CredentialManager,0xe7f1725E7734CE288F8367e1Bb143E90bb3F0512,23,3000000,0,0,Invalid proof,Invalid proof,,,1,238106,292,0,1168,4672,32680,0,25672,212434,0,,,,,,1ce3baf053b44ac9c96d03a3ffb948677aa627e3073963fb9a5209d034620599,0x31272fa18b6f6b891142f2bd95a4c6353bbf1c51588fef0ba3e6ceda99d542d1,24,0,bookkeeping_only
CSI-CHAIN-LOCAL-01,full-71a5854-20260925T115726Z-edr-a,full,L1-EDR,HardhatNetwork/2.29.1/@nomicfoundation/edr/0.3.8,osaka,31337,bridge,bridge-groth16-d11,groth16,11,15,36,neg_non_issuer,tx,G16-d11-p0,0,128,A1,manager,CredentialManager,0xe7f1725E7734CE288F8367e1Bb143E90bb3F0512,0,300000,0,0,CredentialManager: not issuer,CredentialManager: not issuer,,,1,24630,36,1,141,564,22410,0,21564,3066,0,,,,,,d02fee54c295d1b5cc2948d9c79837ece40c0013835e3b9bb349e94ae744e758,0xeb75b02a0eeccf32dcae685f08f0702eed74d18d99c25b4ffe557dbb1957502a,25,0,bookkeeping_only
